ISO-10303-21;
HEADER;
FILE_DESCRIPTION (( 'STEP AP214' ),
    '1' );
FILE_NAME ('TX21-33015S-24.576-R.STEP',
    '2025-01-17T13:53:54',
    ( '' ),
    ( '' ),
    'SwSTEP 2.0',
    'SolidWorks 2021',
    '' );
FILE_SCHEMA (( 'AUTOMOTIVE_DESIGN' ));
ENDSEC;

DATA;
#1 = VERTEX_POINT ( 'NONE', #2305 ) ;
#2 = ORIENTED_EDGE ( 'NONE', *, *, #3532, .F. ) ;
#3 = ORIENTED_EDGE ( 'NONE', *, *, #1988, .T. ) ;
#4 = EDGE_CURVE ( 'NONE', #415, #2109, #3638, .T. ) ;
#5 = ORIENTED_EDGE ( 'NONE', *, *, #3276, .F. ) ;
#6 = ORIENTED_EDGE ( 'NONE', *, *, #2999, .F. ) ;
#7 = CIRCLE ( 'NONE', #1347, 0.1000000000000001582 ) ;
#8 = DIRECTION ( 'NONE',  ( 0.000000000000000000, 0.000000000000000000, 1.000000000000000000 ) ) ;
#9 = LINE ( 'NONE', #2244, #3295 ) ;
#10 = VERTEX_POINT ( 'NONE', #2958 ) ;
#11 = VECTOR ( 'NONE', #1653, 1000.000000000000000 ) ;
#12 = DIRECTION ( 'NONE',  ( 0.000000000000000000, -1.000000000000000000, 0.000000000000000000 ) ) ;
#13 = DIRECTION ( 'NONE',  ( 0.000000000000000000, 0.000000000000000000, -1.000000000000000000 ) ) ;
#14 = VECTOR ( 'NONE', #3854, 1000.000000000000000 ) ;
#15 = FACE_OUTER_BOUND ( 'NONE', #1388, .T. ) ;
#16 = AXIS2_PLACEMENT_3D ( 'NONE', #3865, #730, #1984 ) ;
#17 = ORIENTED_EDGE ( 'NONE', *, *, #3962, .T. ) ;
#18 = DIRECTION ( 'NONE',  ( 0.000000000000000000, 1.000000000000000000, 0.000000000000000000 ) ) ;
#19 = DIRECTION ( 'NONE',  ( -0.000000000000000000, -0.000000000000000000, -1.000000000000000000 ) ) ;
#20 = VECTOR ( 'NONE', #4043, 1000.000000000000000 ) ;
#21 = CARTESIAN_POINT ( 'NONE',  ( 0.9300000000000000488, 0.2999999999999999889, -0.2500000000000000000 ) ) ;
#22 = PLANE ( 'NONE',  #285 ) ;
#23 = ORIENTED_EDGE ( 'NONE', *, *, #548, .T. ) ;
#24 = AXIS2_PLACEMENT_3D ( 'NONE', #2850, #3834, #645 ) ;
#25 = ORIENTED_EDGE ( 'NONE', *, *, #2998, .F. ) ;
#26 = VECTOR ( 'NONE', #3689, 1000.000000000000000 ) ;
#27 = COLOUR_RGB ( '',0.2509803921568627416, 0.2509803921568627416, 0.2509803921568627416 ) ;
#28 = ORIENTED_EDGE ( 'NONE', *, *, #2955, .T. ) ;
#29 = ORIENTED_EDGE ( 'NONE', *, *, #3518, .F. ) ;
#30 = ORIENTED_EDGE ( 'NONE', *, *, #2474, .F. ) ;
#31 = ADVANCED_FACE ( 'NONE', ( #3017 ), #2637, .F. ) ;
#32 = CIRCLE ( 'NONE', #1173, 0.2500000000000000000 ) ;
#33 = DIRECTION ( 'NONE',  ( 0.000000000000000000, -1.000000000000000000, 0.000000000000000000 ) ) ;
#34 = CARTESIAN_POINT ( 'NONE',  ( -1.000000000000000000, 0.2999999999999999334, 0.7999999999999999334 ) ) ;
#35 = UNCERTAINTY_MEASURE_WITH_UNIT (LENGTH_MEASURE( 1.000000000000000082E-05 ), #632, 'distance_accuracy_value', 'NONE');
#36 = ORIENTED_EDGE ( 'NONE', *, *, #3388, .T. ) ;
#37 = CARTESIAN_POINT ( 'NONE',  ( 0.3500000000000000333, 0.2999999999999999889, 0.2500000000000000000 ) ) ;
#38 = PLANE ( 'NONE',  #1757 ) ;
#39 = CARTESIAN_POINT ( 'NONE',  ( 0.9300000000000000488, 0.000000000000000000, 0.6592893218813449252 ) ) ;
#40 = VERTEX_POINT ( 'NONE', #3949 ) ;
#41 = CARTESIAN_POINT ( 'NONE',  ( -1.000000000000000000, 0.2999999999999999889, 0.7999999999999999334 ) ) ;
#42 = FACE_OUTER_BOUND ( 'NONE', #3820, .T. ) ;
#43 = PLANE ( 'NONE',  #744 ) ;
#44 = DIRECTION ( 'NONE',  ( 1.000000000000000000, 0.000000000000000000, -2.128853140844177604E-16 ) ) ;
#45 = ORIENTED_EDGE ( 'NONE', *, *, #3004, .F. ) ;
#46 = VECTOR ( 'NONE', #1034, 1000.000000000000000 ) ;
#47 = AXIS2_PLACEMENT_3D ( 'NONE', #2249, #1545, #3465 ) ;
#48 = ORIENTED_EDGE ( 'NONE', *, *, #2523, .T. ) ;
#49 = CARTESIAN_POINT ( 'NONE',  ( -0.6700000000000004841, 0.8000000000000000444, 0.5299999999999999156 ) ) ;
#50 = VECTOR ( 'NONE', #1538, 1000.000000000000000 ) ;
#51 = CIRCLE ( 'NONE', #2064, 0.08125000000000059952 ) ;
#52 = ORIENTED_EDGE ( 'NONE', *, *, #127, .T. ) ;
#53 = ORIENTED_EDGE ( 'NONE', *, *, #2732, .F. ) ;
#54 = ORIENTED_EDGE ( 'NONE', *, *, #2440, .F. ) ;
#55 = VECTOR ( 'NONE', #1479, 1000.000000000000000 ) ;
#56 = DIRECTION ( 'NONE',  ( 0.000000000000000000, 0.000000000000000000, -1.000000000000000000 ) ) ;
#57 = ORIENTED_EDGE ( 'NONE', *, *, #1973, .T. ) ;
#58 = EDGE_CURVE ( 'NONE', #625, #2046, #2040, .T. ) ;
#59 = EDGE_CURVE ( 'NONE', #4076, #2897, #2659, .T. ) ;
#60 = CARTESIAN_POINT ( 'NONE',  ( -0.9300000000000000488, 0.2999999999999999334, 0.6592893218813449252 ) ) ;
#61 = DIRECTION ( 'NONE',  ( 0.000000000000000000, 0.000000000000000000, -1.000000000000000000 ) ) ;
#62 = VERTEX_POINT ( 'NONE', #3320 ) ;
#63 = ADVANCED_FACE ( 'NONE', ( #1039 ), #433, .T. ) ;
#64 = ADVANCED_FACE ( 'NONE', ( #3259 ), #2017, .T. ) ;
#65 = DIRECTION ( 'NONE',  ( 0.000000000000000000, 0.000000000000000000, -1.000000000000000000 ) ) ;
#66 = DIRECTION ( 'NONE',  ( -0.000000000000000000, -1.000000000000000000, -0.000000000000000000 ) ) ;
#67 = VECTOR ( 'NONE', #4068, 1000.000000000000000 ) ;
#68 = PLANE ( 'NONE',  #3622 ) ;
#69 = CARTESIAN_POINT ( 'NONE',  ( -1.000000000000000000, 0.5999999999999999778, -0.7999999999999999334 ) ) ;
#70 = DIRECTION ( 'NONE',  ( 0.000000000000000000, 1.000000000000000000, -0.000000000000000000 ) ) ;
#71 = EDGE_LOOP ( 'NONE', ( #3618, #3499, #3520, #152 ) ) ;
#72 = FACE_OUTER_BOUND ( 'NONE', #658, .T. ) ;
#73 = VECTOR ( 'NONE', #652, 1000.000000000000000 ) ;
#74 = ORIENTED_EDGE ( 'NONE', *, *, #2138, .F. ) ;
#75 = VERTEX_POINT ( 'NONE', #1082 ) ;
#76 = DIRECTION ( 'NONE',  ( 0.000000000000000000, 0.000000000000000000, -1.000000000000000000 ) ) ;
#77 = ORIENTED_EDGE ( 'NONE', *, *, #676, .F. ) ;
#78 = EDGE_CURVE ( 'NONE', #3559, #1413, #3001, .T. ) ;
#79 = APPLICATION_CONTEXT ( 'automotive_design' ) ;
#80 = CYLINDRICAL_SURFACE ( 'NONE', #2385, 0.05000000000000002359 ) ;
#81 = LINE ( 'NONE', #1056, #2325 ) ;
#82 = VERTEX_POINT ( 'NONE', #769 ) ;
#83 = EDGE_CURVE ( 'NONE', #3955, #1146, #2065, .T. ) ;
#84 = CARTESIAN_POINT ( 'NONE',  ( -0.1250000000000000000, 0.5999999999999999778, 0.7999999999999999334 ) ) ;
#85 = VECTOR ( 'NONE', #2870, 1000.000000000000000 ) ;
#86 = CARTESIAN_POINT ( 'NONE',  ( -0.5500000000000000444, 0.2999999999999999334, 0.2500000000000000000 ) ) ;
#87 = CARTESIAN_POINT ( 'NONE',  ( 0.8592893218813457690, 0.2999999999999999334, 0.7300000000000000933 ) ) ;
#88 = CARTESIAN_POINT ( 'NONE',  ( -0.8592893218813457690, 0.2999999999999999889, -0.7300000000000000933 ) ) ;
#89 = VECTOR ( 'NONE', #2657, 1000.000000000000000 ) ;
#90 = CARTESIAN_POINT ( 'NONE',  ( -0.6700000000000003730, 0.7025000000000000133, -0.4699999999999999178 ) ) ;
#91 = ORIENTED_EDGE ( 'NONE', *, *, #1537, .F. ) ;
#92 = CYLINDRICAL_SURFACE ( 'NONE', #3189, 0.05999999999999994227 ) ;
#93 = VERTEX_POINT ( 'NONE', #378 ) ;
#94 = VERTEX_POINT ( 'NONE', #1666 ) ;
#95 = VECTOR ( 'NONE', #1202, 1000.000000000000000 ) ;
#96 = VECTOR ( 'NONE', #1449, 1000.000000000000000 ) ;
#97 = CARTESIAN_POINT ( 'NONE',  ( -0.3500000000000000333, 0.000000000000000000, -0.2500000000000000000 ) ) ;
#98 = EDGE_CURVE ( 'NONE', #4050, #2769, #4149, .T. ) ;
#99 = DIRECTION ( 'NONE',  ( 0.000000000000000000, -1.000000000000000000, 0.000000000000000000 ) ) ;
#100 = ORIENTED_EDGE ( 'NONE', *, *, #3585, .T. ) ;
#101 =( GEOMETRIC_REPRESENTATION_CONTEXT ( 3 ) GLOBAL_UNCERTAINTY_ASSIGNED_CONTEXT ( ( #1315 ) ) GLOBAL_UNIT_ASSIGNED_CONTEXT ( ( #3260, #1087, #151 ) ) REPRESENTATION_CONTEXT ( 'NONE', 'WORKASPACE' ) );
#102 = CARTESIAN_POINT ( 'NONE',  ( -0.8592893218813457690, 0.2999999999999999889, -0.7300000000000000933 ) ) ;
#103 = CARTESIAN_POINT ( 'NONE',  ( 0.8999999999999999112, 0.5999999999999999778, -0.7999999999999999334 ) ) ;
#104 = CARTESIAN_POINT ( 'NONE',  ( 0.9200000000000000400, 0.7025000000000000133, 0.4699999999999999178 ) ) ;
#105 = PLANE ( 'NONE',  #2626 ) ;
#106 = DIRECTION ( 'NONE',  ( 0.000000000000000000, -1.000000000000000000, 0.000000000000000000 ) ) ;
#107 = EDGE_CURVE ( 'NONE', #2137, #2436, #3109, .T. ) ;
#108 = VERTEX_POINT ( 'NONE', #884 ) ;
#109 = ORIENTED_EDGE ( 'NONE', *, *, #1611, .F. ) ;
#110 = ORIENTED_EDGE ( 'NONE', *, *, #3711, .F. ) ;
#111 = CIRCLE ( 'NONE', #2927, 0.08125000000000059952 ) ;
#112 = DIRECTION ( 'NONE',  ( 0.7071067811865466846, 0.000000000000000000, 0.7071067811865483499 ) ) ;
#113 = CARTESIAN_POINT ( 'NONE',  ( -0.1250000000000000000, 0.5999999999999999778, -0.7999999999999999334 ) ) ;
#114 = ORIENTED_EDGE ( 'NONE', *, *, #3913, .T. ) ;
#115 = MANIFOLD_SOLID_BREP ( 'Fillet1', #1680 ) ;
#116 = ORIENTED_EDGE ( 'NONE', *, *, #2904, .T. ) ;
#117 = CARTESIAN_POINT ( 'NONE',  ( 1.000000000000000000, 0.000000000000000000, 0.8000000000000001554 ) ) ;
#118 = LINE ( 'NONE', #2360, #4126 ) ;
#119 = CARTESIAN_POINT ( 'NONE',  ( -1.000000000000000000, 0.5999999999999999778, 0.6999999999999999556 ) ) ;
#121 = EDGE_CURVE ( 'NONE', #3602, #1255, #2144, .T. ) ;
#120 = CARTESIAN_POINT ( 'NONE',  ( -0.8700000000000003286, 0.8000000000000000444, -0.4699999999999999734 ) ) ;
#122 = ORIENTED_EDGE ( 'NONE', *, *, #992, .T. ) ;
#123 = EDGE_CURVE ( 'NONE', #1897, #1052, #3147, .T. ) ;
#124 = CARTESIAN_POINT ( 'NONE',  ( -0.8592893218813457690, 1.114998880451715912, -0.7300000000000000933 ) ) ;
#125 = CARTESIAN_POINT ( 'NONE',  ( -0.8592893218813457690, 0.2999999999999999334, -0.7300000000000000933 ) ) ;
#126 = ADVANCED_FACE ( 'NONE', ( #3184 ), #2869, .T. ) ;
#127 = EDGE_CURVE ( 'NONE', #3476, #1, #132, .T. ) ;
#128 = CARTESIAN_POINT ( 'NONE',  ( -0.1250000000000000000, 0.5999999999999999778, 0.7999999999999999334 ) ) ;
#129 = EDGE_CURVE ( 'NONE', #1012, #1859, #2824, .T. ) ;
#130 = VERTEX_POINT ( 'NONE', #1295 ) ;
#131 = FACE_OUTER_BOUND ( 'NONE', #1005, .T. ) ;
#132 = CIRCLE ( 'NONE', #3670, 0.2500000000000001110 ) ;
#133 = ORIENTED_EDGE ( 'NONE', *, *, #1482, .F. ) ;
#134 = VERTEX_POINT ( 'NONE', #2549 ) ;
#135 = ADVANCED_FACE ( 'NONE', ( #3785 ), #1876, .T. ) ;
#136 = AXIS2_PLACEMENT_3D ( 'NONE', #4000, #840, #793 ) ;
#137 = DIRECTION ( 'NONE',  ( 0.000000000000000000, 1.000000000000000000, -0.000000000000000000 ) ) ;
#138 = ORIENTED_EDGE ( 'NONE', *, *, #1784, .T. ) ;
#139 = EDGE_LOOP ( 'NONE', ( #1166, #3397, #2471, #1734 ) ) ;
#140 = DIRECTION ( 'NONE',  ( 0.000000000000000000, -1.000000000000000000, 0.000000000000000000 ) ) ;
#141 = FACE_OUTER_BOUND ( 'NONE', #2574, .T. ) ;
#142 = CARTESIAN_POINT ( 'NONE',  ( -0.9300000000000000488, 0.2999999999999999889, 0.2500000000000000000 ) ) ;
#143 = CARTESIAN_POINT ( 'NONE',  ( -0.1482811845085175162, 0.6118129182070153327, -0.7444421359959090267 ) ) ;
#144 = DIRECTION ( 'NONE',  ( -0.000000000000000000, -1.000000000000000000, -0.000000000000000000 ) ) ;
#145 = CARTESIAN_POINT ( 'NONE',  ( -1.000000000000000000, 1.114998880451715912, -0.7999999999999999334 ) ) ;
#146 = STYLED_ITEM ( 'NONE', ( #1269 ), #912 ) ;
#147 = FACE_OUTER_BOUND ( 'NONE', #320, .T. ) ;
#148 = DIRECTION ( 'NONE',  ( 0.000000000000000000, 0.000000000000000000, -1.000000000000000000 ) ) ;
#149 = VECTOR ( 'NONE', #3983, 1000.000000000000000 ) ;
#150 = CARTESIAN_POINT ( 'NONE',  ( -0.9741180954897480371, 0.2999999999999999889, -0.7034074173710930244 ) ) ;
#151 =( NAMED_UNIT ( * ) SI_UNIT ( $, .STERADIAN. ) SOLID_ANGLE_UNIT ( ) );
#152 = ORIENTED_EDGE ( 'NONE', *, *, #129, .T. ) ;
#153 = VECTOR ( 'NONE', #1652, 1000.000000000000000 ) ;
#154 = ORIENTED_EDGE ( 'NONE', *, *, #723, .F. ) ;
#155 = CARTESIAN_POINT ( 'NONE',  ( -0.9300000000000000488, 1.114998880451715912, 0.2500000000000000000 ) ) ;
#156 = FACE_OUTER_BOUND ( 'NONE', #2402, .T. ) ;
#157 = ORIENTED_EDGE ( 'NONE', *, *, #3843, .F. ) ;
#158 = AXIS2_PLACEMENT_3D ( 'NONE', #684, #1977, #3792 ) ;
#159 = CARTESIAN_POINT ( 'NONE',  ( -0.1250000000000000000, 0.8000000000000008216, -0.7999999999999999334 ) ) ;
#160 = LINE ( 'NONE', #2754, #1243 ) ;
#161 = DIRECTION ( 'NONE',  ( -0.000000000000000000, -1.000000000000000000, -0.000000000000000000 ) ) ;
#162 = PLANE ( 'NONE',  #1009 ) ;
#163 = CARTESIAN_POINT ( 'NONE',  ( -0.1374963970754173870, 0.6151415517982428138, -0.7413157596953534600 ) ) ;
#164 = MANIFOLD_SOLID_BREP ( 'Cut-Extrude4[1]', #1809 ) ;
#165 = CARTESIAN_POINT ( 'NONE',  ( 0.9200000000000000400, 0.6699999999999999289, 0.4699999999999999178 ) ) ;
#166 = CARTESIAN_POINT ( 'NONE',  ( -0.9300000000000000488, 0.000000000000000000, -0.2500000000000000000 ) ) ;
#167 = CARTESIAN_POINT ( 'NONE',  ( 0.6700000000000000400, 0.6700000000000001510, 0.4699999999999999178 ) ) ;
#168 = DIRECTION ( 'NONE',  ( 1.000000000000000000, 0.000000000000000000, 0.000000000000000000 ) ) ;
#169 =( NAMED_UNIT ( * ) SI_UNIT ( $, .STERADIAN. ) SOLID_ANGLE_UNIT ( ) );
#170 = CARTESIAN_POINT ( 'NONE',  ( 0.8592893218813457690, 0.2999999999999999889, 0.7300000000000000933 ) ) ;
#171 = CARTESIAN_POINT ( 'NONE',  ( 0.9200000000000000400, 0.7025000000000000133, 0.4699999999999999178 ) ) ;
#172 = ADVANCED_FACE ( 'NONE', ( #2403 ), #1272, .F. ) ;
#173 = EDGE_LOOP ( 'NONE', ( #416, #3755, #1310, #2886 ) ) ;
#174 = ORIENTED_EDGE ( 'NONE', *, *, #2627, .F. ) ;
#175 = DIRECTION ( 'NONE',  ( -1.000000000000000000, -0.000000000000000000, -0.000000000000000000 ) ) ;
#176 = ORIENTED_EDGE ( 'NONE', *, *, #430, .T. ) ;
#177 = CIRCLE ( 'NONE', #509, 0.2500000000000001110 ) ;
#178 = MECHANICAL_DESIGN_GEOMETRIC_PRESENTATION_REPRESENTATION (  '', ( #1927 ), #1317 ) ;
#179 = EDGE_CURVE ( 'NONE', #2616, #2730, #3011, .T. ) ;
#180 = EDGE_CURVE ( 'NONE', #963, #3717, #4009, .T. ) ;
#181 = AXIS2_PLACEMENT_3D ( 'NONE', #3092, #2195, #573 ) ;
#182 = VECTOR ( 'NONE', #2817, 1000.000000000000000 ) ;
#183 =( NAMED_UNIT ( * ) SI_UNIT ( $, .STERADIAN. ) SOLID_ANGLE_UNIT ( ) );
#184 = DIRECTION ( 'NONE',  ( -0.000000000000000000, -1.000000000000000000, -0.000000000000000000 ) ) ;
#185 = DIRECTION ( 'NONE',  ( 0.000000000000000000, -1.000000000000000000, 0.000000000000000000 ) ) ;
#186 = FACE_OUTER_BOUND ( 'NONE', #1309, .T. ) ;
#187 = VECTOR ( 'NONE', #1249, 1000.000000000000000 ) ;
#188 = CARTESIAN_POINT ( 'NONE',  ( 0.3499999999999999223, 0.2999999999999999889, -0.7299999999999999822 ) ) ;
#189 = LINE ( 'NONE', #3058, #1558 ) ;
#190 = EDGE_CURVE ( 'NONE', #2878, #1088, #735, .T. ) ;
#191 = DIRECTION ( 'NONE',  ( 1.000000000000000000, 0.000000000000000000, 0.000000000000000000 ) ) ;
#192 = FACE_OUTER_BOUND ( 'NONE', #2375, .T. ) ;
#193 = DIRECTION ( 'NONE',  ( 0.000000000000000000, 1.000000000000000000, 0.000000000000000000 ) ) ;
#194 = ORIENTED_EDGE ( 'NONE', *, *, #1988, .F. ) ;
#195 = ORIENTED_EDGE ( 'NONE', *, *, #2110, .F. ) ;
#196 = ORIENTED_EDGE ( 'NONE', *, *, #4153, .T. ) ;
#197 = DIRECTION ( 'NONE',  ( 1.000000000000000000, 0.000000000000000000, 0.000000000000000000 ) ) ;
#198 = CARTESIAN_POINT ( 'NONE',  ( -1.001250000000001084, 0.6700000000000001510, 0.000000000000000000 ) ) ;
#199 = PRESENTATION_LAYER_ASSIGNMENT (  '', '', ( #3280 ) ) ;
#200 = VERTEX_POINT ( 'NONE', #424 ) ;
#201 = ORIENTED_EDGE ( 'NONE', *, *, #1283, .F. ) ;
#202 = DIRECTION ( 'NONE',  ( 0.000000000000000000, 1.000000000000000000, 0.000000000000000000 ) ) ;
#203 = CARTESIAN_POINT ( 'NONE',  ( -0.8999999999999999112, 0.000000000000000000, -0.7999999999999999334 ) ) ;
#204 = CARTESIAN_POINT ( 'NONE',  ( -0.6700000000000004841, 0.7025000000000000133, -0.7199999999999999734 ) ) ;
#205 = CARTESIAN_POINT ( 'NONE',  ( -1.000000000000000000, 0.2999999999999999889, 0.7999999999999999334 ) ) ;
#206 = LINE ( 'NONE', #1483, #2107 ) ;
#207 = DIRECTION ( 'NONE',  ( 0.000000000000000000, -1.000000000000000000, 0.000000000000000000 ) ) ;
#208 = DIRECTION ( 'NONE',  ( 0.000000000000000000, 0.000000000000000000, -1.000000000000000000 ) ) ;
#209 = CARTESIAN_POINT ( 'NONE',  ( -0.9741180954897480371, 0.000000000000000000, -0.7034074173710930244 ) ) ;
#210 = ADVANCED_FACE ( 'NONE', ( #2711 ), #2337, .F. ) ;
#211 = CIRCLE ( 'NONE', #1073, 0.2500000000000000000 ) ;
#212 = PLANE ( 'NONE',  #1663 ) ;
#213 = DIRECTION ( 'NONE',  ( 0.000000000000000000, 0.000000000000000000, 1.000000000000000000 ) ) ;
#214 = ORIENTED_EDGE ( 'NONE', *, *, #301, .F. ) ;
#215 = CIRCLE ( 'NONE', #2551, 0.1999999999999999833 ) ;
#216 = EDGE_LOOP ( 'NONE', ( #4144, #501, #1861, #3875 ) ) ;
#217 = DIRECTION ( 'NONE',  ( -1.000000000000000000, 0.000000000000000000, 2.258754526011467735E-16 ) ) ;
#218 = CARTESIAN_POINT ( 'NONE',  ( 0.9034074173710933131, 0.000000000000000000, -0.7741180954897475264 ) ) ;
#219 = VECTOR ( 'NONE', #1252, 1000.000000000000000 ) ;
#220 = VECTOR ( 'NONE', #1794, 1000.000000000000000 ) ;
#221 = ORIENTED_EDGE ( 'NONE', *, *, #3072, .F. ) ;
#222 = VERTEX_POINT ( 'NONE', #2118 ) ;
#223 = DIRECTION ( 'NONE',  ( 0.000000000000000000, -1.000000000000000000, 0.000000000000000000 ) ) ;
#224 = VECTOR ( 'NONE', #2553, 1000.000000000000000 ) ;
#225 = EDGE_CURVE ( 'NONE', #986, #3299, #3652, .T. ) ;
#226 = DIRECTION ( 'NONE',  ( 0.000000000000000000, -1.000000000000000000, 0.000000000000000000 ) ) ;
#227 = LINE ( 'NONE', #1504, #3094 ) ;
#228 = CARTESIAN_POINT ( 'NONE',  ( -0.1334745073527763004, 0.6160772266876052283, -0.7404593265080658959 ) ) ;
#229 = VECTOR ( 'NONE', #3513, 1000.000000000000000 ) ;
#230 = COLOUR_RGB ( '',0.9686274509803921573, 0.8784313725490195957, 0.5999999999999999778 ) ;
#231 = CARTESIAN_POINT ( 'NONE',  ( -0.5500000000000000444, 0.000000000000000000, 0.2500000000000000000 ) ) ;
#232 = ORIENTED_EDGE ( 'NONE', *, *, #2916, .F. ) ;
#233 = AXIS2_PLACEMENT_3D ( 'NONE', #1159, #193, #213 ) ;
#234 = DIRECTION ( 'NONE',  ( 0.000000000000000000, -1.000000000000000000, 0.000000000000000000 ) ) ;
#235 = VERTEX_POINT ( 'NONE', #463 ) ;
#236 = ORIENTED_EDGE ( 'NONE', *, *, #2247, .F. ) ;
#237 = APPLICATION_CONTEXT ( 'automotive_design' ) ;
#238 = ADVANCED_FACE ( 'NONE', ( #1775 ), #1407, .F. ) ;
#239 = CARTESIAN_POINT ( 'NONE',  ( -0.3500000000000000333, 0.2999999999999999889, -0.2500000000000000000 ) ) ;
#240 = ORIENTED_EDGE ( 'NONE', *, *, #2872, .T. ) ;
#241 = ORIENTED_EDGE ( 'NONE', *, *, #920, .T. ) ;
#242 = DIRECTION ( 'NONE',  ( 0.000000000000000000, -1.000000000000000000, 0.000000000000000000 ) ) ;
#243 = DIRECTION ( 'NONE',  ( 0.000000000000000000, 0.000000000000000000, 1.000000000000000000 ) ) ;
#244 = LINE ( 'NONE', #2779, #3822 ) ;
#245 = CARTESIAN_POINT ( 'NONE',  ( 5.421010862427519705E-17, 0.7500000000000000000, 0.6699999999999998179 ) ) ;
#246 = VECTOR ( 'NONE', #3106, 1000.000000000000000 ) ;
#247 = VECTOR ( 'NONE', #1291, 1000.000000000000000 ) ;
#248 = AXIS2_PLACEMENT_3D ( 'NONE', #779, #140, #1072 ) ;
#249 = VECTOR ( 'NONE', #1209, 1000.000000000000000 ) ;
#250 = CARTESIAN_POINT ( 'NONE',  ( -0.9034074173710933131, 0.000000000000000000, -0.7741180954897475264 ) ) ;
#251 = DIRECTION ( 'NONE',  ( 0.7071067811865474617, 0.000000000000000000, -0.7071067811865476838 ) ) ;
#252 = CARTESIAN_POINT ( 'NONE',  ( -0.8999999999999999112, 0.5949999999999999734, 0.8000000000000001554 ) ) ;
#253 = ORIENTED_EDGE ( 'NONE', *, *, #3942, .T. ) ;
#254 = EDGE_CURVE ( 'NONE', #2188, #3836, #513, .T. ) ;
#255 = ADVANCED_FACE ( 'NONE', ( #1123 ), #1147, .F. ) ;
#256 = LINE ( 'NONE', #1530, #1489 ) ;
#257 = VERTEX_POINT ( 'NONE', #3986 ) ;
#258 = ADVANCED_FACE ( 'NONE', ( #2733 ), #2690, .F. ) ;
#259 = ORIENTED_EDGE ( 'NONE', *, *, #2948, .T. ) ;
#260 = ADVANCED_FACE ( 'NONE', ( #3674 ), #2379, .T. ) ;
#261 =( LENGTH_UNIT ( ) NAMED_UNIT ( * ) SI_UNIT ( .MILLI., .METRE. ) );
#262 = DIRECTION ( 'NONE',  ( 1.000000000000000000, 0.000000000000000000, 0.000000000000000000 ) ) ;
#263 = EDGE_LOOP ( 'NONE', ( #2938, #3845, #4094, #622 ) ) ;
#264 = ORIENTED_EDGE ( 'NONE', *, *, #2598, .F. ) ;
#265 = LINE ( 'NONE', #4113, #1522 ) ;
#266 = VECTOR ( 'NONE', #2679, 1000.000000000000000 ) ;
#267 = CARTESIAN_POINT ( 'NONE',  ( 0.1608245408964436851, 0.6056482643933792653, -0.7514756058258377225 ) ) ;
#268 = CARTESIAN_POINT ( 'NONE',  ( -0.6700000000000007061, 0.8000000000000000444, -0.6699999999999999289 ) ) ;
#269 = LINE ( 'NONE', #2447, #3483 ) ;
#270 = VECTOR ( 'NONE', #3196, 1000.000000000000000 ) ;
#271 = CARTESIAN_POINT ( 'NONE',  ( -1.000000000000000000, 0.5999999999999999778, -0.7399999999999999911 ) ) ;
#272 = DIRECTION ( 'NONE',  ( -0.000000000000000000, -1.000000000000000000, -0.000000000000000000 ) ) ;
#273 = CARTESIAN_POINT ( 'NONE',  ( -1.000000000000000000, 0.000000000000000000, -0.7999999999999999334 ) ) ;
#274 = ORIENTED_EDGE ( 'NONE', *, *, #4153, .F. ) ;
#275 = CARTESIAN_POINT ( 'NONE',  ( 0.9300000000000000488, 0.000000000000000000, -0.6592893218813449252 ) ) ;
#276 = LINE ( 'NONE', #2912, #316 ) ;
#277 = LINE ( 'NONE', #1551, #543 ) ;
#278 = ADVANCED_FACE ( 'NONE', ( #3478 ), #1819, .T. ) ;
#279 = ORIENTED_EDGE ( 'NONE', *, *, #1611, .T. ) ;
#280 = ORIENTED_EDGE ( 'NONE', *, *, #485, .T. ) ;
#281 = CARTESIAN_POINT ( 'NONE',  ( 0.9300000000000000488, 0.2999999999999999889, 0.6592893218813449252 ) ) ;
#282 = VECTOR ( 'NONE', #2176, 1000.000000000000000 ) ;
#283 = ORIENTED_EDGE ( 'NONE', *, *, #1040, .F. ) ;
#284 = ORIENTED_EDGE ( 'NONE', *, *, #1704, .F. ) ;
#285 = AXIS2_PLACEMENT_3D ( 'NONE', #1646, #2915, #44 ) ;
#286 = CARTESIAN_POINT ( 'NONE',  ( 0.1511776449318028293, 0.6105380240816082882, -0.7457771365355599924 ) ) ;
#287 = PLANE ( 'NONE',  #2215 ) ;
#288 = DIRECTION ( 'NONE',  ( 0.000000000000000000, 0.000000000000000000, 1.000000000000000000 ) ) ;
#289 = VECTOR ( 'NONE', #4091, 1000.000000000000000 ) ;
#290 = CARTESIAN_POINT ( 'NONE',  ( -0.3499999999999999778, 0.000000000000000000, 0.4500000000000000111 ) ) ;
#291 = DIRECTION ( 'NONE',  ( 0.000000000000000000, -0.000000000000000000, 1.000000000000000000 ) ) ;
#292 = FACE_OUTER_BOUND ( 'NONE', #1161, .T. ) ;
#293 = ORIENTED_EDGE ( 'NONE', *, *, #733, .F. ) ;
#294 = SURFACE_STYLE_FILL_AREA ( #2204 ) ;
#295 = CIRCLE ( 'NONE', #1350, 0.1000000000000000472 ) ;
#296 = LINE ( 'NONE', #1296, #3920 ) ;
#297 = LINE ( 'NONE', #2186, #14 ) ;
#298 = CARTESIAN_POINT ( 'NONE',  ( -0.8999999999999999112, 0.5999999999999999778, 0.8000000000000001554 ) ) ;
#299 = ORIENTED_EDGE ( 'NONE', *, *, #2840, .F. ) ;
#300 = AXIS2_PLACEMENT_3D ( 'NONE', #1051, #3902, #3586 ) ;
#301 = EDGE_CURVE ( 'NONE', #1603, #871, #3738, .T. ) ;
#302 = EDGE_CURVE ( 'NONE', #62, #2643, #265, .T. ) ;
#303 = DIRECTION ( 'NONE',  ( -1.000000000000000000, 0.000000000000000000, 0.000000000000000000 ) ) ;
#304 = VERTEX_POINT ( 'NONE', #1521 ) ;
#305 = ORIENTED_EDGE ( 'NONE', *, *, #687, .T. ) ;
#306 = EDGE_CURVE ( 'NONE', #3981, #3476, #1473, .T. ) ;
#307 = EDGE_CURVE ( 'NONE', #3925, #362, #2480, .T. ) ;
#308 = DIRECTION ( 'NONE',  ( 0.000000000000000000, 0.000000000000000000, -1.000000000000000000 ) ) ;
#309 = DIRECTION ( 'NONE',  ( -1.000000000000000000, 0.000000000000000000, 0.000000000000000000 ) ) ;
#310 = DIRECTION ( 'NONE',  ( 0.000000000000000000, 1.000000000000000000, 0.000000000000000000 ) ) ;
#311 = EDGE_CURVE ( 'NONE', #3816, #1404, #2816, .T. ) ;
#312 = CARTESIAN_POINT ( 'NONE',  ( -0.9741180954897480371, 0.2999999999999999334, 0.7034074173710930244 ) ) ;
#313 = DIRECTION ( 'NONE',  ( -0.000000000000000000, -1.000000000000000000, -0.000000000000000000 ) ) ;
#314 = ORIENTED_EDGE ( 'NONE', *, *, #2664, .T. ) ;
#315 = LINE ( 'NONE', #2285, #1857 ) ;
#316 = VECTOR ( 'NONE', #2846, 1000.000000000000114 ) ;
#317 = AXIS2_PLACEMENT_3D ( 'NONE', #613, #974, #3181 ) ;
#318 = CYLINDRICAL_SURFACE ( 'NONE', #408, 0.08125000000000059952 ) ;
#319 = ADVANCED_FACE ( 'NONE', ( #2752 ), #1222, .F. ) ;
#320 = EDGE_LOOP ( 'NONE', ( #863, #2845, #52, #1004 ) ) ;
#321 = VECTOR ( 'NONE', #3144, 1000.000000000000114 ) ;
#322 = VERTEX_POINT ( 'NONE', #4035 ) ;
#323 = VERTEX_POINT ( 'NONE', #1169 ) ;
#324 = CARTESIAN_POINT ( 'NONE',  ( -0.9200000000000003730, 0.6699999999999999289, -0.4699999999999999178 ) ) ;
#325 = LINE ( 'NONE', #1606, #2368 ) ;
#326 = DIRECTION ( 'NONE',  ( -0.000000000000000000, 1.000000000000000000, -0.000000000000000000 ) ) ;
#327 = VERTEX_POINT ( 'NONE', #4057 ) ;
#328 = SURFACE_STYLE_USAGE ( .BOTH. , #2544 ) ;
#329 = CARTESIAN_POINT ( 'NONE',  ( 0.1593394795629997640, 0.6065654861802715070, 0.7502816868560244767 ) ) ;
#330 = ADVANCED_FACE ( 'NONE', ( #1193 ), #2445, .T. ) ;
#331 = LINE ( 'NONE', #2596, #321 ) ;
#332 = AXIS2_PLACEMENT_3D ( 'NONE', #2185, #1617, #638 ) ;
#333 = VERTEX_POINT ( 'NONE', #2210 ) ;
#334 =( LENGTH_UNIT ( ) NAMED_UNIT ( * ) SI_UNIT ( .MILLI., .METRE. ) );
#335 = LINE ( 'NONE', #3469, #2061 ) ;
#336 = LINE ( 'NONE', #2826, #1157 ) ;
#337 = LINE ( 'NONE', #3318, #1554 ) ;
#338 = DIRECTION ( 'NONE',  ( -0.000000000000000000, -1.000000000000000000, -0.000000000000000000 ) ) ;
#339 = ADVANCED_FACE ( 'NONE', ( #3474 ), #3003, .T. ) ;
#340 = ORIENTED_EDGE ( 'NONE', *, *, #1748, .F. ) ;
#341 = ORIENTED_EDGE ( 'NONE', *, *, #2206, .F. ) ;
#342 = ORIENTED_EDGE ( 'NONE', *, *, #3080, .F. ) ;
#343 = VERTEX_POINT ( 'NONE', #3895 ) ;
#344 = PRESENTATION_LAYER_ASSIGNMENT (  '', '', ( #146 ) ) ;
#345 = FACE_OUTER_BOUND ( 'NONE', #2581, .T. ) ;
#346 = ORIENTED_EDGE ( 'NONE', *, *, #467, .F. ) ;
#347 = AXIS2_PLACEMENT_3D ( 'NONE', #2989, #137, #2970 ) ;
#348 = CARTESIAN_POINT ( 'NONE',  ( 0.1250000000000000000, 0.6166146087398434172, 0.7399999999999999911 ) ) ;
#349 = CARTESIAN_POINT ( 'NONE',  ( -0.1511776449318028848, 0.6105380240816081772, 0.7457771365355599924 ) ) ;
#350 = VECTOR ( 'NONE', #2583, 1000.000000000000000 ) ;
#351 = VECTOR ( 'NONE', #2519, 1000.000000000000000 ) ;
#352 = ORIENTED_EDGE ( 'NONE', *, *, #422, .F. ) ;
#353 = CARTESIAN_POINT ( 'NONE',  ( 0.3499999999999999223, 0.2999999999999999889, -0.7299999999999999822 ) ) ;
#354 = CARTESIAN_POINT ( 'NONE',  ( -0.6700000000000004841, 0.8000000000000000444, 0.5299999999999999156 ) ) ;
#355 = ORIENTED_EDGE ( 'NONE', *, *, #2578, .T. ) ;
#356 = VECTOR ( 'NONE', #3948, 1000.000000000000000 ) ;
#357 = ORIENTED_EDGE ( 'NONE', *, *, #2732, .T. ) ;
#358 = ADVANCED_FACE ( 'NONE', ( #1746 ), #1418, .F. ) ;
#359 = AXIS2_PLACEMENT_3D ( 'NONE', #3542, #1241, #3801 ) ;
#360 = ORIENTED_EDGE ( 'NONE', *, *, #4090, .T. ) ;
#361 = ORIENTED_EDGE ( 'NONE', *, *, #3999, .T. ) ;
#362 = VERTEX_POINT ( 'NONE', #1020 ) ;
#363 = EDGE_CURVE ( 'NONE', #4150, #3799, #3912, .T. ) ;
#364 = CARTESIAN_POINT ( 'NONE',  ( -1.000000000000000000, 0.2999999999999999889, 0.7999999999999999334 ) ) ;
#365 = CARTESIAN_POINT ( 'NONE',  ( 0.3499999999999999223, 0.000000000000000000, -0.7299999999999999822 ) ) ;
#366 = EDGE_CURVE ( 'NONE', #1423, #3940, #705, .T. ) ;
#367 = CARTESIAN_POINT ( 'NONE',  ( 0.3500000000000001443, 0.2999999999999999334, 0.2500000000000000000 ) ) ;
#368 = VERTEX_POINT ( 'NONE', #411 ) ;
#369 = CARTESIAN_POINT ( 'NONE',  ( -1.000000000000000000, 0.5999999999999999778, 0.8000000000000001554 ) ) ;
#370 = LINE ( 'NONE', #2977, #1799 ) ;
#371 = ORIENTED_EDGE ( 'NONE', *, *, #3283, .F. ) ;
#372 = LINE ( 'NONE', #1938, #1015 ) ;
#373 = CARTESIAN_POINT ( 'NONE',  ( -0.1250000000000000000, 0.8000000000000008216, -0.7399999999999999911 ) ) ;
#374 = ORIENTED_EDGE ( 'NONE', *, *, #3913, .F. ) ;
#375 = EDGE_CURVE ( 'NONE', #1320, #1240, #3060, .T. ) ;
#376 = VECTOR ( 'NONE', #414, 1000.000000000000000 ) ;
#377 = VECTOR ( 'NONE', #4119, 1000.000000000000000 ) ;
#378 = CARTESIAN_POINT ( 'NONE',  ( 0.9200000000000000400, 0.6699999999999999289, -0.4699999999999999178 ) ) ;
#379 = AXIS2_PLACEMENT_3D ( 'NONE', #3976, #3951, #473 ) ;
#380 = AXIS2_PLACEMENT_3D ( 'NONE', #521, #2454, #4024 ) ;
#381 = EDGE_LOOP ( 'NONE', ( #4088, #2775 ) ) ;
#382 = LINE ( 'NONE', #3300, #376 ) ;
#383 = EDGE_LOOP ( 'NONE', ( #2873, #3898, #2695, #2898 ) ) ;
#384 = FACE_OUTER_BOUND ( 'NONE', #2074, .T. ) ;
#385 = CARTESIAN_POINT ( 'NONE',  ( -0.6700000000000004841, 0.8000000000000000444, 0.4699999999999999178 ) ) ;
#386 = VERTEX_POINT ( 'NONE', #3616 ) ;
#387 = DIRECTION ( 'NONE',  ( 0.000000000000000000, -1.000000000000000000, 0.000000000000000000 ) ) ;
#388 = SURFACE_SIDE_STYLE ('',( #1993 ) ) ;
#389 = DIRECTION ( 'NONE',  ( 0.000000000000000000, -0.000000000000000000, 1.000000000000000000 ) ) ;
#390 = ORIENTED_EDGE ( 'NONE', *, *, #2099, .F. ) ;
#391 = AXIS2_PLACEMENT_3D ( 'NONE', #1891, #3168, #3807 ) ;
#392 = LINE ( 'NONE', #3856, #1297 ) ;
#393 = CARTESIAN_POINT ( 'NONE',  ( 0.3500000000000000333, 0.2999999999999999889, -0.2500000000000000000 ) ) ;
#394 = DIRECTION ( 'NONE',  ( 1.000000000000000000, 0.000000000000000000, -8.091060988697790715E-17 ) ) ;
#395 = DIRECTION ( 'NONE',  ( 0.000000000000000000, 1.000000000000000000, 0.000000000000000000 ) ) ;
#396 = EDGE_CURVE ( 'NONE', #1320, #2891, #1341, .T. ) ;
#397 = DIRECTION ( 'NONE',  ( -0.000000000000000000, -0.000000000000000000, 1.000000000000000000 ) ) ;
#398 = CIRCLE ( 'NONE', #3430, 0.05999999999999994227 ) ;
#399 = ORIENTED_EDGE ( 'NONE', *, *, #4016, .F. ) ;
#400 = ORIENTED_EDGE ( 'NONE', *, *, #3277, .T. ) ;
#401 = CARTESIAN_POINT ( 'NONE',  ( -0.6700000000000004841, 0.7025000000000000133, 0.7199999999999999734 ) ) ;
#402 = ORIENTED_EDGE ( 'NONE', *, *, #568, .F. ) ;
#403 = DIRECTION ( 'NONE',  ( -0.000000000000000000, -1.000000000000000000, -0.000000000000000000 ) ) ;
#404 = LINE ( 'NONE', #2094, #3889 ) ;
#405 = LINE ( 'NONE', #1994, #3731 ) ;
#406 = AXIS2_PLACEMENT_3D ( 'NONE', #1966, #2929, #56 ) ;
#407 = ORIENTED_EDGE ( 'NONE', *, *, #2593, .F. ) ;
#408 = AXIS2_PLACEMENT_3D ( 'NONE', #939, #3789, #1894 ) ;
#409 = DIRECTION ( 'NONE',  ( -1.000000000000000000, 0.000000000000000000, -0.000000000000000000 ) ) ;
#410 = DIRECTION ( 'NONE',  ( 0.000000000000000000, 0.000000000000000000, -1.000000000000000000 ) ) ;
#411 = CARTESIAN_POINT ( 'NONE',  ( -0.6700000000000004841, 0.7900000000000000355, 0.4099999999999999756 ) ) ;
#412 = AXIS2_PLACEMENT_3D ( 'NONE', #3293, #3680, #450 ) ;
#413 = ORIENTED_EDGE ( 'NONE', *, *, #469, .T. ) ;
#414 = DIRECTION ( 'NONE',  ( -0.000000000000000000, -1.000000000000000000, -0.000000000000000000 ) ) ;
#415 = VERTEX_POINT ( 'NONE', #3278 ) ;
#416 = ORIENTED_EDGE ( 'NONE', *, *, #2004, .F. ) ;
#417 = AXIS2_PLACEMENT_3D ( 'NONE', #2216, #1561, #3778 ) ;
#418 = CARTESIAN_POINT ( 'NONE',  ( 0.9034074173710933131, 0.2999999999999999889, 0.7741180954897475264 ) ) ;
#419 = DIRECTION ( 'NONE',  ( -0.000000000000000000, -1.000000000000000000, -0.000000000000000000 ) ) ;
#420 = ORIENTED_EDGE ( 'NONE', *, *, #2179, .F. ) ;
#421 = VERTEX_POINT ( 'NONE', #1687 ) ;
#422 = EDGE_CURVE ( 'NONE', #322, #2835, #2960, .T. ) ;
#423 = COLOUR_RGB ( '',0.9686274509803921573, 0.8784313725490195957, 0.5999999999999999778 ) ;
#424 = CARTESIAN_POINT ( 'NONE',  ( 0.9741180954897480371, 0.2999999999999999334, 0.7034074173710930244 ) ) ;
#425 = DIRECTION ( 'NONE',  ( 0.000000000000000000, -1.000000000000000000, 0.000000000000000000 ) ) ;
#426 = CARTESIAN_POINT ( 'NONE',  ( 1.000000000000000000, 0.000000000000000000, 0.6999999999999999556 ) ) ;
#427 = EDGE_CURVE ( 'NONE', #333, #3994, #2638, .T. ) ;
#428 = DIRECTION ( 'NONE',  ( 0.000000000000000000, 0.000000000000000000, -1.000000000000000000 ) ) ;
#429 = ADVANCED_FACE ( 'NONE', ( #2326 ), #913, .T. ) ;
#430 = EDGE_CURVE ( 'NONE', #323, #2527, #721, .T. ) ;
#431 = CARTESIAN_POINT ( 'NONE',  ( 0.9300000000000000488, 0.2999999999999999889, -0.6592893218813449252 ) ) ;
#432 = FACE_OUTER_BOUND ( 'NONE', #2648, .T. ) ;
#433 = PLANE ( 'NONE',  #1396 ) ;
#434 = EDGE_CURVE ( 'NONE', #2069, #2240, #885, .T. ) ;
#435 = VECTOR ( 'NONE', #2181, 1000.000000000000000 ) ;
#436 = PRESENTATION_STYLE_ASSIGNMENT (( #2680 ) ) ;
#437 = VERTEX_POINT ( 'NONE', #1135 ) ;
#438 = CARTESIAN_POINT ( 'NONE',  ( -0.9741180954897480371, 0.2999999999999999889, 0.7034074173710930244 ) ) ;
#439 = ORIENTED_EDGE ( 'NONE', *, *, #2483, .F. ) ;
#440 = ORIENTED_EDGE ( 'NONE', *, *, #1218, .F. ) ;
#441 = CIRCLE ( 'NONE', #3264, 0.05999999999999994227 ) ;
#442 = AXIS2_PLACEMENT_3D ( 'NONE', #1590, #2266, #3529 ) ;
#443 = LINE ( 'NONE', #1403, #1975 ) ;
#444 = VERTEX_POINT ( 'NONE', #2432 ) ;
#445 = CARTESIAN_POINT ( 'NONE',  ( -0.3499999999999999223, 0.2999999999999999334, -0.7299999999999999822 ) ) ;
#446 = LINE ( 'NONE', #2361, #2290 ) ;
#447 = VECTOR ( 'NONE', #3697, 1000.000000000000000 ) ;
#448 = DIRECTION ( 'NONE',  ( -0.000000000000000000, 1.000000000000000000, -0.000000000000000000 ) ) ;
#449 = CARTESIAN_POINT ( 'NONE',  ( 0.9300000000000000488, 0.2999999999999999334, -0.2500000000000000000 ) ) ;
#450 = DIRECTION ( 'NONE',  ( 1.000000000000000000, 0.000000000000000000, 0.000000000000000000 ) ) ;
#451 = CARTESIAN_POINT ( 'NONE',  ( -0.6700000000000004841, 0.6700000000000001510, -0.8012500000000006839 ) ) ;
#452 = DIRECTION ( 'NONE',  ( -0.7071067811865456854, 0.000000000000000000, 0.7071067811865493491 ) ) ;
#453 = DIRECTION ( 'NONE',  ( 0.000000000000000000, -0.000000000000000000, 1.000000000000000000 ) ) ;
#454 = ORIENTED_EDGE ( 'NONE', *, *, #3518, .T. ) ;
#455 = DIRECTION ( 'NONE',  ( -0.000000000000000000, -1.000000000000000000, -0.000000000000000000 ) ) ;
#456 = ORIENTED_EDGE ( 'NONE', *, *, #563, .T. ) ;
#457 = ORIENTED_EDGE ( 'NONE', *, *, #3360, .F. ) ;
#458 = VECTOR ( 'NONE', #2108, 1000.000000000000000 ) ;
#459 = LINE ( 'NONE', #1119, #3452 ) ;
#460 = LINE ( 'NONE', #2688, #674 ) ;
#461 = EDGE_LOOP ( 'NONE', ( #1367, #946, #646, #1952 ) ) ;
#462 = ORIENTED_EDGE ( 'NONE', *, *, #2214, .T. ) ;
#463 = CARTESIAN_POINT ( 'NONE',  ( -0.3499999999999999223, 0.000000000000000000, -0.7299999999999999822 ) ) ;
#464 = PLANE ( 'NONE',  #4092 ) ;
#465 = CARTESIAN_POINT ( 'NONE',  ( -0.9741180954897480371, 0.2999999999999999889, -0.7034074173710930244 ) ) ;
#466 = ORIENTED_EDGE ( 'NONE', *, *, #1357, .T. ) ;
#467 = EDGE_CURVE ( 'NONE', #1052, #2829, #315, .T. ) ;
#468 = DIRECTION ( 'NONE',  ( 0.000000000000000000, 0.000000000000000000, 1.000000000000000000 ) ) ;
#469 = EDGE_CURVE ( 'NONE', #368, #3531, #1588, .T. ) ;
#470 = AXIS2_PLACEMENT_3D ( 'NONE', #2381, #1373, #3609 ) ;
#471 = DIRECTION ( 'NONE',  ( 0.000000000000000000, 0.000000000000000000, -1.000000000000000000 ) ) ;
#472 = DIRECTION ( 'NONE',  ( -0.000000000000000000, -0.000000000000000000, 1.000000000000000000 ) ) ;
#473 = DIRECTION ( 'NONE',  ( 0.000000000000000000, 0.000000000000000000, 1.000000000000000000 ) ) ;
#474 = CARTESIAN_POINT ( 'NONE',  ( 1.000000000000000000, 0.000000000000000000, -0.7999999999999999334 ) ) ;
#475 = CARTESIAN_POINT ( 'NONE',  ( -1.000000000000000000, 0.5999999999999999778, 0.8000000000000001554 ) ) ;
#476 = VERTEX_POINT ( 'NONE', #3205 ) ;
#477 = ORIENTED_EDGE ( 'NONE', *, *, #486, .T. ) ;
#478 = AXIS2_PLACEMENT_3D ( 'NONE', #2890, #1301, #1325 ) ;
#479 = EDGE_CURVE ( 'NONE', #2797, #2131, #3227, .T. ) ;
#480 = DIRECTION ( 'NONE',  ( 0.000000000000000000, -1.000000000000000000, 0.000000000000000000 ) ) ;
#481 = ORIENTED_EDGE ( 'NONE', *, *, #1233, .F. ) ;
#482 = EDGE_LOOP ( 'NONE', ( #588, #1599, #3537, #3333 ) ) ;
#483 = AXIS2_PLACEMENT_3D ( 'NONE', #1983, #3884, #1675 ) ;
#484 = CARTESIAN_POINT ( 'NONE',  ( 0.6700000000000000400, 0.6700000000000001510, -0.8012500000000006839 ) ) ;
#485 = EDGE_CURVE ( 'NONE', #710, #3645, #3390, .T. ) ;
#486 = EDGE_CURVE ( 'NONE', #2015, #476, #639, .T. ) ;
#487 = LINE ( 'NONE', #3425, #3589 ) ;
#488 = DIRECTION ( 'NONE',  ( 0.7071067811865493491, -0.000000000000000000, 0.7071067811865456854 ) ) ;
#489 = PRESENTATION_LAYER_ASSIGNMENT (  '', '', ( #2570 ) ) ;
#490 = CARTESIAN_POINT ( 'NONE',  ( -0.9300000000000000488, 0.000000000000000000, 0.2500000000000000000 ) ) ;
#491 = ORIENTED_EDGE ( 'NONE', *, *, #4, .T. ) ;
#492 = DIRECTION ( 'NONE',  ( 0.000000000000000000, 1.000000000000000000, -0.000000000000000000 ) ) ;
#493 = LINE ( 'NONE', #2783, #852 ) ;
#494 = CYLINDRICAL_SURFACE ( 'NONE', #2037, 0.05000000000000002359 ) ;
#495 = PLANE ( 'NONE',  #618 ) ;
#496 =( NAMED_UNIT ( * ) PLANE_ANGLE_UNIT ( ) SI_UNIT ( $, .RADIAN. ) );
#497 = CARTESIAN_POINT ( 'NONE',  ( 1.000000000000000000, 0.000000000000000000, 0.7999999999999999334 ) ) ;
#498 = EDGE_CURVE ( 'NONE', #1066, #3338, #1872, .T. ) ;
#499 = DIRECTION ( 'NONE',  ( -0.000000000000000000, 1.000000000000000000, -0.000000000000000000 ) ) ;
#500 = ORIENTED_EDGE ( 'NONE', *, *, #2416, .T. ) ;
#501 = ORIENTED_EDGE ( 'NONE', *, *, #363, .F. ) ;
#502 = ORIENTED_EDGE ( 'NONE', *, *, #797, .T. ) ;
#503 = CARTESIAN_POINT ( 'NONE',  ( 0.000000000000000000, 0.000000000000000000, 0.000000000000000000 ) ) ;
#504 = EDGE_CURVE ( 'NONE', #1553, #1897, #276, .T. ) ;
#505 = LINE ( 'NONE', #1189, #220 ) ;
#506 =( LENGTH_UNIT ( ) NAMED_UNIT ( * ) SI_UNIT ( .MILLI., .METRE. ) );
#507 = EDGE_LOOP ( 'NONE', ( #3737, #28, #3022, #1560, #3963, #1672, #3686 ) ) ;
#508 = ORIENTED_EDGE ( 'NONE', *, *, #2921, .F. ) ;
#509 = AXIS2_PLACEMENT_3D ( 'NONE', #3079, #2124, #2201 ) ;
#510 = VECTOR ( 'NONE', #2408, 1000.000000000000000 ) ;
#511 = CARTESIAN_POINT ( 'NONE',  ( -0.3499999999999999778, 1.114998880451715912, 0.4500000000000000111 ) ) ;
#512 = EDGE_CURVE ( 'NONE', #865, #2209, #335, .T. ) ;
#513 = CIRCLE ( 'NONE', #3269, 0.05999999999999994227 ) ;
#514 = CARTESIAN_POINT ( 'NONE',  ( -1.000000000000000000, 0.5949999999999999734, -0.6999999999999997335 ) ) ;
#515 = CARTESIAN_POINT ( 'NONE',  ( -0.1250000000000000000, 0.6166146087398435283, -0.7399999999999999911 ) ) ;
#516 = PLANE ( 'NONE',  #2246 ) ;
#517 = VECTOR ( 'NONE', #2615, 1000.000000000000114 ) ;
#518 = DIRECTION ( 'NONE',  ( -1.000000000000000000, 0.000000000000000000, -0.000000000000000000 ) ) ;
#519 = CARTESIAN_POINT ( 'NONE',  ( -1.000000000000000000, 0.000000000000000000, 0.7999999999999999334 ) ) ;
#520 = DIRECTION ( 'NONE',  ( 0.000000000000000000, 0.000000000000000000, -1.000000000000000000 ) ) ;
#521 = CARTESIAN_POINT ( 'NONE',  ( 0.1250000000000000000, 0.000000000000000000, -0.7999999999999999334 ) ) ;
#522 = DIRECTION ( 'NONE',  ( 0.000000000000000000, 1.000000000000000000, -0.000000000000000000 ) ) ;
#523 = ORIENTED_EDGE ( 'NONE', *, *, #3159, .F. ) ;
#524 = ORIENTED_EDGE ( 'NONE', *, *, #1741, .T. ) ;
#525 = EDGE_CURVE ( 'NONE', #1942, #2616, #2528, .T. ) ;
#526 = LINE ( 'NONE', #155, #2906 ) ;
#527 = VECTOR ( 'NONE', #4151, 1000.000000000000000 ) ;
#528 = ORIENTED_EDGE ( 'NONE', *, *, #3658, .F. ) ;
#529 = ORIENTED_EDGE ( 'NONE', *, *, #3093, .T. ) ;
#530 = CARTESIAN_POINT ( 'NONE',  ( -0.9300000000000000488, 0.2999999999999999889, 0.6592893218813449252 ) ) ;
#531 = DIRECTION ( 'NONE',  ( 0.000000000000000000, -1.000000000000000000, 0.000000000000000000 ) ) ;
#532 = CARTESIAN_POINT ( 'NONE',  ( 0.1250000000000000000, 0.6166146087398434172, 0.7399999999999999911 ) ) ;
#533 = DIRECTION ( 'NONE',  ( -2.128853140844177604E-16, 0.000000000000000000, 1.000000000000000000 ) ) ;
#534 = CARTESIAN_POINT ( 'NONE',  ( -0.8592893218813457690, 0.000000000000000000, -0.7300000000000000933 ) ) ;
#535 = DIRECTION ( 'NONE',  ( -0.000000000000000000, 1.000000000000000000, 0.000000000000000000 ) ) ;
#536 = SURFACE_SIDE_STYLE ('',( #1764 ) ) ;
#537 = EDGE_CURVE ( 'NONE', #871, #3459, #3489, .T. ) ;
#538 = AXIS2_PLACEMENT_3D ( 'NONE', #2161, #3433, #560 ) ;
#539 = DIRECTION ( 'NONE',  ( 0.000000000000000000, 0.000000000000000000, -1.000000000000000000 ) ) ;
#540 = EDGE_LOOP ( 'NONE', ( #3358, #399, #4108, #774 ) ) ;
#541 = AXIS2_PLACEMENT_3D ( 'NONE', #2949, #3605, #2051 ) ;
#542 = ORIENTED_EDGE ( 'NONE', *, *, #597, .F. ) ;
#543 = VECTOR ( 'NONE', #1256, 1000.000000000000000 ) ;
#544 = CARTESIAN_POINT ( 'NONE',  ( 0.9034074173710933131, 0.2999999999999999889, 0.7741180954897475264 ) ) ;
#545 = VECTOR ( 'NONE', #1635, 1000.000000000000000 ) ;
#546 = ORIENTED_EDGE ( 'NONE', *, *, #4080, .T. ) ;
#547 = ORIENTED_EDGE ( 'NONE', *, *, #3150, .T. ) ;
#548 = EDGE_CURVE ( 'NONE', #1499, #1, #296, .T. ) ;
#549 = CARTESIAN_POINT ( 'NONE',  ( 0.9600000000000001865, 0.5999999999999998668, -0.4699999999999999178 ) ) ;
#550 = LINE ( 'NONE', #1843, #1323 ) ;
#551 = DIRECTION ( 'NONE',  ( -1.000000000000000000, -0.000000000000000000, 0.000000000000000000 ) ) ;
#552 = ADVANCED_FACE ( 'NONE', ( #3185 ), #2576, .T. ) ;
#553 = DIRECTION ( 'NONE',  ( 0.000000000000000000, 1.000000000000000000, 0.000000000000000000 ) ) ;
#554 = EDGE_CURVE ( 'NONE', #3531, #2188, #1251, .T. ) ;
#555 = AXIS2_PLACEMENT_3D ( 'NONE', #2449, #492, #468 ) ;
#556 = VECTOR ( 'NONE', #1498, 1000.000000000000000 ) ;
#557 = ADVANCED_FACE ( 'NONE', ( #3533 ), #3808, .T. ) ;
#558 = DIRECTION ( 'NONE',  ( -0.000000000000000000, -1.000000000000000000, -0.000000000000000000 ) ) ;
#559 = DIRECTION ( 'NONE',  ( 0.000000000000000000, 1.000000000000000000, 0.000000000000000000 ) ) ;
#560 = DIRECTION ( 'NONE',  ( 0.000000000000000000, 0.000000000000000000, -1.000000000000000000 ) ) ;
#561 = DIRECTION ( 'NONE',  ( 0.000000000000000000, 0.000000000000000000, 1.000000000000000000 ) ) ;
#562 = EDGE_LOOP ( 'NONE', ( #2275, #1046, #355, #3776, #1989, #2943, #2892, #2383 ) ) ;
#563 = EDGE_CURVE ( 'NONE', #4003, #2462, #2225, .T. ) ;
#564 = AXIS2_PLACEMENT_3D ( 'NONE', #1466, #3709, #2767 ) ;
#565 = LINE ( 'NONE', #1300, #85 ) ;
#566 = EDGE_CURVE ( 'NONE', #624, #1383, #1002, .T. ) ;
#567 = ORIENTED_EDGE ( 'NONE', *, *, #2055, .T. ) ;
#568 = EDGE_CURVE ( 'NONE', #3111, #1435, #2650, .T. ) ;
#569 = ORIENTED_EDGE ( 'NONE', *, *, #1968, .F. ) ;
#570 = PRESENTATION_STYLE_ASSIGNMENT (( #3404 ) ) ;
#571 = ORIENTED_EDGE ( 'NONE', *, *, #2289, .F. ) ;
#572 = ORIENTED_EDGE ( 'NONE', *, *, #3719, .T. ) ;
#573 = DIRECTION ( 'NONE',  ( 0.000000000000000000, 0.000000000000000000, -1.000000000000000000 ) ) ;
#574 = CARTESIAN_POINT ( 'NONE',  ( 0.9300000000000000488, 0.2999999999999999889, -0.2500000000000000000 ) ) ;
#575 = CARTESIAN_POINT ( 'NONE',  ( -0.6700000000000004841, 0.6166146087398435283, -0.7399999999999999911 ) ) ;
#576 = VECTOR ( 'NONE', #1549, 1000.000000000000000 ) ;
#577 = VECTOR ( 'NONE', #425, 1000.000000000000000 ) ;
#578 = VECTOR ( 'NONE', #2369, 1000.000000000000000 ) ;
#579 = CIRCLE ( 'NONE', #2934, 0.08125000000000059952 ) ;
#580 = CARTESIAN_POINT ( 'NONE',  ( 0.1530176316622336719, 0.6095653579488616858, 0.7469433103554378173 ) ) ;
#581 = PLANE ( 'NONE',  #2301 ) ;
#582 = ORIENTED_EDGE ( 'NONE', *, *, #1928, .F. ) ;
#583 = EDGE_CURVE ( 'NONE', #40, #2394, #441, .T. ) ;
#584 = DIRECTION ( 'NONE',  ( 0.000000000000000000, -1.000000000000000000, 0.000000000000000000 ) ) ;
#585 = VERTEX_POINT ( 'NONE', #3892 ) ;
#586 = ORIENTED_EDGE ( 'NONE', *, *, #1512, .F. ) ;
#587 = ORIENTED_EDGE ( 'NONE', *, *, #2598, .T. ) ;
#588 = ORIENTED_EDGE ( 'NONE', *, *, #1254, .T. ) ;
#589 = CARTESIAN_POINT ( 'NONE',  ( 0.1555159421336126946, 0.6083390545010591843, -0.7483397902085366926 ) ) ;
#590 = CARTESIAN_POINT ( 'NONE',  ( 0.8999999999999999112, 0.000000000000000000, -0.7999999999999999334 ) ) ;
#591 = DIRECTION ( 'NONE',  ( -0.7071067811865466846, 0.000000000000000000, 0.7071067811865483499 ) ) ;
#592 = CARTESIAN_POINT ( 'NONE',  ( -0.5500000000000000444, 0.2999999999999999889, 0.2500000000000000000 ) ) ;
#593 = CARTESIAN_POINT ( 'NONE',  ( 1.000000000000000000, 0.5949999999999999734, -0.7999999999999999334 ) ) ;
#594 = CARTESIAN_POINT ( 'NONE',  ( 0.8592893218813457690, 0.2999999999999999889, 0.7300000000000000933 ) ) ;
#595 = VERTEX_POINT ( 'NONE', #3595 ) ;
#596 = DIRECTION ( 'NONE',  ( -0.000000000000000000, -1.000000000000000000, -0.000000000000000000 ) ) ;
#597 = EDGE_CURVE ( 'NONE', #1661, #585, #2655, .T. ) ;
#598 = LINE ( 'NONE', #4107, #3620 ) ;
#599 = CARTESIAN_POINT ( 'NONE',  ( -0.9300000000000000488, 0.2999999999999999889, 0.6592893218813449252 ) ) ;
#600 = ORIENTED_EDGE ( 'NONE', *, *, #3341, .F. ) ;
#601 = ORIENTED_EDGE ( 'NONE', *, *, #2900, .F. ) ;
#602 = ADVANCED_FACE ( 'NONE', ( #1102 ), #3570, .F. ) ;
#603 = VECTOR ( 'NONE', #3426, 1000.000000000000000 ) ;
#604 = VERTEX_POINT ( 'NONE', #2380 ) ;
#605 = EDGE_LOOP ( 'NONE', ( #3774, #662, #1651, #3421 ) ) ;
#606 = EDGE_CURVE ( 'NONE', #94, #3177, #111, .T. ) ;
#607 = AXIS2_PLACEMENT_3D ( 'NONE', #3830, #2888, #3128 ) ;
#608 = CARTESIAN_POINT ( 'NONE',  ( 0.1464029294192175645, 0.6126085575761792690, -0.7436987014552460806 ) ) ;
#609 = DIRECTION ( 'NONE',  ( -0.000000000000000000, 1.000000000000000000, 0.000000000000000000 ) ) ;
#610 = DIRECTION ( 'NONE',  ( -1.000000000000000000, 0.000000000000000000, 0.000000000000000000 ) ) ;
#611 = VECTOR ( 'NONE', #3734, 1000.000000000000000 ) ;
#612 = ADVANCED_FACE ( 'NONE', ( #1820 ), #3049, .F. ) ;
#613 = CARTESIAN_POINT ( 'NONE',  ( 1.000000000000000000, 0.2999999999999999889, 0.7999999999999999334 ) ) ;
#614 = CARTESIAN_POINT ( 'NONE',  ( -0.1464029294192175923, 0.6126085575761791580, 0.7436987014552460806 ) ) ;
#615 = CARTESIAN_POINT ( 'NONE',  ( 0.000000000000000000, 0.5949999999999999734, -0.7999999999999999334 ) ) ;
#616 = ORIENTED_EDGE ( 'NONE', *, *, #2149, .T. ) ;
#617 = CARTESIAN_POINT ( 'NONE',  ( 0.6700000000000000400, 0.6699999999999999289, 0.4699999999999999178 ) ) ;
#618 = AXIS2_PLACEMENT_3D ( 'NONE', #2470, #168, #520 ) ;
#619 = DIRECTION ( 'NONE',  ( -2.128853140844177604E-16, 0.000000000000000000, -1.000000000000000000 ) ) ;
#620 = DIRECTION ( 'NONE',  ( -0.000000000000000000, 1.000000000000000000, -0.000000000000000000 ) ) ;
#621 = CARTESIAN_POINT ( 'NONE',  ( 0.9200000000000000400, 3.936493098641637545, 0.4699999999999999178 ) ) ;
#622 = ORIENTED_EDGE ( 'NONE', *, *, #3360, .T. ) ;
#623 = MECHANICAL_DESIGN_GEOMETRIC_PRESENTATION_REPRESENTATION (  '', ( #2371 ), #101 ) ;
#624 = VERTEX_POINT ( 'NONE', #3030 ) ;
#625 = VERTEX_POINT ( 'NONE', #530 ) ;
#626 = EDGE_LOOP ( 'NONE', ( #2473, #1740, #1282, #3434 ) ) ;
#627 = ORIENTED_EDGE ( 'NONE', *, *, #2149, .F. ) ;
#628 = CARTESIAN_POINT ( 'NONE',  ( -0.9034074173710933131, 0.2999999999999999334, -0.7741180954897475264 ) ) ;
#629 = LINE ( 'NONE', #2928, #73 ) ;
#630 = DIRECTION ( 'NONE',  ( -2.258754526011467735E-16, -0.000000000000000000, 1.000000000000000000 ) ) ;
#631 = ORIENTED_EDGE ( 'NONE', *, *, #2811, .F. ) ;
#632 =( LENGTH_UNIT ( ) NAMED_UNIT ( * ) SI_UNIT ( .MILLI., .METRE. ) );
#633 = EDGE_CURVE ( 'NONE', #2946, #3838, #160, .T. ) ;
#634 = CARTESIAN_POINT ( 'NONE',  ( -0.9600000000000004086, 0.5999999999999998668, 0.000000000000000000 ) ) ;
#635 = LINE ( 'NONE', #1292, #1893 ) ;
#636 = DIRECTION ( 'NONE',  ( 0.000000000000000000, 0.000000000000000000, -1.000000000000000000 ) ) ;
#637 = ORIENTED_EDGE ( 'NONE', *, *, #1511, .T. ) ;
#638 = DIRECTION ( 'NONE',  ( 0.000000000000000000, 0.000000000000000000, -1.000000000000000000 ) ) ;
#639 = LINE ( 'NONE', #353, #576 ) ;
#640 = AXIS2_PLACEMENT_3D ( 'NONE', #3786, #18, #2506 ) ;
#641 = AXIS2_PLACEMENT_3D ( 'NONE', #2571, #1318, #2501 ) ;
#642 = LINE ( 'NONE', #4086, #743 ) ;
#643 = CARTESIAN_POINT ( 'NONE',  ( 0.9034074173710933131, 0.000000000000000000, -0.7741180954897475264 ) ) ;
#644 = DIRECTION ( 'NONE',  ( 0.7071067811865466846, 0.000000000000000000, -0.7071067811865483499 ) ) ;
#645 = DIRECTION ( 'NONE',  ( 0.000000000000000000, 0.000000000000000000, -1.000000000000000000 ) ) ;
#646 = ORIENTED_EDGE ( 'NONE', *, *, #3772, .T. ) ;
#647 = ADVANCED_FACE ( 'NONE', ( #3384 ), #1454, .T. ) ;
#648 = ORIENTED_EDGE ( 'NONE', *, *, #3157, .F. ) ;
#649 = COLOUR_RGB ( '',0.9686274509803921573, 0.8784313725490195957, 0.5999999999999999778 ) ;
#650 = ORIENTED_EDGE ( 'NONE', *, *, #3841, .T. ) ;
#651 = ORIENTED_EDGE ( 'NONE', *, *, #2119, .T. ) ;
#652 = DIRECTION ( 'NONE',  ( -0.000000000000000000, -1.000000000000000000, -0.000000000000000000 ) ) ;
#653 = CARTESIAN_POINT ( 'NONE',  ( 0.9200000000000000400, 0.7025000000000000133, -0.4699999999999999178 ) ) ;
#654 = ORIENTED_EDGE ( 'NONE', *, *, #1063, .T. ) ;
#655 = CARTESIAN_POINT ( 'NONE',  ( 0.9200000000000000400, 0.7500000000000006661, -0.4699999999999999178 ) ) ;
#656 = DIRECTION ( 'NONE',  ( 0.000000000000000000, 1.000000000000000000, -0.000000000000000000 ) ) ;
#657 = VECTOR ( 'NONE', #3554, 1000.000000000000000 ) ;
#658 = EDGE_LOOP ( 'NONE', ( #1064, #717, #1470, #821 ) ) ;
#659 = PLANE ( 'NONE',  #2100 ) ;
#660 = CARTESIAN_POINT ( 'NONE',  ( -0.5500000000000000444, 0.2999999999999999889, 0.2500000000000000000 ) ) ;
#661 = FACE_OUTER_BOUND ( 'NONE', #1769, .T. ) ;
#662 = ORIENTED_EDGE ( 'NONE', *, *, #689, .F. ) ;
#663 = EDGE_CURVE ( 'NONE', #3836, #2188, #4061, .T. ) ;
#664 = ORIENTED_EDGE ( 'NONE', *, *, #3803, .F. ) ;
#665 = ADVANCED_BREP_SHAPE_REPRESENTATION ( 'TX21-33015S-24.576-R', ( #115, #2858, #164, #1539, #1616, #1577, #1555, #2882, #3134 ), #3929 ) ;
#666 = EDGE_CURVE ( 'NONE', #2730, #3799, #4036, .T. ) ;
#667 = CARTESIAN_POINT ( 'NONE',  ( -0.1250000000000000000, 0.6166146087398435283, -0.7399999999999999911 ) ) ;
#668 = ORIENTED_EDGE ( 'NONE', *, *, #1742, .F. ) ;
#669 = ORIENTED_EDGE ( 'NONE', *, *, #2599, .T. ) ;
#670 = VECTOR ( 'NONE', #3510, 1000.000000000000114 ) ;
#671 = LINE ( 'NONE', #3244, #270 ) ;
#672 = CYLINDRICAL_SURFACE ( 'NONE', #406, 0.05999999999999994227 ) ;
#673 = ORIENTED_EDGE ( 'NONE', *, *, #3711, .T. ) ;
#674 = VECTOR ( 'NONE', #3025, 1000.000000000000000 ) ;
#675 = UNCERTAINTY_MEASURE_WITH_UNIT (LENGTH_MEASURE( 1.000000000000000082E-05 ), #1171, 'distance_accuracy_value', 'NONE');
#676 = EDGE_CURVE ( 'NONE', #3890, #1854, #1422, .T. ) ;
#677 = LINE ( 'NONE', #695, #911 ) ;
#678 =( NAMED_UNIT ( * ) PLANE_ANGLE_UNIT ( ) SI_UNIT ( $, .RADIAN. ) );
#679 = DIRECTION ( 'NONE',  ( 1.936075308009829417E-16, 0.000000000000000000, 1.000000000000000000 ) ) ;
#680 = VECTOR ( 'NONE', #3266, 1000.000000000000000 ) ;
#681 = ORIENTED_EDGE ( 'NONE', *, *, #434, .F. ) ;
#682 = CARTESIAN_POINT ( 'NONE',  ( 1.000000000000000000, 0.5949999999999999734, 0.6999999999999999556 ) ) ;
#683 = CARTESIAN_POINT ( 'NONE',  ( 1.000000000000000000, 0.5999999999999999778, -0.7999999999999999334 ) ) ;
#684 = CARTESIAN_POINT ( 'NONE',  ( -0.3499999999999999223, 1.114998880451715912, -0.7299999999999999822 ) ) ;
#685 = ORIENTED_EDGE ( 'NONE', *, *, #566, .T. ) ;
#686 = VECTOR ( 'NONE', #2183, 1000.000000000000000 ) ;
#687 = EDGE_CURVE ( 'NONE', #93, #3476, #2296, .T. ) ;
#688 = EDGE_CURVE ( 'NONE', #3419, #1673, #2666, .T. ) ;
#689 = EDGE_CURVE ( 'NONE', #3668, #3514, #2006, .T. ) ;
#690 = EDGE_LOOP ( 'NONE', ( #582, #1500, #1044, #3422, #3494, #2401, #1024, #2768 ) ) ;
#691 = DIRECTION ( 'NONE',  ( 0.000000000000000000, 1.000000000000000000, -0.000000000000000000 ) ) ;
#692 = ORIENTED_EDGE ( 'NONE', *, *, #479, .T. ) ;
#693 = CARTESIAN_POINT ( 'NONE',  ( -0.1849999999999999423, 0.8000000000000008216, -0.7999999999999999334 ) ) ;
#694 = ORIENTED_EDGE ( 'NONE', *, *, #997, .T. ) ;
#695 = CARTESIAN_POINT ( 'NONE',  ( 0.000000000000000000, 0.000000000000000000, -0.7999999999999999334 ) ) ;
#696 = CARTESIAN_POINT ( 'NONE',  ( -0.6700000000000004841, 0.7025000000000000133, 0.7199999999999998623 ) ) ;
#697 = ORIENTED_EDGE ( 'NONE', *, *, #3575, .F. ) ;
#698 = EDGE_CURVE ( 'NONE', #94, #93, #3516, .T. ) ;
#699 = PLANE ( 'NONE',  #2033 ) ;
#700 = DIRECTION ( 'NONE',  ( 0.000000000000000000, 0.000000000000000000, -1.000000000000000000 ) ) ;
#701 = AXIS2_PLACEMENT_3D ( 'NONE', #3254, #65, #3366 ) ;
#702 = AXIS2_PLACEMENT_3D ( 'NONE', #881, #3745, #471 ) ;
#703 = CARTESIAN_POINT ( 'NONE',  ( -0.6700000000000003730, 3.936493098641637545, 0.7199999999999999734 ) ) ;
#704 = LINE ( 'NONE', #3297, #3301 ) ;
#705 = CIRCLE ( 'NONE', #2933, 0.1999999999999999833 ) ;
#706 = CIRCLE ( 'NONE', #380, 0.05999999999999994227 ) ;
#707 = ORIENTED_EDGE ( 'NONE', *, *, #2138, .T. ) ;
#708 = CARTESIAN_POINT ( 'NONE',  ( -0.3499999999999999223, 0.2999999999999999334, 0.7299999999999999822 ) ) ;
#709 = ORIENTED_EDGE ( 'NONE', *, *, #554, .T. ) ;
#710 = VERTEX_POINT ( 'NONE', #2944 ) ;
#711 = LINE ( 'NONE', #2010, #1770 ) ;
#712 = VERTEX_POINT ( 'NONE', #3599 ) ;
#713 = ADVANCED_FACE ( 'NONE', ( #72 ), #2984, .T. ) ;
#714 = CYLINDRICAL_SURFACE ( 'NONE', #2853, 0.2500000000000000000 ) ;
#715 = DIRECTION ( 'NONE',  ( -0.7071067811865493491, 0.000000000000000000, 0.7071067811865456854 ) ) ;
#716 = CARTESIAN_POINT ( 'NONE',  ( -1.000000000000000000, 0.2999999999999999334, -0.7999999999999999334 ) ) ;
#717 = ORIENTED_EDGE ( 'NONE', *, *, #2664, .F. ) ;
#718 =( GEOMETRIC_REPRESENTATION_CONTEXT ( 3 ) GLOBAL_UNCERTAINTY_ASSIGNED_CONTEXT ( ( #1948 ) ) GLOBAL_UNIT_ASSIGNED_CONTEXT ( ( #334, #2575, #1594 ) ) REPRESENTATION_CONTEXT ( 'NONE', 'WORKASPACE' ) );
#719 = DIRECTION ( 'NONE',  ( -0.7071067811865457964, -0.000000000000000000, -0.7071067811865492381 ) ) ;
#720 = ADVANCED_FACE ( 'NONE', ( #131 ), #1690, .T. ) ;
#721 = LINE ( 'NONE', #2345, #3129 ) ;
#722 = CARTESIAN_POINT ( 'NONE',  ( -0.3499999999999999223, 0.000000000000000000, 0.7299999999999999822 ) ) ;
#723 = EDGE_CURVE ( 'NONE', #3602, #1978, #725, .T. ) ;
#724 = CARTESIAN_POINT ( 'NONE',  ( -0.8592893218813457690, 0.2999999999999999334, 0.7300000000000000933 ) ) ;
#725 = LINE ( 'NONE', #3006, #1723 ) ;
#726 = ORIENTED_EDGE ( 'NONE', *, *, #190, .F. ) ;
#727 = ORIENTED_EDGE ( 'NONE', *, *, #2180, .T. ) ;
#728 = ADVANCED_FACE ( 'NONE', ( #2962 ), #92, .F. ) ;
#729 = EDGE_CURVE ( 'NONE', #2814, #3799, #3649, .T. ) ;
#730 = DIRECTION ( 'NONE',  ( -1.000000000000000000, 0.000000000000000000, 0.000000000000000000 ) ) ;
#731 = DIRECTION ( 'NONE',  ( 0.7071067811865457964, -0.000000000000000000, 0.7071067811865492381 ) ) ;
#732 = ORIENTED_EDGE ( 'NONE', *, *, #2662, .F. ) ;
#733 = EDGE_CURVE ( 'NONE', #4050, #1371, #1981, .T. ) ;
#734 = VERTEX_POINT ( 'NONE', #3262 ) ;
#735 = LINE ( 'NONE', #2075, #1322 ) ;
#736 = TOROIDAL_SURFACE ( 'NONE', #3088, 0.3312500000000007105, 0.08125000000000057176 ) ;
#737 = CARTESIAN_POINT ( 'NONE',  ( 0.9300000000000000488, 0.000000000000000000, -0.2500000000000000000 ) ) ;
#738 = EDGE_CURVE ( 'NONE', #1276, #3857, #382, .T. ) ;
#739 = CARTESIAN_POINT ( 'NONE',  ( -0.1649890257362366108, 0.6031178577079726599, -0.7547090899501067707 ) ) ;
#740 = AXIS2_PLACEMENT_3D ( 'NONE', #3848, #2542, #2838 ) ;
#741 = ADVANCED_FACE ( 'NONE', ( #1710 ), #1065, .T. ) ;
#742 = CARTESIAN_POINT ( 'NONE',  ( 0.1250000000000000000, 0.5999999999999999778, 0.7999999999999999334 ) ) ;
#743 = VECTOR ( 'NONE', #19, 1000.000000000000000 ) ;
#744 = AXIS2_PLACEMENT_3D ( 'NONE', #21, #3551, #2871 ) ;
#745 = CARTESIAN_POINT ( 'NONE',  ( 0.9741180954897480371, 1.114998880451715912, -0.7034074173710930244 ) ) ;
#746 = CARTESIAN_POINT ( 'NONE',  ( -0.3499999999999999223, 1.114998880451715912, -0.7299999999999999822 ) ) ;
#747 = DIRECTION ( 'NONE',  ( 0.000000000000000000, -1.000000000000000000, 0.000000000000000000 ) ) ;
#748 = CARTESIAN_POINT ( 'NONE',  ( 0.9741180954897480371, 0.000000000000000000, 0.7034074173710930244 ) ) ;
#749 = AXIS2_PLACEMENT_3D ( 'NONE', #1527, #786, #518 ) ;
#750 = CARTESIAN_POINT ( 'NONE',  ( 0.3500000000000000333, 0.2999999999999999889, 0.2500000000000000000 ) ) ;
#751 = EDGE_LOOP ( 'NONE', ( #1615, #2173, #732, #1879, #3667, #116, #2279, #2024 ) ) ;
#752 = CARTESIAN_POINT ( 'NONE',  ( 0.3500000000000000333, 1.114998880451715912, 0.2500000000000000000 ) ) ;
#753 = ORIENTED_EDGE ( 'NONE', *, *, #1426, .F. ) ;
#754 = EDGE_LOOP ( 'NONE', ( #952, #1729, #3493, #2706, #529, #1548, #1306, #2747 ) ) ;
#755 = VECTOR ( 'NONE', #2617, 1000.000000000000000 ) ;
#756 = STYLED_ITEM ( 'NONE', ( #2192 ), #1577 ) ;
#757 = LINE ( 'NONE', #2050, #3827 ) ;
#758 = DIRECTION ( 'NONE',  ( 0.000000000000000000, -1.000000000000000000, 0.000000000000000000 ) ) ;
#759 = VERTEX_POINT ( 'NONE', #438 ) ;
#760 = ORIENTED_EDGE ( 'NONE', *, *, #3286, .F. ) ;
#761 = PRESENTATION_LAYER_ASSIGNMENT (  '', '', ( #2371 ) ) ;
#762 = CARTESIAN_POINT ( 'NONE',  ( -0.6700000000000004841, 0.7025000000000000133, 0.7199999999999998623 ) ) ;
#763 = DIRECTION ( 'NONE',  ( -0.000000000000000000, -1.000000000000000000, -0.000000000000000000 ) ) ;
#764 = DIRECTION ( 'NONE',  ( -1.000000000000000000, -0.000000000000000000, -0.000000000000000000 ) ) ;
#765 = CARTESIAN_POINT ( 'NONE',  ( -0.8700000000000003286, 0.7500000000000000000, 0.000000000000000000 ) ) ;
#766 = EDGE_CURVE ( 'NONE', #2533, #3468, #1728, .T. ) ;
#767 = CARTESIAN_POINT ( 'NONE',  ( 0.9300000000000000488, 0.2999999999999999334, 0.2500000000000000000 ) ) ;
#768 = DIRECTION ( 'NONE',  ( 2.258754526011467735E-16, 0.000000000000000000, 1.000000000000000000 ) ) ;
#769 = CARTESIAN_POINT ( 'NONE',  ( -0.5500000000000000444, 0.000000000000000000, 0.2500000000000000000 ) ) ;
#770 = AXIS2_PLACEMENT_3D ( 'NONE', #830, #3346, #1758 ) ;
#771 = AXIS2_PLACEMENT_3D ( 'NONE', #3679, #1460, #2739 ) ;
#772 = ORIENTED_EDGE ( 'NONE', *, *, #2291, .F. ) ;
#773 = ORIENTED_EDGE ( 'NONE', *, *, #1283, .T. ) ;
#774 = ORIENTED_EDGE ( 'NONE', *, *, #2452, .T. ) ;
#775 = AXIS2_PLACEMENT_3D ( 'NONE', #2981, #2661, #1061 ) ;
#776 = VECTOR ( 'NONE', #1263, 1000.000000000000000 ) ;
#777 = CARTESIAN_POINT ( 'NONE',  ( 0.1849999999999999423, 0.5999999999999999778, 0.8000000000000001554 ) ) ;
#778 = ORIENTED_EDGE ( 'NONE', *, *, #2798, .F. ) ;
#779 = CARTESIAN_POINT ( 'NONE',  ( -0.6700000000000003730, 0.7025000000000000133, -0.4699999999999999178 ) ) ;
#780 = CARTESIAN_POINT ( 'NONE',  ( -0.9200000000000003730, 3.936493098641637545, 0.4699999999999998623 ) ) ;
#781 = CARTESIAN_POINT ( 'NONE',  ( -0.9741180954897480371, 0.000000000000000000, 0.7034074173710930244 ) ) ;
#782 = VECTOR ( 'NONE', #1266, 1000.000000000000000 ) ;
#783 = CARTESIAN_POINT ( 'NONE',  ( -0.8592893218813457690, 0.2999999999999999889, -0.7300000000000000933 ) ) ;
#784 = ORIENTED_EDGE ( 'NONE', *, *, #3942, .F. ) ;
#785 = DIRECTION ( 'NONE',  ( 0.000000000000000000, -0.000000000000000000, 1.000000000000000000 ) ) ;
#786 = DIRECTION ( 'NONE',  ( 0.000000000000000000, 0.000000000000000000, -1.000000000000000000 ) ) ;
#787 = DIRECTION ( 'NONE',  ( 0.000000000000000000, -1.000000000000000000, 0.000000000000000000 ) ) ;
#788 = CYLINDRICAL_SURFACE ( 'NONE', #2832, 0.05999999999999994227 ) ;
#789 = EDGE_CURVE ( 'NONE', #3717, #3192, #3641, .T. ) ;
#790 = DIRECTION ( 'NONE',  ( 0.000000000000000000, 0.000000000000000000, 1.000000000000000000 ) ) ;
#791 = CLOSED_SHELL ( 'NONE', ( #2284, #3222, #2564, #3655, #3703, #1698, #3564, #3897, #3455 ) ) ;
#792 = EDGE_CURVE ( 'NONE', #3044, #3925, #1805, .T. ) ;
#793 = DIRECTION ( 'NONE',  ( -1.000000000000000000, 0.000000000000000000, 0.000000000000000000 ) ) ;
#794 = EDGE_LOOP ( 'NONE', ( #53, #2439, #2964, #3623 ) ) ;
#795 = VERTEX_POINT ( 'NONE', #2142 ) ;
#796 = ORIENTED_EDGE ( 'NONE', *, *, #2344, .T. ) ;
#797 = EDGE_CURVE ( 'NONE', #3246, #4003, #2451, .T. ) ;
#798 = VECTOR ( 'NONE', #33, 1000.000000000000000 ) ;
#799 = EDGE_CURVE ( 'NONE', #2148, #1444, #177, .T. ) ;
#800 = DIRECTION ( 'NONE',  ( 1.000000000000000000, -0.000000000000000000, 2.128853140844177604E-16 ) ) ;
#801 = CARTESIAN_POINT ( 'NONE',  ( 0.6700000000000000400, 0.5999999999999998668, 0.7600000000000000089 ) ) ;
#802 = DIRECTION ( 'NONE',  ( 1.000000000000000000, 0.000000000000000000, -8.091060988697793180E-17 ) ) ;
#803 = ORIENTED_EDGE ( 'NONE', *, *, #633, .T. ) ;
#804 = VERTEX_POINT ( 'NONE', #2182 ) ;
#805 = CARTESIAN_POINT ( 'NONE',  ( 0.8592893218813457690, 1.114998880451715912, -0.7300000000000000933 ) ) ;
#806 =( NAMED_UNIT ( * ) PLANE_ANGLE_UNIT ( ) SI_UNIT ( $, .RADIAN. ) );
#807 = DIRECTION ( 'NONE',  ( -0.000000000000000000, -1.000000000000000000, -0.000000000000000000 ) ) ;
#808 = PLANE ( 'NONE',  #1596 ) ;
#809 = ADVANCED_FACE ( 'NONE', ( #4120 ), #1248, .T. ) ;
#810 = DIRECTION ( 'NONE',  ( 0.000000000000000000, 0.000000000000000000, -1.000000000000000000 ) ) ;
#811 = CIRCLE ( 'NONE', #1959, 0.05000000000000002359 ) ;
#812 = LINE ( 'NONE', #1211, #3988 ) ;
#813 = CYLINDRICAL_SURFACE ( 'NONE', #1833, 0.08125000000000059952 ) ;
#814 = CARTESIAN_POINT ( 'NONE',  ( 0.3500000000000000333, 0.2999999999999999889, -0.2500000000000000000 ) ) ;
#815 = CIRCLE ( 'NONE', #2766, 0.1000000000000000472 ) ;
#816 = DIRECTION ( 'NONE',  ( -0.000000000000000000, 1.000000000000000000, -0.000000000000000000 ) ) ;
#817 = DIRECTION ( 'NONE',  ( -0.000000000000000000, 0.000000000000000000, 1.000000000000000000 ) ) ;
#818 = ORIENTED_EDGE ( 'NONE', *, *, #4051, .F. ) ;
#819 = EDGE_LOOP ( 'NONE', ( #572, #1903, #2728, #1204 ) ) ;
#820 = VECTOR ( 'NONE', #787, 1000.000000000000000 ) ;
#821 = ORIENTED_EDGE ( 'NONE', *, *, #877, .F. ) ;
#822 = EDGE_CURVE ( 'NONE', #3419, #3325, #3446, .T. ) ;
#823 = LINE ( 'NONE', #3024, #1634 ) ;
#824 =( NAMED_UNIT ( * ) PLANE_ANGLE_UNIT ( ) SI_UNIT ( $, .RADIAN. ) );
#825 = ORIENTED_EDGE ( 'NONE', *, *, #375, .F. ) ;
#826 = ORIENTED_EDGE ( 'NONE', *, *, #123, .F. ) ;
#827 = VECTOR ( 'NONE', #1865, 1000.000000000000000 ) ;
#828 = CARTESIAN_POINT ( 'NONE',  ( -0.6700000000000004841, 0.7025000000000000133, -0.7199999999999999734 ) ) ;
#829 = STYLED_ITEM ( 'NONE', ( #1518 ), #1555 ) ;
#830 = CARTESIAN_POINT ( 'NONE',  ( 0.9300000000000000488, 0.2999999999999999889, 0.2500000000000000000 ) ) ;
#831 = LINE ( 'NONE', #4038, #3793 ) ;
#832 = LINE ( 'NONE', #3761, #282 ) ;
#833 = AXIS2_PLACEMENT_3D ( 'NONE', #1961, #303, #3239 ) ;
#834 = CARTESIAN_POINT ( 'NONE',  ( -0.6700000000000003730, 0.7499999999999997780, -0.4699999999999999178 ) ) ;
#835 = EDGE_LOOP ( 'NONE', ( #2834, #843, #1625, #707 ) ) ;
#836 = LINE ( 'NONE', #2122, #3435 ) ;
#837 = DIRECTION ( 'NONE',  ( -0.000000000000000000, -1.000000000000000000, -0.000000000000000000 ) ) ;
#838 = ADVANCED_FACE ( 'NONE', ( #2804 ), #1528, .T. ) ;
#839 = DIRECTION ( 'NONE',  ( -1.936075308009829417E-16, 0.000000000000000000, -1.000000000000000000 ) ) ;
#840 = DIRECTION ( 'NONE',  ( 0.000000000000000000, 0.000000000000000000, -1.000000000000000000 ) ) ;
#841 = ORIENTED_EDGE ( 'NONE', *, *, #548, .F. ) ;
#842 = EDGE_LOOP ( 'NONE', ( #221, #2931, #2493, #1632 ) ) ;
#843 = ORIENTED_EDGE ( 'NONE', *, *, #992, .F. ) ;
#844 = DIRECTION ( 'NONE',  ( 0.000000000000000000, 0.000000000000000000, 1.000000000000000000 ) ) ;
#845 = CARTESIAN_POINT ( 'NONE',  ( -0.9300000000000000488, 0.2999999999999999334, -0.6592893218813449252 ) ) ;
#846 = LINE ( 'NONE', #2089, #4131 ) ;
#847 = CARTESIAN_POINT ( 'NONE',  ( 0.9200000000000000400, 3.936493098641637545, -0.4699999999999999178 ) ) ;
#848 = ORIENTED_EDGE ( 'NONE', *, *, #2900, .T. ) ;
#849 = ORIENTED_EDGE ( 'NONE', *, *, #2557, .T. ) ;
#850 = DIRECTION ( 'NONE',  ( -0.7071067811865483499, 0.000000000000000000, 0.7071067811865466846 ) ) ;
#851 = VECTOR ( 'NONE', #3579, 1000.000000000000000 ) ;
#852 = VECTOR ( 'NONE', #2761, 1000.000000000000000 ) ;
#853 = FILL_AREA_STYLE_COLOUR ( '', #2457 ) ;
#854 = DIRECTION ( 'NONE',  ( -0.000000000000000000, -1.000000000000000000, -0.000000000000000000 ) ) ;
#855 = ADVANCED_FACE ( 'NONE', ( #3143 ), #3125, .F. ) ;
#856 = CARTESIAN_POINT ( 'NONE',  ( 0.3499999999999999223, 1.114998880451715912, 0.7299999999999999822 ) ) ;
#857 = STYLED_ITEM ( 'NONE', ( #3821 ), #665 ) ;
#858 = CARTESIAN_POINT ( 'NONE',  ( 0.6700000000000000400, 0.6700000000000001510, 0.8012500000000006839 ) ) ;
#859 = CARTESIAN_POINT ( 'NONE',  ( 0.9300000000000000488, 0.2999999999999999889, 0.6592893218813449252 ) ) ;
#860 = CARTESIAN_POINT ( 'NONE',  ( 0.8592893218813457690, 0.000000000000000000, -0.7300000000000000933 ) ) ;
#861 = DIRECTION ( 'NONE',  ( -0.7071067811865483499, -0.000000000000000000, -0.7071067811865466846 ) ) ;
#862 = CARTESIAN_POINT ( 'NONE',  ( -0.3499999999999999223, 0.2999999999999999889, -0.7299999999999999822 ) ) ;
#863 = ORIENTED_EDGE ( 'NONE', *, *, #3568, .F. ) ;
#864 = EDGE_CURVE ( 'NONE', #3751, #734, #2489, .T. ) ;
#865 = VERTEX_POINT ( 'NONE', #3394 ) ;
#866 = ADVANCED_FACE ( 'NONE', ( #2762 ), #2821, .F. ) ;
#867 = SHAPE_DEFINITION_REPRESENTATION ( #2096, #665 ) ;
#868 = ADVANCED_FACE ( 'NONE', ( #1212 ), #3746, .F. ) ;
#869 = CARTESIAN_POINT ( 'NONE',  ( 0.1250000000000000000, 0.8000000000000008216, 0.7399999999999999911 ) ) ;
#870 = CLOSED_SHELL ( 'NONE', ( #339, #3103, #2926, #64, #874, #31, #1184, #3477, #741 ) ) ;
#871 = VERTEX_POINT ( 'NONE', #1508 ) ;
#872 = EDGE_LOOP ( 'NONE', ( #1091, #3084, #1849, #727 ) ) ;
#873 = AXIS2_PLACEMENT_3D ( 'NONE', #475, #2393, #1766 ) ;
#874 = ADVANCED_FACE ( 'NONE', ( #1230 ), #2784, .T. ) ;
#875 = EDGE_CURVE ( 'NONE', #3132, #94, #1201, .T. ) ;
#876 = LINE ( 'NONE', #2800, #3901 ) ;
#877 = EDGE_CURVE ( 'NONE', #108, #804, #2157, .T. ) ;
#878 = PRESENTATION_STYLE_ASSIGNMENT (( #2139 ) ) ;
#879 = CYLINDRICAL_SURFACE ( 'NONE', #2547, 0.2499999999999999445 ) ;
#880 = PLANE ( 'NONE',  #1086 ) ;
#881 = CARTESIAN_POINT ( 'NONE',  ( -1.000000000000000000, 0.000000000000000000, -0.7999999999999999334 ) ) ;
#882 = CARTESIAN_POINT ( 'NONE',  ( 0.6700000000000000400, 0.7025000000000000133, -0.7199999999999999734 ) ) ;
#883 = ORIENTED_EDGE ( 'NONE', *, *, #4118, .T. ) ;
#884 = CARTESIAN_POINT ( 'NONE',  ( -0.6700000000000004841, 0.7025000000000000133, -0.7199999999999999734 ) ) ;
#885 = LINE ( 'NONE', #3769, #1792 ) ;
#886 = AXIS2_PLACEMENT_3D ( 'NONE', #907, #2156, #2500 ) ;
#887 = CARTESIAN_POINT ( 'NONE',  ( 0.6700000000000000400, 0.8000000000000000444, 0.6699999999999998179 ) ) ;
#888 = ORIENTED_EDGE ( 'NONE', *, *, #3101, .F. ) ;
#889 = VECTOR ( 'NONE', #2019, 1000.000000000000000 ) ;
#890 = VECTOR ( 'NONE', #2879, 1000.000000000000000 ) ;
#891 = ORIENTED_EDGE ( 'NONE', *, *, #4066, .F. ) ;
#892 = VERTEX_POINT ( 'NONE', #1847 ) ;
#893 = DIRECTION ( 'NONE',  ( 0.000000000000000000, 0.000000000000000000, -1.000000000000000000 ) ) ;
#894 =( NAMED_UNIT ( * ) SI_UNIT ( $, .STERADIAN. ) SOLID_ANGLE_UNIT ( ) );
#895 = VECTOR ( 'NONE', #2103, 1000.000000000000000 ) ;
#896 = AXIS2_PLACEMENT_3D ( 'NONE', #2988, #112, #1386 ) ;
#897 = PLANE ( 'NONE',  #1441 ) ;
#898 = CARTESIAN_POINT ( 'NONE',  ( -0.3500000000000000333, 0.2999999999999999889, -0.2500000000000000000 ) ) ;
#899 = PLANE ( 'NONE',  #4041 ) ;
#900 = ORIENTED_EDGE ( 'NONE', *, *, #2972, .T. ) ;
#901 = FACE_OUTER_BOUND ( 'NONE', #2420, .T. ) ;
#902 = ORIENTED_EDGE ( 'NONE', *, *, #2049, .F. ) ;
#903 = EDGE_LOOP ( 'NONE', ( #1878, #650, #3215, #1008 ) ) ;
#904 = ORIENTED_EDGE ( 'NONE', *, *, #1148, .F. ) ;
#905 = EDGE_LOOP ( 'NONE', ( #1163, #457, #753, #1752 ) ) ;
#906 = LINE ( 'NONE', #365, #957 ) ;
#907 = CARTESIAN_POINT ( 'NONE',  ( -0.5500000000000000444, 0.2999999999999999889, 0.2500000000000000000 ) ) ;
#908 = EDGE_CURVE ( 'NONE', #3940, #4003, #811, .T. ) ;
#909 = LINE ( 'NONE', #3507, #782 ) ;
#910 = VECTOR ( 'NONE', #3727, 1000.000000000000000 ) ;
#911 = VECTOR ( 'NONE', #1351, 1000.000000000000000 ) ;
#912 = ADVANCED_FACE ( 'NONE', ( #1591 ), #38, .T. ) ;
#913 = TOROIDAL_SURFACE ( 'NONE', #775, 0.1999999999999999556, 0.05000000000000000278 ) ;
#914 = AXIS2_PLACEMENT_3D ( 'NONE', #3695, #1503, #2778 ) ;
#915 = DIRECTION ( 'NONE',  ( -0.000000000000000000, -0.000000000000000000, 1.000000000000000000 ) ) ;
#916 = DIRECTION ( 'NONE',  ( 0.000000000000000000, -0.000000000000000000, -1.000000000000000000 ) ) ;
#917 = DIRECTION ( 'NONE',  ( 0.000000000000000000, 0.000000000000000000, -1.000000000000000000 ) ) ;
#918 = ORIENTED_EDGE ( 'NONE', *, *, #4030, .F. ) ;
#919 = DIRECTION ( 'NONE',  ( 0.000000000000000000, -1.000000000000000000, 0.000000000000000000 ) ) ;
#920 = EDGE_CURVE ( 'NONE', #3857, #304, #7, .T. ) ;
#921 = CARTESIAN_POINT ( 'NONE',  ( -0.8592893218813457690, 0.000000000000000000, 0.7300000000000000933 ) ) ;
#922 = LINE ( 'NONE', #1771, #1643 ) ;
#923 = LINE ( 'NONE', #1417, #1420 ) ;
#924 = EDGE_CURVE ( 'NONE', #2303, #4076, #3685, .T. ) ;
#925 = EDGE_LOOP ( 'NONE', ( #1468, #1520, #2112, #2005 ) ) ;
#926 = ORIENTED_EDGE ( 'NONE', *, *, #4016, .T. ) ;
#927 = DIRECTION ( 'NONE',  ( 1.000000000000000000, 0.000000000000000000, 0.000000000000000000 ) ) ;
#928 = ORIENTED_EDGE ( 'NONE', *, *, #190, .T. ) ;
#929 = EDGE_CURVE ( 'NONE', #3199, #892, #3224, .T. ) ;
#930 = EDGE_LOOP ( 'NONE', ( #1631, #841, #1650, #1022 ) ) ;
#931 = CARTESIAN_POINT ( 'NONE',  ( 0.1361812509745528310, 0.6156584162717905206, -0.7408098525794798439 ) ) ;
#932 = CARTESIAN_POINT ( 'NONE',  ( 0.6700000000000000400, 0.7500000000000006661, 0.7199999999999999734 ) ) ;
#933 = LINE ( 'NONE', #3482, #3758 ) ;
#934 = CARTESIAN_POINT ( 'NONE',  ( -0.9300000000000000488, 0.000000000000000000, -0.6592893218813449252 ) ) ;
#935 = CARTESIAN_POINT ( 'NONE',  ( 0.6700000000000000400, 0.6700000000000001510, -0.4699999999999999178 ) ) ;
#936 = CARTESIAN_POINT ( 'NONE',  ( -0.8592893218813457690, 0.2999999999999999889, 0.7300000000000000933 ) ) ;
#937 = ADVANCED_FACE ( 'NONE', ( #2525 ), #2684, .F. ) ;
#938 = DIRECTION ( 'NONE',  ( -1.000000000000000000, 0.000000000000000000, 2.128853140844177604E-16 ) ) ;
#939 = CARTESIAN_POINT ( 'NONE',  ( 1.001250000000000862, 0.6700000000000001510, -0.4699999999999999178 ) ) ;
#940 = CARTESIAN_POINT ( 'NONE',  ( 0.6700000000000000400, 0.7025000000000000133, 0.7199999999999999734 ) ) ;
#941 = EDGE_LOOP ( 'NONE', ( #891, #569, #977, #3511, #2255, #54, #697, #2496 ) ) ;
#942 = ORIENTED_EDGE ( 'NONE', *, *, #2232, .F. ) ;
#943 =( GEOMETRIC_REPRESENTATION_CONTEXT ( 3 ) GLOBAL_UNCERTAINTY_ASSIGNED_CONTEXT ( ( #3528 ) ) GLOBAL_UNIT_ASSIGNED_CONTEXT ( ( #1639, #678, #3824 ) ) REPRESENTATION_CONTEXT ( 'NONE', 'WORKASPACE' ) );
#944 = AXIS2_PLACEMENT_3D ( 'NONE', #113, #419, #2647 ) ;
#945 = EDGE_LOOP ( 'NONE', ( #1314, #74, #3220, #4049 ) ) ;
#946 = ORIENTED_EDGE ( 'NONE', *, *, #3883, .F. ) ;
#947 = EDGE_CURVE ( 'NONE', #1413, #2808, #635, .T. ) ;
#948 = AXIS2_PLACEMENT_3D ( 'NONE', #958, #2253, #1215 ) ;
#949 = CARTESIAN_POINT ( 'NONE',  ( -0.6700000000000003730, 0.7499999999999997780, 0.4699999999999999178 ) ) ;
#950 = LINE ( 'NONE', #3504, #249 ) ;
#951 = PLANE ( 'NONE',  #3615 ) ;
#952 = ORIENTED_EDGE ( 'NONE', *, *, #877, .T. ) ;
#953 = CARTESIAN_POINT ( 'NONE',  ( 0.1374963970754174425, 0.6151415517982427028, 0.7413157596953534600 ) ) ;
#954 = LINE ( 'NONE', #3167, #187 ) ;
#955 = ORIENTED_EDGE ( 'NONE', *, *, #59, .T. ) ;
#956 = VECTOR ( 'NONE', #2789, 1000.000000000000000 ) ;
#957 = VECTOR ( 'NONE', #966, 1000.000000000000000 ) ;
#958 = CARTESIAN_POINT ( 'NONE',  ( -0.6700000000000004841, 0.7900000000000000355, 0.4699999999999999178 ) ) ;
#959 = EDGE_CURVE ( 'NONE', #2259, #3941, #1279, .T. ) ;
#960 = CARTESIAN_POINT ( 'NONE',  ( -0.9200000000000003730, 0.7025000000000000133, 0.4699999999999998623 ) ) ;
#961 = ORIENTED_EDGE ( 'NONE', *, *, #2848, .F. ) ;
#962 = CIRCLE ( 'NONE', #3440, 0.1000000000000001582 ) ;
#963 = VERTEX_POINT ( 'NONE', #781 ) ;
#964 = ORIENTED_EDGE ( 'NONE', *, *, #2180, .F. ) ;
#965 = EDGE_LOOP ( 'NONE', ( #1773, #2540, #1581, #3257, #3119, #3642, #1236, #2233, #3045, #1265, #3194, #2413, #400, #2702, #1716, #357, #1916 ) ) ;
#966 = DIRECTION ( 'NONE',  ( 1.000000000000000000, 0.000000000000000000, -2.128853140844177604E-16 ) ) ;
#967 = CARTESIAN_POINT ( 'NONE',  ( 0.9300000000000000488, 0.000000000000000000, 0.2500000000000000000 ) ) ;
#968 = LINE ( 'NONE', #693, #1412 ) ;
#969 = ORIENTED_EDGE ( 'NONE', *, *, #3028, .T. ) ;
#970 = ADVANCED_FACE ( 'NONE', ( #3967 ), #162, .F. ) ;
#971 = EDGE_CURVE ( 'NONE', #1813, #2585, #1433, .T. ) ;
#972 = AXIS2_PLACEMENT_3D ( 'NONE', #1888, #837, #208 ) ;
#973 = MECHANICAL_DESIGN_GEOMETRIC_PRESENTATION_REPRESENTATION (  '', ( #1724 ), #3862 ) ;
#974 = DIRECTION ( 'NONE',  ( 0.000000000000000000, -1.000000000000000000, 0.000000000000000000 ) ) ;
#975 = FILL_AREA_STYLE_COLOUR ( '', #3547 ) ;
#976 = DIRECTION ( 'NONE',  ( 0.7071067811865456854, 0.000000000000000000, -0.7071067811865493491 ) ) ;
#977 = ORIENTED_EDGE ( 'NONE', *, *, #485, .F. ) ;
#978 = EDGE_CURVE ( 'NONE', #1947, #444, #2693, .T. ) ;
#979 = DIRECTION ( 'NONE',  ( -0.000000000000000000, 1.000000000000000000, 0.000000000000000000 ) ) ;
#980 = VECTOR ( 'NONE', #2642, 1000.000000000000114 ) ;
#981 = AXIS2_PLACEMENT_3D ( 'NONE', #497, #1181, #3728 ) ;
#982 = CARTESIAN_POINT ( 'NONE',  ( -0.3499999999999999223, 0.2999999999999999889, 0.7299999999999999822 ) ) ;
#983 = DIRECTION ( 'NONE',  ( 0.000000000000000000, 0.000000000000000000, 1.000000000000000000 ) ) ;
#984 = CARTESIAN_POINT ( 'NONE',  ( -0.1250000000000000000, 0.000000000000000000, 0.7399999999999999911 ) ) ;
#985 = EDGE_LOOP ( 'NONE', ( #3601, #1167, #1472, #1896 ) ) ;
#986 = VERTEX_POINT ( 'NONE', #426 ) ;
#987 = DIRECTION ( 'NONE',  ( 0.000000000000000000, 0.000000000000000000, 1.000000000000000000 ) ) ;
#988 = AXIS2_PLACEMENT_3D ( 'NONE', #2526, #2937, #3930 ) ;
#989 = FACE_OUTER_BOUND ( 'NONE', #2710, .T. ) ;
#990 = EDGE_LOOP ( 'NONE', ( #3665, #1186, #1220, #3195, #2068, #3540, #1692 ) ) ;
#991 = ORIENTED_EDGE ( 'NONE', *, *, #738, .F. ) ;
#992 = EDGE_CURVE ( 'NONE', #2046, #3192, #1778, .T. ) ;
#993 = CARTESIAN_POINT ( 'NONE',  ( -0.9034074173710933131, 1.114998880451715912, 0.7741180954897475264 ) ) ;
#994 = CARTESIAN_POINT ( 'NONE',  ( 0.6700000000000000400, 0.5999999999999998668, 0.7599999999999998979 ) ) ;
#995 = ORIENTED_EDGE ( 'NONE', *, *, #1254, .F. ) ;
#996 = ADVANCED_FACE ( 'NONE', ( #1100 ), #736, .F. ) ;
#997 = EDGE_CURVE ( 'NONE', #804, #3536, #446, .T. ) ;
#998 = LINE ( 'NONE', #780, #3391 ) ;
#999 = DIRECTION ( 'NONE',  ( -0.000000000000000000, -1.000000000000000000, -0.000000000000000000 ) ) ;
#1000 = ORIENTED_EDGE ( 'NONE', *, *, #1856, .F. ) ;
#1001 = EDGE_CURVE ( 'NONE', #3940, #1919, #404, .T. ) ;
#1002 = LINE ( 'NONE', #449, #46 ) ;
#1003 = CARTESIAN_POINT ( 'NONE',  ( -0.9034074173710933131, 0.2999999999999999889, -0.7741180954897475264 ) ) ;
#1004 = ORIENTED_EDGE ( 'NONE', *, *, #2660, .T. ) ;
#1005 = EDGE_LOOP ( 'NONE', ( #2, #685, #3153, #346 ) ) ;
#1006 = ORIENTED_EDGE ( 'NONE', *, *, #180, .F. ) ;
#1007 = CARTESIAN_POINT ( 'NONE',  ( -0.1250000000000000000, 0.8000000000000008216, -0.7999999999999999334 ) ) ;
#1008 = ORIENTED_EDGE ( 'NONE', *, *, #554, .F. ) ;
#1009 = AXIS2_PLACEMENT_3D ( 'NONE', #1055, #488, #3654 ) ;
#1010 = DIRECTION ( 'NONE',  ( 0.000000000000000000, 1.000000000000000000, -0.000000000000000000 ) ) ;
#1011 = DIRECTION ( 'NONE',  ( -1.000000000000000000, 0.000000000000000000, 0.000000000000000000 ) ) ;
#1012 = VERTEX_POINT ( 'NONE', #103 ) ;
#1013 = CARTESIAN_POINT ( 'NONE',  ( 0.9034074173710933131, 1.114998880451715912, -0.7741180954897475264 ) ) ;
#1014 = CARTESIAN_POINT ( 'NONE',  ( -0.9034074173710933131, 0.000000000000000000, 0.7741180954897475264 ) ) ;
#1015 = VECTOR ( 'NONE', #2000, 1000.000000000000000 ) ;
#1016 = ORIENTED_EDGE ( 'NONE', *, *, #2770, .T. ) ;
#1017 = DIRECTION ( 'NONE',  ( -0.7071067811865483499, 0.000000000000000000, -0.7071067811865466846 ) ) ;
#1018 = FACE_OUTER_BOUND ( 'NONE', #842, .T. ) ;
#1019 = CIRCLE ( 'NONE', #1765, 0.05000000000000002359 ) ;
#1020 = CARTESIAN_POINT ( 'NONE',  ( 0.3500000000000000333, 0.000000000000000000, -0.2500000000000000000 ) ) ;
#1021 = LINE ( 'NONE', #3578, #3707 ) ;
#1022 = ORIENTED_EDGE ( 'NONE', *, *, #1516, .T. ) ;
#1023 = DIRECTION ( 'NONE',  ( 0.000000000000000000, 0.000000000000000000, -1.000000000000000000 ) ) ;
#1024 = ORIENTED_EDGE ( 'NONE', *, *, #3101, .T. ) ;
#1025 = ORIENTED_EDGE ( 'NONE', *, *, #1133, .T. ) ;
#1026 = DIRECTION ( 'NONE',  ( 0.000000000000000000, 0.000000000000000000, 1.000000000000000000 ) ) ;
#1027 = FACE_OUTER_BOUND ( 'NONE', #965, .T. ) ;
#1028 = EDGE_LOOP ( 'NONE', ( #3290, #3359, #2395, #3240 ) ) ;
#1029 = EDGE_CURVE ( 'NONE', #585, #3925, #2974, .T. ) ;
#1030 = LINE ( 'NONE', #3369, #1278 ) ;
#1032 = EDGE_CURVE ( 'NONE', #1405, #3339, #2349, .T. ) ;
#1031 = CARTESIAN_POINT ( 'NONE',  ( -0.1697213595499957040, 0.5999999999999999778, 0.7599999999999998979 ) ) ;
#1033 = ORIENTED_EDGE ( 'NONE', *, *, #2289, .T. ) ;
#1034 = DIRECTION ( 'NONE',  ( -1.000000000000000000, 0.000000000000000000, 0.000000000000000000 ) ) ;
#1035 = EDGE_CURVE ( 'NONE', #1383, #2829, #1030, .T. ) ;
#1036 = LINE ( 'NONE', #1956, #755 ) ;
#1037 = DIRECTION ( 'NONE',  ( 2.258754526011467735E-16, 0.000000000000000000, -1.000000000000000000 ) ) ;
#1038 = AXIS2_PLACEMENT_3D ( 'NONE', #1800, #202, #1475 ) ;
#1039 = FACE_OUTER_BOUND ( 'NONE', #1875, .T. ) ;
#1040 = EDGE_CURVE ( 'NONE', #986, #304, #2339, .T. ) ;
#1041 = DIRECTION ( 'NONE',  ( 0.7071067811865457964, -0.000000000000000000, 0.7071067811865492381 ) ) ;
#1042 = EDGE_CURVE ( 'NONE', #3916, #865, #1214, .T. ) ;
#1043 = DIRECTION ( 'NONE',  ( 0.000000000000000000, 0.000000000000000000, -1.000000000000000000 ) ) ;
#1044 = ORIENTED_EDGE ( 'NONE', *, *, #2474, .T. ) ;
#1045 = CARTESIAN_POINT ( 'NONE',  ( 0.9300000000000000488, 1.114998880451715912, -0.2500000000000000000 ) ) ;
#1046 = ORIENTED_EDGE ( 'NONE', *, *, #929, .T. ) ;
#1047 = ORIENTED_EDGE ( 'NONE', *, *, #498, .F. ) ;
#1048 = AXIS2_PLACEMENT_3D ( 'NONE', #716, #448, #2014 ) ;
#1049 = LINE ( 'NONE', #2355, #2699 ) ;
#1050 = ADVANCED_FACE ( 'NONE', ( #3591 ), #464, .F. ) ;
#1051 = CARTESIAN_POINT ( 'NONE',  ( -0.6700000000000004841, 0.7500000000000000000, -0.6699999999999999289 ) ) ;
#1052 = VERTEX_POINT ( 'NONE', #737 ) ;
#1053 = DIRECTION ( 'NONE',  ( -1.000000000000000000, 0.000000000000000000, 2.128853140844177604E-16 ) ) ;
#1054 = DIRECTION ( 'NONE',  ( 0.000000000000000000, 0.000000000000000000, -1.000000000000000000 ) ) ;
#1055 = CARTESIAN_POINT ( 'NONE',  ( 0.9741180954897480371, 0.2999999999999999889, -0.7034074173710930244 ) ) ;
#1056 = CARTESIAN_POINT ( 'NONE',  ( 0.8592893218813457690, 0.2999999999999999889, -0.7300000000000000933 ) ) ;
#1057 = DIRECTION ( 'NONE',  ( 0.000000000000000000, 0.000000000000000000, 1.000000000000000000 ) ) ;
#1058 = LINE ( 'NONE', #1416, #3694 ) ;
#1059 = PLANE ( 'NONE',  #3174 ) ;
#1060 = CARTESIAN_POINT ( 'NONE',  ( -0.1250000000000000000, 0.8000000000000008216, -0.7399999999999999911 ) ) ;
#1061 = DIRECTION ( 'NONE',  ( 0.000000000000000000, 0.000000000000000000, 1.000000000000000000 ) ) ;
#1062 = LINE ( 'NONE', #2370, #4032 ) ;
#1063 = EDGE_CURVE ( 'NONE', #1344, #4134, #3357, .T. ) ;
#1064 = ORIENTED_EDGE ( 'NONE', *, *, #1852, .T. ) ;
#1065 = PLANE ( 'NONE',  #2512 ) ;
#1066 = VERTEX_POINT ( 'NONE', #119 ) ;
#1067 = ORIENTED_EDGE ( 'NONE', *, *, #766, .T. ) ;
#1068 = DIRECTION ( 'NONE',  ( -1.000000000000000000, 0.000000000000000000, -5.607942271476745202E-16 ) ) ;
#1069 = PLANE ( 'NONE',  #2487 ) ;
#1070 = ORIENTED_EDGE ( 'NONE', *, *, #2476, .T. ) ;
#1071 = EDGE_LOOP ( 'NONE', ( #2086, #1327, #995, #2357 ) ) ;
#1072 = DIRECTION ( 'NONE',  ( 0.000000000000000000, -0.000000000000000000, -1.000000000000000000 ) ) ;
#1073 = AXIS2_PLACEMENT_3D ( 'NONE', #1885, #854, #3411 ) ;
#1074 = CARTESIAN_POINT ( 'NONE',  ( -0.9300000000000000488, 1.114998880451715912, -0.6592893218813449252 ) ) ;
#1075 = DIRECTION ( 'NONE',  ( 0.000000000000000000, 0.000000000000000000, -1.000000000000000000 ) ) ;
#1076 = LINE ( 'NONE', #2362, #1199 ) ;
#1077 = AXIS2_PLACEMENT_3D ( 'NONE', #1844, #1821, #3096 ) ;
#1078 = AXIS2_PLACEMENT_3D ( 'NONE', #1464, #2743, #839 ) ;
#1079 = CIRCLE ( 'NONE', #1092, 0.08125000000000059952 ) ;
#1080 = LINE ( 'NONE', #767, #2429 ) ;
#1081 = CARTESIAN_POINT ( 'NONE',  ( -0.3500000000000000333, 1.114998880451715912, -0.2500000000000000000 ) ) ;
#1082 = CARTESIAN_POINT ( 'NONE',  ( -0.9034074173710933131, 0.2999999999999999889, 0.7741180954897475264 ) ) ;
#1083 = DIRECTION ( 'NONE',  ( -8.091060988697793180E-17, 0.000000000000000000, -1.000000000000000000 ) ) ;
#1084 = ADVANCED_FACE ( 'NONE', ( #3631 ), #1392, .F. ) ;
#1085 = LINE ( 'NONE', #3577, #889 ) ;
#1086 = AXIS2_PLACEMENT_3D ( 'NONE', #3659, #810, #3973 ) ;
#1087 =( NAMED_UNIT ( * ) PLANE_ANGLE_UNIT ( ) SI_UNIT ( $, .RADIAN. ) );
#1088 = VERTEX_POINT ( 'NONE', #2057 ) ;
#1089 = DIRECTION ( 'NONE',  ( -0.000000000000000000, -0.000000000000000000, -1.000000000000000000 ) ) ;
#1090 = ORIENTED_EDGE ( 'NONE', *, *, #430, .F. ) ;
#1091 = ORIENTED_EDGE ( 'NONE', *, *, #83, .F. ) ;
#1092 = AXIS2_PLACEMENT_3D ( 'NONE', #198, #1469, #3714 ) ;
#1093 = CARTESIAN_POINT ( 'NONE',  ( 0.1250000000000000000, 0.8000000000000008216, -0.7999999999999999334 ) ) ;
#1094 = VERTEX_POINT ( 'NONE', #3331 ) ;
#1095 = ORIENTED_EDGE ( 'NONE', *, *, #2466, .F. ) ;
#1096 = CIRCLE ( 'NONE', #873, 0.1000000000000001582 ) ;
#1097 = DIRECTION ( 'NONE',  ( 1.000000000000000000, 0.000000000000000000, -0.000000000000000000 ) ) ;
#1098 = ADVANCED_FACE ( 'NONE', ( #3012 ), #879, .T. ) ;
#1099 = CARTESIAN_POINT ( 'NONE',  ( -0.8592893218813457690, 1.114998880451715912, 0.7300000000000000933 ) ) ;
#1100 = FACE_OUTER_BOUND ( 'NONE', #2746, .T. ) ;
#1101 = DIRECTION ( 'NONE',  ( -0.000000000000000000, 1.000000000000000000, 0.000000000000000000 ) ) ;
#1102 = FACE_OUTER_BOUND ( 'NONE', #3621, .T. ) ;
#1103 = EDGE_CURVE ( 'NONE', #1678, #2685, #2198, .T. ) ;
#1104 = DIRECTION ( 'NONE',  ( 0.000000000000000000, 0.000000000000000000, -1.000000000000000000 ) ) ;
#1105 = LINE ( 'NONE', #2720, #2237 ) ;
#1106 = EDGE_CURVE ( 'NONE', #3281, #2069, #1154, .T. ) ;
#1107 = DIRECTION ( 'NONE',  ( 0.000000000000000000, 1.000000000000000000, 0.000000000000000000 ) ) ;
#1108 = SURFACE_STYLE_USAGE ( .BOTH. , #536 ) ;
#1109 = DIRECTION ( 'NONE',  ( 0.000000000000000000, 1.000000000000000000, 0.000000000000000000 ) ) ;
#1110 = AXIS2_PLACEMENT_3D ( 'NONE', #2310, #1750, #1023 ) ;
#1111 = AXIS2_PLACEMENT_3D ( 'NONE', #1507, #2141, #4083 ) ;
#1112 = DIRECTION ( 'NONE',  ( -1.000000000000000000, -0.000000000000000000, -0.000000000000000000 ) ) ;
#1113 = ORIENTED_EDGE ( 'NONE', *, *, #1381, .T. ) ;
#1114 = ORIENTED_EDGE ( 'NONE', *, *, #789, .F. ) ;
#1115 = ORIENTED_EDGE ( 'NONE', *, *, #2113, .F. ) ;
#1116 = VECTOR ( 'NONE', #2649, 1000.000000000000114 ) ;
#1117 = VECTOR ( 'NONE', #226, 1000.000000000000000 ) ;
#1118 = DIRECTION ( 'NONE',  ( -0.000000000000000000, -1.000000000000000000, -0.000000000000000000 ) ) ;
#1119 = CARTESIAN_POINT ( 'NONE',  ( -0.8592893218813457690, 0.2999999999999999334, 0.7300000000000000933 ) ) ;
#1120 = CARTESIAN_POINT ( 'NONE',  ( -0.6700000000000004841, 0.8000000000000000444, 0.4699999999999999178 ) ) ;
#1121 = ORIENTED_EDGE ( 'NONE', *, *, #1179, .T. ) ;
#1122 = ORIENTED_EDGE ( 'NONE', *, *, #4, .F. ) ;
#1123 = FACE_OUTER_BOUND ( 'NONE', #1552, .T. ) ;
#1124 = CIRCLE ( 'NONE', #1048, 0.1000000000000000472 ) ;
#1125 = CARTESIAN_POINT ( 'NONE',  ( 0.8592893218813457690, 1.114998880451715912, 0.7300000000000000933 ) ) ;
#1126 = DIRECTION ( 'NONE',  ( 8.673617379884035472E-16, 0.000000000000000000, 1.000000000000000000 ) ) ;
#1127 = EDGE_LOOP ( 'NONE', ( #1812, #3457, #692, #4137 ) ) ;
#1128 = ADVANCED_FACE ( 'NONE', ( #2802 ), #1866, .F. ) ;
#1129 = DIRECTION ( 'NONE',  ( 0.000000000000000000, 0.000000000000000000, 1.000000000000000000 ) ) ;
#1130 = LINE ( 'NONE', #188, #20 ) ;
#1131 = DIRECTION ( 'NONE',  ( 0.000000000000000000, 0.000000000000000000, -1.000000000000000000 ) ) ;
#1132 = LINE ( 'NONE', #209, #2696 ) ;
#1133 = EDGE_CURVE ( 'NONE', #1404, #2946, #832, .T. ) ;
#1134 = FILL_AREA_STYLE ('',( #2104 ) ) ;
#1135 = CARTESIAN_POINT ( 'NONE',  ( 0.3499999999999999223, 0.000000000000000000, -0.7299999999999999822 ) ) ;
#1136 = DIRECTION ( 'NONE',  ( 0.000000000000000000, 0.000000000000000000, 1.000000000000000000 ) ) ;
#1137 = CLOSED_SHELL ( 'NONE', ( #552, #3050, #260, #2336, #3837, #1409, #720, #2481, #557 ) ) ;
#1138 = LINE ( 'NONE', #1513, #956 ) ;
#1139 = LINE ( 'NONE', #3375, #4081 ) ;
#1140 = EDGE_LOOP ( 'NONE', ( #3784, #3594, #1258, #440 ) ) ;
#1141 = ORIENTED_EDGE ( 'NONE', *, *, #864, .F. ) ;
#1142 = DIRECTION ( 'NONE',  ( 0.000000000000000000, 0.000000000000000000, -1.000000000000000000 ) ) ;
#1143 = DIRECTION ( 'NONE',  ( 0.000000000000000000, 0.000000000000000000, 1.000000000000000000 ) ) ;
#1144 = SURFACE_STYLE_FILL_AREA ( #1206 ) ;
#1145 = VERTEX_POINT ( 'NONE', #3140 ) ;
#1146 = VERTEX_POINT ( 'NONE', #204 ) ;
#1147 = PLANE ( 'NONE',  #1996 ) ;
#1148 = EDGE_CURVE ( 'NONE', #437, #2459, #2736, .T. ) ;
#1149 = DIRECTION ( 'NONE',  ( -1.000000000000000000, -0.000000000000000000, -0.000000000000000000 ) ) ;
#1150 = DIRECTION ( 'NONE',  ( 1.000000000000000000, 0.000000000000000000, -2.128853140844177604E-16 ) ) ;
#1151 = LINE ( 'NONE', #3389, #2936 ) ;
#1152 = ORIENTED_EDGE ( 'NONE', *, *, #422, .T. ) ;
#1153 = CARTESIAN_POINT ( 'NONE',  ( -0.8592893218813456579, 0.000000000000000000, 0.7299999999999999822 ) ) ;
#1154 = CIRCLE ( 'NONE', #3946, 0.05999999999999994227 ) ;
#1155 = CARTESIAN_POINT ( 'NONE',  ( 0.1250000000000000000, 0.8000000000000008216, -0.7399999999999999911 ) ) ;
#1156 = DIRECTION ( 'NONE',  ( 0.000000000000000000, -0.000000000000000000, 1.000000000000000000 ) ) ;
#1157 = VECTOR ( 'NONE', #584, 1000.000000000000000 ) ;
#1158 = FACE_OUTER_BOUND ( 'NONE', #941, .T. ) ;
#1159 = CARTESIAN_POINT ( 'NONE',  ( 0.6700000000000000400, 0.7499999999999997780, -0.4699999999999999178 ) ) ;
#1160 = ORIENTED_EDGE ( 'NONE', *, *, #1619, .F. ) ;
#1161 = EDGE_LOOP ( 'NONE', ( #3118, #466, #2686, #3666 ) ) ;
#1162 = VECTOR ( 'NONE', #1534, 1000.000000000000000 ) ;
#1163 = ORIENTED_EDGE ( 'NONE', *, *, #2978, .T. ) ;
#1164 = DIRECTION ( 'NONE',  ( 0.000000000000000000, -1.000000000000000000, 0.000000000000000000 ) ) ;
#1165 = LINE ( 'NONE', #847, #2632 ) ;
#1166 = ORIENTED_EDGE ( 'NONE', *, *, #3253, .T. ) ;
#1167 = ORIENTED_EDGE ( 'NONE', *, *, #688, .T. ) ;
#1168 = EDGE_CURVE ( 'NONE', #1603, #2881, #4096, .T. ) ;
#1169 = CARTESIAN_POINT ( 'NONE',  ( 0.9300000000000000488, 0.2999999999999999334, 0.2500000000000000000 ) ) ;
#1170 = CARTESIAN_POINT ( 'NONE',  ( -0.9741180954897480371, 0.000000000000000000, -0.7034074173710930244 ) ) ;
#1171 =( LENGTH_UNIT ( ) NAMED_UNIT ( * ) SI_UNIT ( .MILLI., .METRE. ) );
#1172 = DIRECTION ( 'NONE',  ( 1.000000000000000000, 0.000000000000000000, 0.000000000000000000 ) ) ;
#1173 = AXIS2_PLACEMENT_3D ( 'NONE', #90, #2961, #3878 ) ;
#1174 = DIRECTION ( 'NONE',  ( -0.000000000000000000, -1.000000000000000000, -0.000000000000000000 ) ) ;
#1175 = PLANE ( 'NONE',  #3243 ) ;
#1176 = EDGE_CURVE ( 'NONE', #1240, #2814, #4078, .T. ) ;
#1177 = CARTESIAN_POINT ( 'NONE',  ( 0.9300000000000000488, 0.2999999999999999334, 0.6592893218813449252 ) ) ;
#1178 = CARTESIAN_POINT ( 'NONE',  ( -0.6700000000000004841, 0.7900000000000000355, 0.4699999999999999178 ) ) ;
#1179 = EDGE_CURVE ( 'NONE', #386, #3365, #2425, .T. ) ;
#1180 = EDGE_CURVE ( 'NONE', #3684, #2131, #1542, .T. ) ;
#1181 = DIRECTION ( 'NONE',  ( 0.000000000000000000, -1.000000000000000000, 0.000000000000000000 ) ) ;
#1182 = DIRECTION ( 'NONE',  ( 0.000000000000000000, -1.000000000000000000, 0.000000000000000000 ) ) ;
#1183 = VERTEX_POINT ( 'NONE', #1456 ) ;
#1184 = ADVANCED_FACE ( 'NONE', ( #1196 ), #1225, .T. ) ;
#1185 = EDGE_CURVE ( 'NONE', #386, #134, #269, .T. ) ;
#1186 = ORIENTED_EDGE ( 'NONE', *, *, #3791, .T. ) ;
#1187 = EDGE_CURVE ( 'NONE', #3525, #1871, #211, .T. ) ;
#1188 = CARTESIAN_POINT ( 'NONE',  ( 0.6700000000000000400, 0.7499999999999997780, 0.6699999999999998179 ) ) ;
#1189 = CARTESIAN_POINT ( 'NONE',  ( 0.9300000000000000488, 0.2999999999999999889, -0.6592893218813449252 ) ) ;
#1190 = CARTESIAN_POINT ( 'NONE',  ( 0.9200000000000000400, 0.7025000000000000133, -0.4699999999999999178 ) ) ;
#1191 = ORIENTED_EDGE ( 'NONE', *, *, #792, .T. ) ;
#1192 = ORIENTED_EDGE ( 'NONE', *, *, #1381, .F. ) ;
#1193 = FACE_OUTER_BOUND ( 'NONE', #1576, .T. ) ;
#1194 = AXIS2_PLACEMENT_3D ( 'NONE', #2550, #1913, #1273 ) ;
#1195 = ADVANCED_FACE ( 'NONE', ( #2465 ), #4013, .F. ) ;
#1196 = FACE_OUTER_BOUND ( 'NONE', #3569, .T. ) ;
#1197 = DIRECTION ( 'NONE',  ( 0.000000000000000000, 0.000000000000000000, 1.000000000000000000 ) ) ;
#1198 = FACE_OUTER_BOUND ( 'NONE', #3090, .T. ) ;
#1199 = VECTOR ( 'NONE', #3907, 1000.000000000000000 ) ;
#1200 = CARTESIAN_POINT ( 'NONE',  ( 0.9200000000000000400, 0.7025000000000000133, 0.4699999999999999178 ) ) ;
#1201 = LINE ( 'NONE', #882, #3292 ) ;
#1202 = DIRECTION ( 'NONE',  ( 0.000000000000000000, -1.000000000000000000, 0.000000000000000000 ) ) ;
#1203 = ORIENTED_EDGE ( 'NONE', *, *, #4128, .T. ) ;
#1204 = ORIENTED_EDGE ( 'NONE', *, *, #1918, .F. ) ;
#1205 = FACE_OUTER_BOUND ( 'NONE', #2475, .T. ) ;
#1206 = FILL_AREA_STYLE ('',( #2813 ) ) ;
#1207 = EDGE_LOOP ( 'NONE', ( #3382, #3261, #1349 ) ) ;
#1208 = ORIENTED_EDGE ( 'NONE', *, *, #729, .F. ) ;
#1209 = DIRECTION ( 'NONE',  ( 1.000000000000000000, -0.000000000000000000, 0.000000000000000000 ) ) ;
#1210 = CARTESIAN_POINT ( 'NONE',  ( 0.8592893218813457690, 1.114998880451715912, 0.7300000000000000933 ) ) ;
#1211 = CARTESIAN_POINT ( 'NONE',  ( 0.8999999999999999112, 0.5999999999999999778, -0.7999999999999999334 ) ) ;
#1212 = FACE_OUTER_BOUND ( 'NONE', #562, .T. ) ;
#1213 = EDGE_LOOP ( 'NONE', ( #57, #3475, #1095, #1368 ) ) ;
#1214 = CIRCLE ( 'NONE', #1550, 0.05999999999999994227 ) ;
#1215 = DIRECTION ( 'NONE',  ( 0.000000000000000000, 0.000000000000000000, 1.000000000000000000 ) ) ;
#1216 = EDGE_LOOP ( 'NONE', ( #2372, #3282, #3899, #3519 ) ) ;
#1217 = CIRCLE ( 'NONE', #944, 0.05999999999999994227 ) ;
#1218 = EDGE_CURVE ( 'NONE', #3994, #604, #1408, .T. ) ;
#1219 = AXIS2_PLACEMENT_3D ( 'NONE', #3894, #2602, #2956 ) ;
#1220 = ORIENTED_EDGE ( 'NONE', *, *, #2663, .T. ) ;
#1221 = ORIENTED_EDGE ( 'NONE', *, *, #1806, .T. ) ;
#1222 = PLANE ( 'NONE',  #1245 ) ;
#1223 = FACE_OUTER_BOUND ( 'NONE', #2668, .T. ) ;
#1224 = DIRECTION ( 'NONE',  ( 1.000000000000000000, 0.000000000000000000, -0.000000000000000000 ) ) ;
#1225 = PLANE ( 'NONE',  #3225 ) ;
#1226 = SURFACE_STYLE_FILL_AREA ( #4097 ) ;
#1227 = AXIS2_PLACEMENT_3D ( 'NONE', #2125, #191, #2763 ) ;
#1228 = EDGE_CURVE ( 'NONE', #1276, #1661, #227, .T. ) ;
#1229 = DIRECTION ( 'NONE',  ( -1.000000000000000000, -0.000000000000000000, 0.000000000000000000 ) ) ;
#1230 = FACE_OUTER_BOUND ( 'NONE', #1429, .T. ) ;
#1231 = FACE_OUTER_BOUND ( 'NONE', #2256, .T. ) ;
#1232 = ORIENTED_EDGE ( 'NONE', *, *, #3989, .F. ) ;
#1233 = EDGE_CURVE ( 'NONE', #1094, #3070, #244, .T. ) ;
#1234 = DIRECTION ( 'NONE',  ( 0.000000000000000000, -0.000000000000000000, 1.000000000000000000 ) ) ;
#1235 = ORIENTED_EDGE ( 'NONE', *, *, #3699, .F. ) ;
#1236 = ORIENTED_EDGE ( 'NONE', *, *, #2354, .T. ) ;
#1237 = CARTESIAN_POINT ( 'NONE',  ( -0.9741180954897480371, 1.114998880451715912, 0.7034074173710930244 ) ) ;
#1238 =( NAMED_UNIT ( * ) PLANE_ANGLE_UNIT ( ) SI_UNIT ( $, .RADIAN. ) );
#1239 = EDGE_LOOP ( 'NONE', ( #637, #3437, #1604, #1343 ) ) ;
#1240 = VERTEX_POINT ( 'NONE', #1525 ) ;
#1241 = DIRECTION ( 'NONE',  ( -0.000000000000000000, -1.000000000000000000, -0.000000000000000000 ) ) ;
#1242 = CARTESIAN_POINT ( 'NONE',  ( -0.9300000000000000488, 1.114998880451715912, 0.6592893218813449252 ) ) ;
#1243 = VECTOR ( 'NONE', #1430, 1000.000000000000000 ) ;
#1244 = AXIS2_PLACEMENT_3D ( 'NONE', #3851, #2883, #3763 ) ;
#1245 = AXIS2_PLACEMENT_3D ( 'NONE', #2777, #3460, #3777 ) ;
#1246 = VECTOR ( 'NONE', #4047, 1000.000000000000000 ) ;
#1247 = CARTESIAN_POINT ( 'NONE',  ( -0.9741180954897480371, 0.2999999999999999889, 0.7034074173710930244 ) ) ;
#1248 = PLANE ( 'NONE',  #3723 ) ;
#1249 = DIRECTION ( 'NONE',  ( 0.000000000000000000, 0.000000000000000000, -1.000000000000000000 ) ) ;
#1250 = EDGE_LOOP ( 'NONE', ( #2309, #3226, #1751, #3303 ) ) ;
#1251 = LINE ( 'NONE', #1321, #2128 ) ;
#1252 = DIRECTION ( 'NONE',  ( 1.000000000000000000, -0.000000000000000000, 0.000000000000000000 ) ) ;
#1253 = CARTESIAN_POINT ( 'NONE',  ( 0.9741180954897480371, 0.2999999999999999334, 0.7034074173710930244 ) ) ;
#1254 = EDGE_CURVE ( 'NONE', #3204, #2769, #1629, .T. ) ;
#1255 = VERTEX_POINT ( 'NONE', #367 ) ;
#1256 = DIRECTION ( 'NONE',  ( -0.000000000000000000, -1.000000000000000000, -0.000000000000000000 ) ) ;
#1257 = DIRECTION ( 'NONE',  ( 0.000000000000000000, 0.000000000000000000, 1.000000000000000000 ) ) ;
#1258 = ORIENTED_EDGE ( 'NONE', *, *, #2721, .T. ) ;
#1259 = ORIENTED_EDGE ( 'NONE', *, *, #4155, .F. ) ;
#1260 = ORIENTED_EDGE ( 'NONE', *, *, #3658, .T. ) ;
#1261 = AXIS2_PLACEMENT_3D ( 'NONE', #2941, #1340, #1807 ) ;
#1262 = DIRECTION ( 'NONE',  ( -0.000000000000000000, 0.000000000000000000, -1.000000000000000000 ) ) ;
#1263 = DIRECTION ( 'NONE',  ( -1.000000000000000000, 0.000000000000000000, 0.000000000000000000 ) ) ;
#1264 = FACE_OUTER_BOUND ( 'NONE', #1216, .T. ) ;
#1265 = ORIENTED_EDGE ( 'NONE', *, *, #1106, .T. ) ;
#1266 = DIRECTION ( 'NONE',  ( -0.000000000000000000, -1.000000000000000000, -0.000000000000000000 ) ) ;
#1267 = EDGE_CURVE ( 'NONE', #2169, #415, #1484, .T. ) ;
#1268 = CARTESIAN_POINT ( 'NONE',  ( 0.9300000000000000488, 0.000000000000000000, 0.6592893218813449252 ) ) ;
#1269 = PRESENTATION_STYLE_ASSIGNMENT (( #1659 ) ) ;
#1270 = LINE ( 'NONE', #2202, #4072 ) ;
#1271 = ORIENTED_EDGE ( 'NONE', *, *, #1985, .F. ) ;
#1272 = PLANE ( 'NONE',  #3600 ) ;
#1273 = DIRECTION ( 'NONE',  ( 0.000000000000000000, 0.000000000000000000, 1.000000000000000000 ) ) ;
#1274 = LINE ( 'NONE', #4052, #4037 ) ;
#1275 = FACE_OUTER_BOUND ( 'NONE', #835, .T. ) ;
#1276 = VERTEX_POINT ( 'NONE', #4116 ) ;
#1277 = ORIENTED_EDGE ( 'NONE', *, *, #498, .T. ) ;
#1278 = VECTOR ( 'NONE', #2076, 1000.000000000000000 ) ;
#1279 = B_SPLINE_CURVE_WITH_KNOTS ( 'NONE', 3,
 ( #2221, #2572, #3852, #3485, #614, #349, #3870, #2713, #3992, #3033 ),
 .UNSPECIFIED., .F., .F.,
 ( 4, 3, 3, 4 ),
 ( 0.000000000000000000, 1.666093845856729563E-05, 3.304040816640367963E-05, 5.311180877501015977E-05 ),
 .UNSPECIFIED. ) ;
#1280 = CIRCLE ( 'NONE', #1825, 0.05000000000000002359 ) ;
#1281 =( NAMED_UNIT ( * ) SI_UNIT ( $, .STERADIAN. ) SOLID_ANGLE_UNIT ( ) );
#1282 = ORIENTED_EDGE ( 'NONE', *, *, #822, .T. ) ;
#1283 = EDGE_CURVE ( 'NONE', #134, #2011, #2589, .T. ) ;
#1284 = ORIENTED_EDGE ( 'NONE', *, *, #1488, .F. ) ;
#1285 = VECTOR ( 'NONE', #234, 1000.000000000000000 ) ;
#1286 = AXIS2_PLACEMENT_3D ( 'NONE', #683, #3186, #1976 ) ;
#1287 = CARTESIAN_POINT ( 'NONE',  ( -0.6700000000000004841, 0.6699999999999999289, -0.7200000000000000844 ) ) ;
#1288 = DIRECTION ( 'NONE',  ( -1.000000000000000000, 0.000000000000000000, -0.000000000000000000 ) ) ;
#1289 = ORIENTED_EDGE ( 'NONE', *, *, #2048, .F. ) ;
#1290 = VECTOR ( 'NONE', #2123, 1000.000000000000000 ) ;
#1291 = DIRECTION ( 'NONE',  ( 0.000000000000000000, 0.000000000000000000, -1.000000000000000000 ) ) ;
#1292 = CARTESIAN_POINT ( 'NONE',  ( -0.3499999999999999223, 0.2999999999999999334, -0.7299999999999999822 ) ) ;
#1293 = FACE_OUTER_BOUND ( 'NONE', #3048, .T. ) ;
#1294 = ORIENTED_EDGE ( 'NONE', *, *, #2058, .T. ) ;
#1295 = CARTESIAN_POINT ( 'NONE',  ( -0.9034074173710933131, 0.2999999999999999334, 0.7741180954897475264 ) ) ;
#1296 = CARTESIAN_POINT ( 'NONE',  ( 0.6700000000000000400, 0.7025000000000000133, 0.7199999999999998623 ) ) ;
#1297 = VECTOR ( 'NONE', #1622, 1000.000000000000000 ) ;
#1298 = PRESENTATION_LAYER_ASSIGNMENT (  '', '', ( #756 ) ) ;
#1299 = ADVANCED_FACE ( 'NONE', ( #2263 ), #951, .T. ) ;
#1300 = CARTESIAN_POINT ( 'NONE',  ( -0.1849999999999999423, 0.8000000000000008216, 0.8000000000000001554 ) ) ;
#1301 = DIRECTION ( 'NONE',  ( -0.000000000000000000, -1.000000000000000000, -0.000000000000000000 ) ) ;
#1302 = EDGE_CURVE ( 'NONE', #3514, #3980, #9, .T. ) ;
#1303 = ORIENTED_EDGE ( 'NONE', *, *, #2049, .T. ) ;
#1304 = AXIS2_PLACEMENT_3D ( 'NONE', #2922, #1578, #1257 ) ;
#1305 = ADVANCED_FACE ( 'NONE', ( #1264 ), #3524, .T. ) ;
#1306 = ORIENTED_EDGE ( 'NONE', *, *, #1668, .T. ) ;
#1307 = DIRECTION ( 'NONE',  ( -1.000000000000000000, -0.000000000000000000, -0.000000000000000000 ) ) ;
#1308 = EDGE_CURVE ( 'NONE', #1919, #1529, #215, .T. ) ;
#1309 = EDGE_LOOP ( 'NONE', ( #2330, #3379, #3027, #3628 ) ) ;
#1310 = ORIENTED_EDGE ( 'NONE', *, *, #3004, .T. ) ;
#1311 = ORIENTED_EDGE ( 'NONE', *, *, #375, .T. ) ;
#1312 = DIRECTION ( 'NONE',  ( -1.000000000000000000, 0.000000000000000000, 2.128853140844177604E-16 ) ) ;
#1313 = DIRECTION ( 'NONE',  ( 0.000000000000000000, 0.000000000000000000, 1.000000000000000000 ) ) ;
#1314 = ORIENTED_EDGE ( 'NONE', *, *, #180, .T. ) ;
#1315 = UNCERTAINTY_MEASURE_WITH_UNIT (LENGTH_MEASURE( 1.000000000000000082E-05 ), #3260, 'distance_accuracy_value', 'NONE');
#1316 = AXIS2_PLACEMENT_3D ( 'NONE', #1045, #2373, #3880 ) ;
#1317 =( GEOMETRIC_REPRESENTATION_CONTEXT ( 3 ) GLOBAL_UNCERTAINTY_ASSIGNED_CONTEXT ( ( #675 ) ) GLOBAL_UNIT_ASSIGNED_CONTEXT ( ( #1171, #3675, #3051 ) ) REPRESENTATION_CONTEXT ( 'NONE', 'WORKASPACE' ) );
#1318 = DIRECTION ( 'NONE',  ( -0.000000000000000000, -1.000000000000000000, 0.000000000000000000 ) ) ;
#1319 = PLANE ( 'NONE',  #2070 ) ;
#1320 = VERTEX_POINT ( 'NONE', #2903 ) ;
#1321 = CARTESIAN_POINT ( 'NONE',  ( -0.6700000000000004841, 0.7900000000000000355, 0.5299999999999999156 ) ) ;
#1322 = VECTOR ( 'NONE', #1390, 1000.000000000000000 ) ;
#1323 = VECTOR ( 'NONE', #3386, 1000.000000000000000 ) ;
#1324 = DIRECTION ( 'NONE',  ( 0.000000000000000000, 0.000000000000000000, 1.000000000000000000 ) ) ;
#1325 = DIRECTION ( 'NONE',  ( 0.000000000000000000, 0.000000000000000000, 1.000000000000000000 ) ) ;
#1326 = PLANE ( 'NONE',  #1706 ) ;
#1327 = ORIENTED_EDGE ( 'NONE', *, *, #2645, .F. ) ;
#1328 = ORIENTED_EDGE ( 'NONE', *, *, #179, .T. ) ;
#1329 =( GEOMETRIC_REPRESENTATION_CONTEXT ( 3 ) GLOBAL_UNCERTAINTY_ASSIGNED_CONTEXT ( ( #1637 ) ) GLOBAL_UNIT_ASSIGNED_CONTEXT ( ( #261, #2810, #1814 ) ) REPRESENTATION_CONTEXT ( 'NONE', 'WORKASPACE' ) );
#1330 = ORIENTED_EDGE ( 'NONE', *, *, #1918, .T. ) ;
#1331 = ORIENTED_EDGE ( 'NONE', *, *, #1628, .F. ) ;
#1332 = FACE_OUTER_BOUND ( 'NONE', #2258, .T. ) ;
#1333 = DIRECTION ( 'NONE',  ( -1.000000000000000000, 0.000000000000000000, -0.000000000000000000 ) ) ;
#1334 = PRODUCT_DEFINITION_CONTEXT ( 'detailed design', #237, 'design' ) ;
#1335 = ORIENTED_EDGE ( 'NONE', *, *, #2060, .F. ) ;
#1336 = LINE ( 'NONE', #3287, #577 ) ;
#1337 = CYLINDRICAL_SURFACE ( 'NONE', #3660, 0.05000000000000002359 ) ;
#1338 = EDGE_LOOP ( 'NONE', ( #1235, #3146, #1121, #374 ) ) ;
#1339 = CARTESIAN_POINT ( 'NONE',  ( -0.1250000000000000000, 0.5999999999999999778, -0.7399999999999999911 ) ) ;
#1340 = DIRECTION ( 'NONE',  ( -0.000000000000000000, -1.000000000000000000, -0.000000000000000000 ) ) ;
#1341 = LINE ( 'NONE', #2306, #2591 ) ;
#1342 = ORIENTED_EDGE ( 'NONE', *, *, #2755, .F. ) ;
#1343 = ORIENTED_EDGE ( 'NONE', *, *, #366, .F. ) ;
#1344 = VERTEX_POINT ( 'NONE', #2299 ) ;
#1345 = EDGE_CURVE ( 'NONE', #3453, #3204, #933, .T. ) ;
#1346 = EDGE_CURVE ( 'NONE', #2148, #795, #2753, .T. ) ;
#1347 = AXIS2_PLACEMENT_3D ( 'NONE', #1681, #3250, #1613 ) ;
#1348 = DIRECTION ( 'NONE',  ( -0.7071067811865466846, 0.000000000000000000, 0.7071067811865483499 ) ) ;
#1349 = ORIENTED_EDGE ( 'NONE', *, *, #1106, .F. ) ;
#1350 = AXIS2_PLACEMENT_3D ( 'NONE', #3995, #2428, #3702 ) ;
#1351 = DIRECTION ( 'NONE',  ( 1.000000000000000000, -0.000000000000000000, 0.000000000000000000 ) ) ;
#1352 = DIRECTION ( 'NONE',  ( 0.000000000000000000, 0.000000000000000000, -1.000000000000000000 ) ) ;
#1353 = EDGE_CURVE ( 'NONE', #3246, #1919, #1280, .T. ) ;
#1354 = CARTESIAN_POINT ( 'NONE',  ( -0.3500000000000000333, 0.000000000000000000, -0.2500000000000000000 ) ) ;
#1355 = AXIS2_PLACEMENT_3D ( 'NONE', #1397, #2016, #3661 ) ;
#1356 = ORIENTED_EDGE ( 'NONE', *, *, #3762, .T. ) ;
#1357 = EDGE_CURVE ( 'NONE', #4026, #3135, #968, .T. ) ;
#1358 = DIRECTION ( 'NONE',  ( -0.000000000000000000, -1.000000000000000000, -0.000000000000000000 ) ) ;
#1359 = DIRECTION ( 'NONE',  ( 0.000000000000000000, 0.000000000000000000, 1.000000000000000000 ) ) ;
#1360 = AXIS2_PLACEMENT_3D ( 'NONE', #364, #2026, #1026 ) ;
#1361 = DIRECTION ( 'NONE',  ( 0.7071067811865483499, -0.000000000000000000, 0.7071067811865466846 ) ) ;
#1362 = EDGE_CURVE ( 'NONE', #235, #1942, #1905, .T. ) ;
#1363 = DIRECTION ( 'NONE',  ( -0.7071067811865493491, 0.000000000000000000, -0.7071067811865456854 ) ) ;
#1364 = CARTESIAN_POINT ( 'NONE',  ( 0.9300000000000000488, 0.2999999999999999889, -0.6592893218813449252 ) ) ;
#1365 = VERTEX_POINT ( 'NONE', #1924 ) ;
#1366 = DIRECTION ( 'NONE',  ( 0.000000000000000000, 0.000000000000000000, -1.000000000000000000 ) ) ;
#1367 = ORIENTED_EDGE ( 'NONE', *, *, #3221, .F. ) ;
#1368 = ORIENTED_EDGE ( 'NONE', *, *, #2975, .F. ) ;
#1369 = CARTESIAN_POINT ( 'NONE',  ( -0.9034074173710933131, 0.000000000000000000, -0.7741180954897474153 ) ) ;
#1370 = FACE_OUTER_BOUND ( 'NONE', #1250, .T. ) ;
#1371 = VERTEX_POINT ( 'NONE', #3245 ) ;
#1372 = DIRECTION ( 'NONE',  ( 1.000000000000000000, 0.000000000000000000, -0.000000000000000000 ) ) ;
#1373 = DIRECTION ( 'NONE',  ( -0.000000000000000000, -1.000000000000000000, -0.000000000000000000 ) ) ;
#1374 = CARTESIAN_POINT ( 'NONE',  ( 0.6700000000000000400, 3.936493098641637545, -0.7199999999999999734 ) ) ;
#1375 = EDGE_CURVE ( 'NONE', #3019, #3281, #3198, .T. ) ;
#1376 = CARTESIAN_POINT ( 'NONE',  ( -0.6700000000000004841, 0.7900000000000000355, 0.5299999999999999156 ) ) ;
#1377 = DIRECTION ( 'NONE',  ( -0.000000000000000000, 1.000000000000000000, -0.000000000000000000 ) ) ;
#1378 = VECTOR ( 'NONE', #916, 1000.000000000000000 ) ;
#1379 = CIRCLE ( 'NONE', #3788, 0.1000000000000000472 ) ;
#1380 = DIRECTION ( 'NONE',  ( 0.000000000000000000, 0.000000000000000000, -1.000000000000000000 ) ) ;
#1381 = EDGE_CURVE ( 'NONE', #130, #2751, #3424, .T. ) ;
#1382 = DIRECTION ( 'NONE',  ( 0.7071067811865483499, 0.000000000000000000, -0.7071067811865466846 ) ) ;
#1383 = VERTEX_POINT ( 'NONE', #3561 ) ;
#1384 = VERTEX_POINT ( 'NONE', #653 ) ;
#1385 = EDGE_LOOP ( 'NONE', ( #133, #1451 ) ) ;
#1386 = DIRECTION ( 'NONE',  ( 0.7071067811865483499, 0.000000000000000000, -0.7071067811865466846 ) ) ;
#1387 = CARTESIAN_POINT ( 'NONE',  ( -0.3499999999999999223, 0.2999999999999999889, -0.7299999999999999822 ) ) ;
#1388 = EDGE_LOOP ( 'NONE', ( #2052, #3984, #1260, #3553 ) ) ;
#1389 = ORIENTED_EDGE ( 'NONE', *, *, #2164, .T. ) ;
#1390 = DIRECTION ( 'NONE',  ( 1.000000000000000000, 0.000000000000000000, 0.000000000000000000 ) ) ;
#1391 = CARTESIAN_POINT ( 'NONE',  ( 0.1250000000000000000, 0.5999999999999999778, -0.7999999999999999334 ) ) ;
#1392 = CYLINDRICAL_SURFACE ( 'NONE', #2022, 0.08125000000000059952 ) ;
#1393 = CARTESIAN_POINT ( 'NONE',  ( -0.9300000000000000488, 0.000000000000000000, 0.6592893218813449252 ) ) ;
#1394 = EDGE_LOOP ( 'NONE', ( #848, #402, #1648, #1624 ) ) ;
#1395 = EDGE_CURVE ( 'NONE', #1813, #3602, #1608, .T. ) ;
#1396 = AXIS2_PLACEMENT_3D ( 'NONE', #1060, #3597, #2343 ) ;
#1397 = CARTESIAN_POINT ( 'NONE',  ( 0.6700000000000000400, 0.8000000000000000444, -0.4699999999999999178 ) ) ;
#1398 = ORIENTED_EDGE ( 'NONE', *, *, #3340, .F. ) ;
#1399 = ORIENTED_EDGE ( 'NONE', *, *, #537, .F. ) ;
#1400 = CARTESIAN_POINT ( 'NONE',  ( 0.9200000000000001510, 0.6699999999999999289, -0.4699999999999999178 ) ) ;
#1401 = EDGE_LOOP ( 'NONE', ( #1711, #1208, #3405, #825, #2703, #3152, #627, #2268 ) ) ;
#1402 = ORIENTED_EDGE ( 'NONE', *, *, #1600, .F. ) ;
#1403 = CARTESIAN_POINT ( 'NONE',  ( 0.9741180954897480371, 1.114998880451715912, 0.7034074173710930244 ) ) ;
#1404 = VERTEX_POINT ( 'NONE', #1946 ) ;
#1405 = VERTEX_POINT ( 'NONE', #3219 ) ;
#1406 = ADVANCED_FACE ( 'NONE', ( #345 ), #672, .F. ) ;
#1407 = CYLINDRICAL_SURFACE ( 'NONE', #2322, 0.05999999999999994227 ) ;
#1408 = CIRCLE ( 'NONE', #1077, 0.1000000000000000472 ) ;
#1409 = ADVANCED_FACE ( 'NONE', ( #2611 ), #3886, .T. ) ;
#1410 = DIRECTION ( 'NONE',  ( 0.000000000000000000, 0.000000000000000000, 1.000000000000000000 ) ) ;
#1411 = LINE ( 'NONE', #1354, #2522 ) ;
#1412 = VECTOR ( 'NONE', #3866, 1000.000000000000000 ) ;
#1413 = VERTEX_POINT ( 'NONE', #2400 ) ;
#1414 = DIRECTION ( 'NONE',  ( 1.000000000000000000, 0.000000000000000000, 2.128853140844177604E-16 ) ) ;
#1415 = CIRCLE ( 'NONE', #3367, 0.2500000000000000000 ) ;
#1416 = CARTESIAN_POINT ( 'NONE',  ( -0.9200000000000004841, 0.6699999999999999289, 0.000000000000000000 ) ) ;
#1417 = CARTESIAN_POINT ( 'NONE',  ( 0.9300000000000000488, 1.114998880451715912, -0.6592893218813449252 ) ) ;
#1418 = PLANE ( 'NONE',  #2389 ) ;
#1419 = ADVANCED_FACE ( 'NONE', ( #1370 ), #3342, .F. ) ;
#1420 = VECTOR ( 'NONE', #2940, 1000.000000000000000 ) ;
#1421 = CARTESIAN_POINT ( 'NONE',  ( -0.9300000000000000488, 1.114998880451715912, -0.2500000000000000000 ) ) ;
#1422 = LINE ( 'NONE', #2067, #851 ) ;
#1423 = VERTEX_POINT ( 'NONE', #2333 ) ;
#1424 = ORIENTED_EDGE ( 'NONE', *, *, #1537, .T. ) ;
#1425 = VECTOR ( 'NONE', #1685, 1000.000000000000000 ) ;
#1426 = EDGE_CURVE ( 'NONE', #2835, #3643, #3009, .T. ) ;
#1427 = LINE ( 'NONE', #3492, #2692 ) ;
#1428 = PLANE ( 'NONE',  #2687 ) ;
#1429 = EDGE_LOOP ( 'NONE', ( #1638, #3, #1754, #3233 ) ) ;
#1430 = DIRECTION ( 'NONE',  ( -0.000000000000000000, -0.000000000000000000, 1.000000000000000000 ) ) ;
#1431 = EDGE_CURVE ( 'NONE', #2868, #2558, #3229, .T. ) ;
#1432 = SURFACE_STYLE_FILL_AREA ( #3740 ) ;
#1433 = LINE ( 'NONE', #1125, #3020 ) ;
#1434 = CYLINDRICAL_SURFACE ( 'NONE', #2799, 0.05999999999999994227 ) ;
#1435 = VERTEX_POINT ( 'NONE', #777 ) ;
#1436 = FACE_OUTER_BOUND ( 'NONE', #3172, .T. ) ;
#1437 = CARTESIAN_POINT ( 'NONE',  ( 0.6700000000000000400, 0.8000000000000000444, 0.4699999999999999178 ) ) ;
#1438 = DIRECTION ( 'NONE',  ( -0.000000000000000000, -1.000000000000000000, -0.000000000000000000 ) ) ;
#1439 = CARTESIAN_POINT ( 'NONE',  ( 0.3500000000000000333, 0.2999999999999999334, 0.2500000000000000000 ) ) ;
#1440 = CARTESIAN_POINT ( 'NONE',  ( 0.6700000000000000400, 0.7025000000000000133, 0.4699999999999999178 ) ) ;
#1441 = AXIS2_PLACEMENT_3D ( 'NONE', #1247, #3782, #1949 ) ;
#1442 = FACE_OUTER_BOUND ( 'NONE', #4093, .T. ) ;
#1443 = ORIENTED_EDGE ( 'NONE', *, *, #3772, .F. ) ;
#1444 = VERTEX_POINT ( 'NONE', #2072 ) ;
#1445 = ORIENTED_EDGE ( 'NONE', *, *, #978, .F. ) ;
#1446 = ADVANCED_FACE ( 'NONE', ( #156 ), #1428, .F. ) ;
#1447 = CIRCLE ( 'NONE', #2518, 0.1000000000000000472 ) ;
#1448 = DIRECTION ( 'NONE',  ( -0.7071067811865483499, 0.000000000000000000, 0.7071067811865466846 ) ) ;
#1449 = DIRECTION ( 'NONE',  ( -0.000000000000000000, -1.000000000000000000, -0.000000000000000000 ) ) ;
#1450 = ORIENTED_EDGE ( 'NONE', *, *, #3414, .F. ) ;
#1451 = ORIENTED_EDGE ( 'NONE', *, *, #2967, .F. ) ;
#1452 = CARTESIAN_POINT ( 'NONE',  ( -0.9300000000000000488, 0.000000000000000000, -0.6592893218813449252 ) ) ;
#1453 = PRODUCT_DEFINITION_FORMATION_WITH_SPECIFIED_SOURCE ( 'ANY', '', #4033, .NOT_KNOWN. ) ;
#1454 = PLANE ( 'NONE',  #2456 ) ;
#1455 = FACE_OUTER_BOUND ( 'NONE', #3867, .T. ) ;
#1456 = CARTESIAN_POINT ( 'NONE',  ( -0.9200000000000004841, 0.6700000000000001510, 0.000000000000000000 ) ) ;
#1457 = LINE ( 'NONE', #3742, #55 ) ;
#1458 = EDGE_LOOP ( 'NONE', ( #1531, #1259, #3608, #1974 ) ) ;
#1459 = DIRECTION ( 'NONE',  ( 0.000000000000000000, 1.000000000000000000, 0.000000000000000000 ) ) ;
#1460 = DIRECTION ( 'NONE',  ( 0.000000000000000000, 1.000000000000000000, 0.000000000000000000 ) ) ;
#1461 = DIRECTION ( 'NONE',  ( -1.000000000000000000, 0.000000000000000000, 0.000000000000000000 ) ) ;
#1462 = CYLINDRICAL_SURFACE ( 'NONE', #1835, 0.05999999999999994227 ) ;
#1463 = ADVANCED_FACE ( 'NONE', ( #1027 ), #1069, .T. ) ;
#1464 = CARTESIAN_POINT ( 'NONE',  ( -0.3499999999999999778, 0.2999999999999999889, 0.4500000000000000111 ) ) ;
#1465 = MECHANICAL_DESIGN_GEOMETRIC_PRESENTATION_REPRESENTATION (  '', ( #3280 ), #718 ) ;
#1466 = CARTESIAN_POINT ( 'NONE',  ( 1.000000000000000000, 0.2999999999999999889, 0.7999999999999999334 ) ) ;
#1467 = ORIENTED_EDGE ( 'NONE', *, *, #606, .F. ) ;
#1468 = ORIENTED_EDGE ( 'NONE', *, *, #3180, .T. ) ;
#1469 = DIRECTION ( 'NONE',  ( -0.000000000000000000, 0.000000000000000000, -1.000000000000000000 ) ) ;
#1470 = ORIENTED_EDGE ( 'NONE', *, *, #997, .F. ) ;
#1471 = B_SPLINE_CURVE_WITH_KNOTS ( 'NONE', 3,
 ( #3461, #3138, #931, #3759, #608, #286, #589, #267, #2859, #4140 ),
 .UNSPECIFIED., .F., .F.,
 ( 4, 3, 3, 4 ),
 ( 0.000000000000000000, 1.666093845856729563E-05, 3.304040816640363220E-05, 5.311180877501034273E-05 ),
 .UNSPECIFIED. ) ;
#1472 = ORIENTED_EDGE ( 'NONE', *, *, #2921, .T. ) ;
#1473 = LINE ( 'NONE', #1797, #50 ) ;
#1474 = EDGE_CURVE ( 'NONE', #2891, #3135, #460, .T. ) ;
#1475 = DIRECTION ( 'NONE',  ( 0.000000000000000000, 0.000000000000000000, 1.000000000000000000 ) ) ;
#1476 = SURFACE_SIDE_STYLE ('',( #3348 ) ) ;
#1477 = DIRECTION ( 'NONE',  ( 0.000000000000000000, 1.000000000000000000, -0.000000000000000000 ) ) ;
#1478 = EDGE_CURVE ( 'NONE', #2189, #4026, #1217, .T. ) ;
#1479 = DIRECTION ( 'NONE',  ( 1.000000000000000000, -0.000000000000000000, 0.000000000000000000 ) ) ;
#1480 = ADVANCED_FACE ( 'NONE', ( #3267 ), #3924, .T. ) ;
#1481 = VECTOR ( 'NONE', #2013, 1000.000000000000000 ) ;
#1482 = EDGE_CURVE ( 'NONE', #3034, #2897, #2976, .T. ) ;
#1483 = CARTESIAN_POINT ( 'NONE',  ( -0.9200000000000003730, 0.7025000000000000133, 0.4699999999999999178 ) ) ;
#1484 = CIRCLE ( 'NONE', #2887, 0.2500000000000000000 ) ;
#1485 = DIRECTION ( 'NONE',  ( 0.7071067811865483499, -0.000000000000000000, 0.7071067811865466846 ) ) ;
#1486 = DIRECTION ( 'NONE',  ( -0.000000000000000000, -0.000000000000000000, 1.000000000000000000 ) ) ;
#1487 = CARTESIAN_POINT ( 'NONE',  ( 0.3499999999999999223, 1.114998880451715912, -0.7299999999999999822 ) ) ;
#1488 = EDGE_CURVE ( 'NONE', #2585, #1978, #2628, .T. ) ;
#1489 = VECTOR ( 'NONE', #2806, 1000.000000000000114 ) ;
#1490 = DIRECTION ( 'NONE',  ( 0.000000000000000000, 0.000000000000000000, 1.000000000000000000 ) ) ;
#1491 = CARTESIAN_POINT ( 'NONE',  ( 1.000000000000000000, 0.5999999999999999778, 0.6999999999999999556 ) ) ;
#1492 = ORIENTED_EDGE ( 'NONE', *, *, #3952, .T. ) ;
#1493 = EDGE_CURVE ( 'NONE', #200, #3994, #443, .T. ) ;
#1494 = VECTOR ( 'NONE', #1804, 1000.000000000000000 ) ;
#1495 = ORIENTED_EDGE ( 'NONE', *, *, #3526, .T. ) ;
#1496 = ADVANCED_FACE ( 'NONE', ( #1677 ), #3960, .F. ) ;
#1497 = DIRECTION ( 'NONE',  ( -1.000000000000000000, 0.000000000000000000, 0.000000000000000000 ) ) ;
#1498 = DIRECTION ( 'NONE',  ( 0.7071067811865456854, 0.000000000000000000, 0.7071067811865493491 ) ) ;
#1499 = VERTEX_POINT ( 'NONE', #2376 ) ;
#1500 = ORIENTED_EDGE ( 'NONE', *, *, #1679, .F. ) ;
#1501 = VECTOR ( 'NONE', #2229, 1000.000000000000000 ) ;
#1502 =( GEOMETRIC_REPRESENTATION_CONTEXT ( 3 ) GLOBAL_UNCERTAINTY_ASSIGNED_CONTEXT ( ( #2280 ) ) GLOBAL_UNIT_ASSIGNED_CONTEXT ( ( #4006, #824, #2172 ) ) REPRESENTATION_CONTEXT ( 'NONE', 'WORKASPACE' ) );
#1503 = DIRECTION ( 'NONE',  ( -0.000000000000000000, 0.000000000000000000, -1.000000000000000000 ) ) ;
#1504 = CARTESIAN_POINT ( 'NONE',  ( 0.9741180954897480371, 0.2999999999999999889, -0.7034074173710930244 ) ) ;
#1505 = DIRECTION ( 'NONE',  ( -0.000000000000000000, -1.000000000000000000, -0.000000000000000000 ) ) ;
#1506 = PLANE ( 'NONE',  #2095 ) ;
#1507 = CARTESIAN_POINT ( 'NONE',  ( -0.8592893218813457690, 1.114998880451715912, -0.7300000000000000933 ) ) ;
#1508 = CARTESIAN_POINT ( 'NONE',  ( -0.1250000000000000000, 0.5999999999999999778, -0.7399999999999999911 ) ) ;
#1509 = CARTESIAN_POINT ( 'NONE',  ( 0.9300000000000000488, 0.2999999999999999889, 0.2500000000000000000 ) ) ;
#1510 = ORIENTED_EDGE ( 'NONE', *, *, #2038, .T. ) ;
#1511 = EDGE_CURVE ( 'NONE', #1423, #3955, #1840, .T. ) ;
#1512 = EDGE_CURVE ( 'NONE', #734, #1853, #711, .T. ) ;
#1513 = CARTESIAN_POINT ( 'NONE',  ( -0.3499999999999999778, 0.2999999999999999889, 0.4500000000000000111 ) ) ;
#1514 = ORIENTED_EDGE ( 'NONE', *, *, #3829, .F. ) ;
#1515 = ORIENTED_EDGE ( 'NONE', *, *, #1748, .T. ) ;
#1516 = EDGE_CURVE ( 'NONE', #2558, #2148, #3284, .T. ) ;
#1517 = AXIS2_PLACEMENT_3D ( 'NONE', #898, #1568, #3415 ) ;
#1518 = PRESENTATION_STYLE_ASSIGNMENT (( #3117 ) ) ;
#1519 = ORIENTED_EDGE ( 'NONE', *, *, #504, .T. ) ;
#1520 = ORIENTED_EDGE ( 'NONE', *, *, #2119, .F. ) ;
#1521 = CARTESIAN_POINT ( 'NONE',  ( 1.000000000000000000, 0.000000000000000000, -0.6999999999999997335 ) ) ;
#1522 = VECTOR ( 'NONE', #242, 1000.000000000000000 ) ;
#1523 = CIRCLE ( 'NONE', #3653, 0.05999999999999994227 ) ;
#1524 = CARTESIAN_POINT ( 'NONE',  ( 0.8592893218813457690, 0.2999999999999999334, -0.7300000000000000933 ) ) ;
#1525 = CARTESIAN_POINT ( 'NONE',  ( -1.000000000000000000, 0.5999999999999999778, -0.6999999999999997335 ) ) ;
#1526 = TOROIDAL_SURFACE ( 'NONE', #1667, 0.2000000000000000111, 0.05000000000000000278 ) ;
#1527 = CARTESIAN_POINT ( 'NONE',  ( 0.000000000000000000, 0.5949999999999999734, 0.8000000000000001554 ) ) ;
#1528 = CYLINDRICAL_SURFACE ( 'NONE', #972, 0.2499999999999999445 ) ;
#1529 = VERTEX_POINT ( 'NONE', #2028 ) ;
#1530 = CARTESIAN_POINT ( 'NONE',  ( 0.9741180954897480371, 0.000000000000000000, -0.7034074173710930244 ) ) ;
#1531 = ORIENTED_EDGE ( 'NONE', *, *, #307, .T. ) ;
#1532 = ORIENTED_EDGE ( 'NONE', *, *, #2578, .F. ) ;
#1533 = APPLICATION_PROTOCOL_DEFINITION ( 'draft international standard', 'automotive_design', 1998, #237 ) ;
#1534 = DIRECTION ( 'NONE',  ( 0.000000000000000000, -1.000000000000000000, 0.000000000000000000 ) ) ;
#1535 = VERTEX_POINT ( 'NONE', #544 ) ;
#1536 = EDGE_LOOP ( 'NONE', ( #154, #4112, #1933, #2794 ) ) ;
#1537 = EDGE_CURVE ( 'NONE', #1529, #3114, #4074, .T. ) ;
#1538 = DIRECTION ( 'NONE',  ( -0.000000000000000000, -1.000000000000000000, -0.000000000000000000 ) ) ;
#1539 = MANIFOLD_SOLID_BREP ( 'Cut-Extrude4[2]', #2945 ) ;
#1540 = CARTESIAN_POINT ( 'NONE',  ( 0.3499999999999999223, 0.2999999999999999334, 0.7299999999999999822 ) ) ;
#1541 = CARTESIAN_POINT ( 'NONE',  ( -0.6700000000000004841, 0.8000000000000000444, 0.4699999999999999178 ) ) ;
#1542 = LINE ( 'NONE', #1801, #2959 ) ;
#1543 = EDGE_CURVE ( 'NONE', #1384, #93, #2151, .T. ) ;
#1544 = EDGE_CURVE ( 'NONE', #2769, #2516, #1165, .T. ) ;
#1545 = DIRECTION ( 'NONE',  ( 0.000000000000000000, -1.000000000000000000, 0.000000000000000000 ) ) ;
#1546 = CARTESIAN_POINT ( 'NONE',  ( -0.3499999999999999223, 1.114998880451715912, 0.7299999999999999822 ) ) ;
#1547 = DIRECTION ( 'NONE',  ( 0.7071067811865493491, 0.000000000000000000, 0.7071067811865456854 ) ) ;
#1548 = ORIENTED_EDGE ( 'NONE', *, *, #3891, .T. ) ;
#1549 = DIRECTION ( 'NONE',  ( -0.000000000000000000, -1.000000000000000000, -0.000000000000000000 ) ) ;
#1550 = AXIS2_PLACEMENT_3D ( 'NONE', #2675, #3052, #1352 ) ;
#1551 = CARTESIAN_POINT ( 'NONE',  ( 0.3500000000000000333, 0.2999999999999999889, 0.2500000000000000000 ) ) ;
#1552 = EDGE_LOOP ( 'NONE', ( #2463, #918, #3646, #477 ) ) ;
#1553 = VERTEX_POINT ( 'NONE', #2442 ) ;
#1554 = VECTOR ( 'NONE', #66, 1000.000000000000000 ) ;
#1555 = MANIFOLD_SOLID_BREP ( 'Boss-Extrude6[3]', #870 ) ;
#1556 = FACE_OUTER_BOUND ( 'NONE', #1127, .T. ) ;
#1557 = PRODUCT_DEFINITION ( 'UNKNOWN', '', #1453, #1334 ) ;
#1558 = VECTOR ( 'NONE', #472, 1000.000000000000000 ) ;
#1559 = ORIENTED_EDGE ( 'NONE', *, *, #2346, .T. ) ;
#1560 = ORIENTED_EDGE ( 'NONE', *, *, #1512, .T. ) ;
#1561 = DIRECTION ( 'NONE',  ( -1.000000000000000000, 0.000000000000000000, 0.000000000000000000 ) ) ;
#1562 = DIRECTION ( 'NONE',  ( 0.000000000000000000, 0.000000000000000000, 1.000000000000000000 ) ) ;
#1563 = DIRECTION ( 'NONE',  ( 0.000000000000000000, 0.000000000000000000, -1.000000000000000000 ) ) ;
#1564 = AXIS2_PLACEMENT_3D ( 'NONE', #3120, #4114, #1922 ) ;
#1565 = EDGE_CURVE ( 'NONE', #2443, #2533, #2419, .T. ) ;
#1566 = AXIS2_PLACEMENT_3D ( 'NONE', #1120, #2313, #1715 ) ;
#1567 = FACE_OUTER_BOUND ( 'NONE', #3472, .T. ) ;
#1568 = DIRECTION ( 'NONE',  ( 1.000000000000000000, -0.000000000000000000, 2.258754526011467735E-16 ) ) ;
#1569 = DIRECTION ( 'NONE',  ( 0.000000000000000000, 0.000000000000000000, 1.000000000000000000 ) ) ;
#1570 = VERTEX_POINT ( 'NONE', #3797 ) ;
#1571 = SURFACE_STYLE_USAGE ( .BOTH. , #1912 ) ;
#1572 = LINE ( 'NONE', #2530, #2427 ) ;
#1573 = CARTESIAN_POINT ( 'NONE',  ( 0.3500000000000000333, 0.000000000000000000, -0.2500000000000000000 ) ) ;
#1574 = LINE ( 'NONE', #1003, #3438 ) ;
#1575 = ORIENTED_EDGE ( 'NONE', *, *, #1565, .T. ) ;
#1576 = EDGE_LOOP ( 'NONE', ( #1510, #3378, #681, #2334 ) ) ;
#1577 = MANIFOLD_SOLID_BREP ( 'Boss-Extrude6[2]', #1137 ) ;
#1578 = DIRECTION ( 'NONE',  ( -0.000000000000000000, 1.000000000000000000, -0.000000000000000000 ) ) ;
#1579 = ORIENTED_EDGE ( 'NONE', *, *, #3276, .T. ) ;
#1580 = EDGE_CURVE ( 'NONE', #2209, #2624, #2178, .T. ) ;
#1581 = ORIENTED_EDGE ( 'NONE', *, *, #537, .T. ) ;
#1582 = CARTESIAN_POINT ( 'NONE',  ( 0.9300000000000000488, 1.114998880451715912, -0.2500000000000000000 ) ) ;
#1583 = CARTESIAN_POINT ( 'NONE',  ( -1.001250000000001084, 0.6700000000000001510, -0.4699999999999999178 ) ) ;
#1584 = CARTESIAN_POINT ( 'NONE',  ( -0.6700000000000004841, 0.7900000000000000355, 0.4699999999999999178 ) ) ;
#1585 = DIRECTION ( 'NONE',  ( 0.000000000000000000, 0.000000000000000000, -1.000000000000000000 ) ) ;
#1586 = ORIENTED_EDGE ( 'NONE', *, *, #1798, .F. ) ;
#1587 = APPLICATION_PROTOCOL_DEFINITION ( 'draft international standard', 'automotive_design', 1998, #79 ) ;
#1588 = CIRCLE ( 'NONE', #640, 0.05999999999999994227 ) ;
#1589 = AXIS2_PLACEMENT_3D ( 'NONE', #3372, #3105, #3078 ) ;
#1590 = CARTESIAN_POINT ( 'NONE',  ( 0.6700000000000000400, 0.7025000000000000133, -0.4699999999999999178 ) ) ;
#1591 = FACE_OUTER_BOUND ( 'NONE', #2163, .T. ) ;
#1592 = LINE ( 'NONE', #4103, #686 ) ;
#1593 = ORIENTED_EDGE ( 'NONE', *, *, #3351, .F. ) ;
#1594 =( NAMED_UNIT ( * ) SI_UNIT ( $, .STERADIAN. ) SOLID_ANGLE_UNIT ( ) );
#1595 = CARTESIAN_POINT ( 'NONE',  ( -0.9200000000000003730, 3.936493098641637545, -0.4699999999999999734 ) ) ;
#1596 = AXIS2_PLACEMENT_3D ( 'NONE', #205, #1101, #1197 ) ;
#1597 = DIRECTION ( 'NONE',  ( 1.000000000000000000, 0.000000000000000000, -2.128853140844177604E-16 ) ) ;
#1598 = DIRECTION ( 'NONE',  ( 0.000000000000000000, 0.000000000000000000, 1.000000000000000000 ) ) ;
#1599 = ORIENTED_EDGE ( 'NONE', *, *, #98, .F. ) ;
#1600 = EDGE_CURVE ( 'NONE', #3488, #2643, #1877, .T. ) ;
#1601 = DIRECTION ( 'NONE',  ( -1.000000000000000000, -0.000000000000000000, -0.000000000000000000 ) ) ;
#1602 = VERTEX_POINT ( 'NONE', #3191 ) ;
#1603 = VERTEX_POINT ( 'NONE', #667 ) ;
#1604 = ORIENTED_EDGE ( 'NONE', *, *, #908, .F. ) ;
#1605 = VECTOR ( 'NONE', #3933, 1000.000000000000000 ) ;
#1606 = CARTESIAN_POINT ( 'NONE',  ( -0.9600000000000004086, 0.5999999999999998668, 0.4699999999999999178 ) ) ;
#1607 = DIRECTION ( 'NONE',  ( 0.000000000000000000, -0.000000000000000000, 1.000000000000000000 ) ) ;
#1608 = LINE ( 'NONE', #2880, #11 ) ;
#1609 = EDGE_LOOP ( 'NONE', ( #3064, #2116, #2008, #3216 ) ) ;
#1610 = ADVANCED_FACE ( 'NONE', ( #989 ), #3175, .F. ) ;
#1611 = EDGE_CURVE ( 'NONE', #595, #1947, #3501, .T. ) ;
#1612 = CYLINDRICAL_SURFACE ( 'NONE', #1244, 0.2499999999999999445 ) ;
#1613 = DIRECTION ( 'NONE',  ( 0.000000000000000000, 0.000000000000000000, 1.000000000000000000 ) ) ;
#1614 = FACE_OUTER_BOUND ( 'NONE', #2609, .T. ) ;
#1615 = ORIENTED_EDGE ( 'NONE', *, *, #959, .F. ) ;
#1616 = MANIFOLD_SOLID_BREP ( 'Boss-Extrude6[1]', #791 ) ;
#1617 = DIRECTION ( 'NONE',  ( -0.000000000000000000, -1.000000000000000000, -0.000000000000000000 ) ) ;
#1618 = DIRECTION ( 'NONE',  ( -1.000000000000000000, -0.000000000000000000, -0.000000000000000000 ) ) ;
#1619 = EDGE_CURVE ( 'NONE', #3541, #595, #1021, .T. ) ;
#1620 = FACE_OUTER_BOUND ( 'NONE', #3900, .T. ) ;
#1621 = ADVANCED_FACE ( 'NONE', ( #4136 ), #2665, .F. ) ;
#1622 = DIRECTION ( 'NONE',  ( -1.000000000000000000, -0.000000000000000000, 8.091060988697793180E-17 ) ) ;
#1623 = ADVANCED_FACE ( 'NONE', ( #2020, #3337 ), #1689, .T. ) ;
#1624 = ORIENTED_EDGE ( 'NONE', *, *, #1042, .F. ) ;
#1625 = ORIENTED_EDGE ( 'NONE', *, *, #58, .F. ) ;
#1626 = VECTOR ( 'NONE', #3387, 1000.000000000000000 ) ;
#1627 = CARTESIAN_POINT ( 'NONE',  ( 0.6700000000000000400, 0.5999999999999998668, 0.7599999999999998979 ) ) ;
#1628 = EDGE_CURVE ( 'NONE', #1146, #2462, #32, .T. ) ;
#1629 = CIRCLE ( 'NONE', #2353, 0.05000000000000002359 ) ;
#1630 = DIRECTION ( 'NONE',  ( 0.000000000000000000, 1.000000000000000000, -0.000000000000000000 ) ) ;
#1631 = ORIENTED_EDGE ( 'NONE', *, *, #2904, .F. ) ;
#1632 = ORIENTED_EDGE ( 'NONE', *, *, #1860, .F. ) ;
#1633 = VECTOR ( 'NONE', #1307, 1000.000000000000000 ) ;
#1634 = VECTOR ( 'NONE', #175, 1000.000000000000000 ) ;
#1635 = DIRECTION ( 'NONE',  ( -2.258754526011467735E-16, 0.000000000000000000, -1.000000000000000000 ) ) ;
#1636 = DIRECTION ( 'NONE',  ( 0.000000000000000000, 1.000000000000000000, 0.000000000000000000 ) ) ;
#1637 = UNCERTAINTY_MEASURE_WITH_UNIT (LENGTH_MEASURE( 1.000000000000000082E-05 ), #261, 'distance_accuracy_value', 'NONE');
#1638 = ORIENTED_EDGE ( 'NONE', *, *, #3962, .F. ) ;
#1639 =( LENGTH_UNIT ( ) NAMED_UNIT ( * ) SI_UNIT ( .MILLI., .METRE. ) );
#1640 = DIRECTION ( 'NONE',  ( 1.000000000000000000, -0.000000000000000000, -0.000000000000000000 ) ) ;
#1641 = ORIENTED_EDGE ( 'NONE', *, *, #2214, .F. ) ;
#1642 = DIRECTION ( 'NONE',  ( -0.000000000000000000, -1.000000000000000000, -0.000000000000000000 ) ) ;
#1643 = VECTOR ( 'NONE', #3068, 1000.000000000000000 ) ;
#1644 = LINE ( 'NONE', #2171, #2968 ) ;
#1645 = LINE ( 'NONE', #87, #3632 ) ;
#1646 = CARTESIAN_POINT ( 'NONE',  ( -0.3499999999999999223, 1.114998880451715912, 0.7299999999999999822 ) ) ;
#1647 = ORIENTED_EDGE ( 'NONE', *, *, #2538, .F. ) ;
#1648 = ORIENTED_EDGE ( 'NONE', *, *, #2466, .T. ) ;
#1649 = CARTESIAN_POINT ( 'NONE',  ( 0.3500000000000000333, 0.2999999999999999334, -0.2500000000000000000 ) ) ;
#1650 = ORIENTED_EDGE ( 'NONE', *, *, #4010, .F. ) ;
#1651 = ORIENTED_EDGE ( 'NONE', *, *, #3526, .F. ) ;
#1652 = DIRECTION ( 'NONE',  ( -0.000000000000000000, -1.000000000000000000, -0.000000000000000000 ) ) ;
#1653 = DIRECTION ( 'NONE',  ( -1.000000000000000000, -0.000000000000000000, -2.128853140844177604E-16 ) ) ;
#1654 = EDGE_LOOP ( 'NONE', ( #3606, #3794, #2809, #1424, #669, #1901, #1559, #900 ) ) ;
#1655 = UNCERTAINTY_MEASURE_WITH_UNIT (LENGTH_MEASURE( 1.000000000000000082E-05 ), #2273, 'distance_accuracy_value', 'NONE');
#1656 = EDGE_CURVE ( 'NONE', #1670, #3980, #962, .T. ) ;
#1657 = VECTOR ( 'NONE', #919, 1000.000000000000000 ) ;
#1658 = CIRCLE ( 'NONE', #2717, 0.08125000000000059952 ) ;
#1659 = SURFACE_STYLE_USAGE ( .BOTH. , #388 ) ;
#1660 = CARTESIAN_POINT ( 'NONE',  ( 0.9300000000000000488, 0.000000000000000000, -0.2500000000000000000 ) ) ;
#1661 = VERTEX_POINT ( 'NONE', #1364 ) ;
#1662 = VECTOR ( 'NONE', #1361, 1000.000000000000114 ) ;
#1663 = AXIS2_PLACEMENT_3D ( 'NONE', #474, #3042, #1490 ) ;
#1664 = LINE ( 'NONE', #3909, #1839 ) ;
#1665 = CARTESIAN_POINT ( 'NONE',  ( -0.8592893218813457690, 0.2999999999999999889, 0.7300000000000000933 ) ) ;
#1666 = CARTESIAN_POINT ( 'NONE',  ( 0.6700000000000000400, 0.6699999999999999289, -0.7200000000000000844 ) ) ;
#1667 = AXIS2_PLACEMENT_3D ( 'NONE', #4040, #553, #2426 ) ;
#1668 = EDGE_CURVE ( 'NONE', #1384, #3132, #1708, .T. ) ;
#1669 = CARTESIAN_POINT ( 'NONE',  ( 0.1250000000000000000, 0.5999999999999999778, -0.7399999999999999911 ) ) ;
#1670 = VERTEX_POINT ( 'NONE', #3598 ) ;
#1671 = DIRECTION ( 'NONE',  ( -1.000000000000000000, 0.000000000000000000, 2.128853140844177604E-16 ) ) ;
#1672 = ORIENTED_EDGE ( 'NONE', *, *, #3080, .T. ) ;
#1673 = VERTEX_POINT ( 'NONE', #724 ) ;
#1674 = ADVANCED_FACE ( 'NONE', ( #1709 ), #2771, .T. ) ;
#1675 = DIRECTION ( 'NONE',  ( 0.000000000000000000, 0.000000000000000000, 1.000000000000000000 ) ) ;
#1676 = DIRECTION ( 'NONE',  ( 0.7071067811865493491, 0.000000000000000000, -0.7071067811865456854 ) ) ;
#1677 = FACE_OUTER_BOUND ( 'NONE', #2990, .T. ) ;
#1678 = VERTEX_POINT ( 'NONE', #1491 ) ;
#1679 = EDGE_CURVE ( 'NONE', #1853, #1535, #3115, .T. ) ;
#1680 = CLOSED_SHELL ( 'NONE', ( #3237, #126, #3733, #278, #358, #1098, #4133, #2830, #4021, #3416, #1623, #2497, #3637, #2410, #1674, #429, #2795, #4145, #4100, #135, #3958 ) ) ;
#1681 = CARTESIAN_POINT ( 'NONE',  ( 1.000000000000000000, 0.000000000000000000, -0.7999999999999999334 ) ) ;
#1682 = CARTESIAN_POINT ( 'NONE',  ( 0.1849999999999999423, 0.000000000000000000, 0.8000000000000001554 ) ) ;
#1683 = ORIENTED_EDGE ( 'NONE', *, *, #2978, .F. ) ;
#1684 = EDGE_CURVE ( 'NONE', #1066, #1697, #1096, .T. ) ;
#1685 = DIRECTION ( 'NONE',  ( -1.000000000000000000, 0.000000000000000000, 0.000000000000000000 ) ) ;
#1686 = DIRECTION ( 'NONE',  ( -1.000000000000000000, 0.000000000000000000, 2.258754526011467735E-16 ) ) ;
#1687 = CARTESIAN_POINT ( 'NONE',  ( 0.9600000000000001865, 0.5999999999999998668, 0.4699999999999999178 ) ) ;
#1688 = LINE ( 'NONE', #1649, #1997 ) ;
#1689 = PLANE ( 'NONE',  #1907 ) ;
#1690 = PLANE ( 'NONE',  #1316 ) ;
#1691 = VECTOR ( 'NONE', #1075, 1000.000000000000000 ) ;
#1692 = ORIENTED_EDGE ( 'NONE', *, *, #1488, .T. ) ;
#1693 = ORIENTED_EDGE ( 'NONE', *, *, #3843, .T. ) ;
#1694 = ADVANCED_FACE ( 'NONE', ( #3083 ), #2412, .F. ) ;
#1695 = DIRECTION ( 'NONE',  ( -0.000000000000000000, -1.000000000000000000, 0.000000000000000000 ) ) ;
#1696 = DIRECTION ( 'NONE',  ( -0.000000000000000000, -1.000000000000000000, -0.000000000000000000 ) ) ;
#1697 = VERTEX_POINT ( 'NONE', #2744 ) ;
#1698 = ADVANCED_FACE ( 'NONE', ( #1442 ), #3043, .T. ) ;
#1699 = AXIS2_PLACEMENT_3D ( 'NONE', #128, #3914, #2042 ) ;
#1700 = DIRECTION ( 'NONE',  ( -0.000000000000000000, 1.000000000000000000, -0.000000000000000000 ) ) ;
#1701 = DIRECTION ( 'NONE',  ( -0.000000000000000000, 0.000000000000000000, 1.000000000000000000 ) ) ;
#1702 = DIRECTION ( 'NONE',  ( -1.000000000000000000, 0.000000000000000000, 0.000000000000000000 ) ) ;
#1703 = CIRCLE ( 'NONE', #1355, 0.1999999999999999833 ) ;
#1704 = EDGE_CURVE ( 'NONE', #75, #759, #2612, .T. ) ;
#1705 = DIRECTION ( 'NONE',  ( 0.000000000000000000, 0.000000000000000000, 1.000000000000000000 ) ) ;
#1706 = AXIS2_PLACEMENT_3D ( 'NONE', #2287, #3811, #1234 ) ;
#1707 = DIRECTION ( 'NONE',  ( 0.000000000000000000, 0.000000000000000000, 1.000000000000000000 ) ) ;
#1708 = CIRCLE ( 'NONE', #4046, 0.2500000000000000000 ) ;
#1709 = FACE_OUTER_BOUND ( 'NONE', #482, .T. ) ;
#1710 = FACE_OUTER_BOUND ( 'NONE', #1536, .T. ) ;
#1711 = ORIENTED_EDGE ( 'NONE', *, *, #363, .T. ) ;
#1712 = VERTEX_POINT ( 'NONE', #171 ) ;
#1713 = FACE_OUTER_BOUND ( 'NONE', #2212, .T. ) ;
#1714 = EDGE_CURVE ( 'NONE', #3132, #108, #1787, .T. ) ;
#1715 = DIRECTION ( 'NONE',  ( 0.000000000000000000, 0.000000000000000000, 1.000000000000000000 ) ) ;
#1716 = ORIENTED_EDGE ( 'NONE', *, *, #1908, .T. ) ;
#1717 = ORIENTED_EDGE ( 'NONE', *, *, #1908, .F. ) ;
#1718 = DIRECTION ( 'NONE',  ( 0.000000000000000000, 1.000000000000000000, 0.000000000000000000 ) ) ;
#1719 = CARTESIAN_POINT ( 'NONE',  ( 0.3499999999999999223, 0.000000000000000000, 0.7299999999999999822 ) ) ;
#1720 = DIRECTION ( 'NONE',  ( 0.000000000000000000, 1.000000000000000000, -0.000000000000000000 ) ) ;
#1721 = CARTESIAN_POINT ( 'NONE',  ( -0.1849999999999999423, 0.5999999999999999778, -0.7999999999999999334 ) ) ;
#1722 = CARTESIAN_POINT ( 'NONE',  ( -0.5500000000000000444, 0.2999999999999999889, 0.2500000000000000000 ) ) ;
#1723 = VECTOR ( 'NONE', #2622, 1000.000000000000000 ) ;
#1724 = STYLED_ITEM ( 'NONE', ( #878 ), #2882 ) ;
#1725 = DIRECTION ( 'NONE',  ( 1.000000000000000000, 0.000000000000000000, 0.000000000000000000 ) ) ;
#1726 = DIRECTION ( 'NONE',  ( -0.7071067811865483499, 0.000000000000000000, 0.7071067811865466846 ) ) ;
#1727 = EDGE_CURVE ( 'NONE', #3468, #2730, #4025, .T. ) ;
#1728 = LINE ( 'NONE', #3953, #1926 ) ;
#1729 = ORIENTED_EDGE ( 'NONE', *, *, #1985, .T. ) ;
#1730 = ORIENTED_EDGE ( 'NONE', *, *, #4030, .T. ) ;
#1731 = AXIS2_PLACEMENT_3D ( 'NONE', #2844, #3182, #2822 ) ;
#1732 = PLANE ( 'NONE',  #896 ) ;
#1733 = DIRECTION ( 'NONE',  ( 0.000000000000000000, -0.000000000000000000, 1.000000000000000000 ) ) ;
#1734 = ORIENTED_EDGE ( 'NONE', *, *, #1187, .F. ) ;
#1735 = ORIENTED_EDGE ( 'NONE', *, *, #4099, .F. ) ;
#1736 = DIRECTION ( 'NONE',  ( -1.000000000000000000, 0.000000000000000000, -0.000000000000000000 ) ) ;
#1737 = DIRECTION ( 'NONE',  ( 0.000000000000000000, 0.000000000000000000, -1.000000000000000000 ) ) ;
#1738 = CARTESIAN_POINT ( 'NONE',  ( 0.9741180954897480371, 0.2999999999999999334, -0.7034074173710930244 ) ) ;
#1739 = CARTESIAN_POINT ( 'NONE',  ( -0.1530176316622337274, 0.6095653579488617968, -0.7469433103554378173 ) ) ;
#1740 = ORIENTED_EDGE ( 'NONE', *, *, #3211, .T. ) ;
#1741 = EDGE_CURVE ( 'NONE', #3541, #2459, #1139, .T. ) ;
#1742 = EDGE_CURVE ( 'NONE', #1859, #2436, #2807, .T. ) ;
#1743 = DIRECTION ( 'NONE',  ( -0.000000000000000000, -1.000000000000000000, -0.000000000000000000 ) ) ;
#1744 = CARTESIAN_POINT ( 'NONE',  ( 0.9300000000000000488, 1.114998880451715912, 0.6592893218813449252 ) ) ;
#1745 = ADVANCED_FACE ( 'NONE', ( #3063 ), #2435, .F. ) ;
#1746 = FACE_OUTER_BOUND ( 'NONE', #2597, .T. ) ;
#1747 = CARTESIAN_POINT ( 'NONE',  ( -0.6700000000000003730, 0.5999999999999998668, 0.4699999999999999178 ) ) ;
#1748 = EDGE_CURVE ( 'NONE', #2046, #2689, #671, .T. ) ;
#1749 = ORIENTED_EDGE ( 'NONE', *, *, #2261, .F. ) ;
#1750 = DIRECTION ( 'NONE',  ( -0.000000000000000000, -1.000000000000000000, 0.000000000000000000 ) ) ;
#1751 = ORIENTED_EDGE ( 'NONE', *, *, #3891, .F. ) ;
#1752 = ORIENTED_EDGE ( 'NONE', *, *, #4146, .T. ) ;
#1753 = CARTESIAN_POINT ( 'NONE',  ( 0.3499999999999999223, 0.000000000000000000, 0.7299999999999999822 ) ) ;
#1754 = ORIENTED_EDGE ( 'NONE', *, *, #1493, .T. ) ;
#1755 = ORIENTED_EDGE ( 'NONE', *, *, #1544, .T. ) ;
#1756 = DIRECTION ( 'NONE',  ( 0.000000000000000000, 1.000000000000000000, -0.000000000000000000 ) ) ;
#1757 = AXIS2_PLACEMENT_3D ( 'NONE', #369, #1950, #1971 ) ;
#1758 = DIRECTION ( 'NONE',  ( -1.000000000000000000, 0.000000000000000000, -0.000000000000000000 ) ) ;
#1759 = CARTESIAN_POINT ( 'NONE',  ( -0.9741180954897480371, 0.2999999999999999889, -0.7034074173710930244 ) ) ;
#1760 = FACE_OUTER_BOUND ( 'NONE', #3691, .T. ) ;
#1761 = CIRCLE ( 'NONE', #478, 0.1000000000000001582 ) ;
#1762 = CARTESIAN_POINT ( 'NONE',  ( -0.1849999999999999423, 0.000000000000000000, 0.8000000000000001554 ) ) ;
#1763 = DIRECTION ( 'NONE',  ( -1.000000000000000000, 0.000000000000000000, 0.000000000000000000 ) ) ;
#1764 = SURFACE_STYLE_FILL_AREA ( #1134 ) ;
#1765 = AXIS2_PLACEMENT_3D ( 'NONE', #3765, #1763, #4020 ) ;
#1766 = DIRECTION ( 'NONE',  ( 0.000000000000000000, 0.000000000000000000, 1.000000000000000000 ) ) ;
#1767 = ORIENTED_EDGE ( 'NONE', *, *, #2639, .T. ) ;
#1768 = ORIENTED_EDGE ( 'NONE', *, *, #1302, .T. ) ;
#1769 = EDGE_LOOP ( 'NONE', ( #2672, #462 ) ) ;
#1770 = VECTOR ( 'NONE', #731, 1000.000000000000114 ) ;
#1771 = CARTESIAN_POINT ( 'NONE',  ( -0.9200000000000004841, 0.6699999999999999289, 0.4699999999999999178 ) ) ;
#1772 = FILL_AREA_STYLE_COLOUR ( '', #3113 ) ;
#1773 = ORIENTED_EDGE ( 'NONE', *, *, #1968, .T. ) ;
#1774 = ORIENTED_EDGE ( 'NONE', *, *, #4155, .T. ) ;
#1775 = FACE_OUTER_BOUND ( 'NONE', #3864, .T. ) ;
#1776 = DIRECTION ( 'NONE',  ( 0.000000000000000000, 0.000000000000000000, 1.000000000000000000 ) ) ;
#1777 = CARTESIAN_POINT ( 'NONE',  ( 0.1849999999999999423, 0.8000000000000008216, 0.8000000000000001554 ) ) ;
#1778 = LINE ( 'NONE', #142, #2749 ) ;
#1779 = DIRECTION ( 'NONE',  ( 1.000000000000000000, 0.000000000000000000, 0.000000000000000000 ) ) ;
#1780 = CARTESIAN_POINT ( 'NONE',  ( 0.1250000000000000000, 0.5999999999999999778, -0.7399999999999999911 ) ) ;
#1781 = FACE_OUTER_BOUND ( 'NONE', #2194, .T. ) ;
#1782 = CARTESIAN_POINT ( 'NONE',  ( 0.8699999999999999956, 0.7500000000000000000, 0.000000000000000000 ) ) ;
#1783 = CARTESIAN_POINT ( 'NONE',  ( 0.6700000000000000400, 0.7025000000000000133, -0.7199999999999999734 ) ) ;
#1784 = EDGE_CURVE ( 'NONE', #130, #892, #2541, .T. ) ;
#1785 = VECTOR ( 'NONE', #1618, 1000.000000000000000 ) ;
#1786 = AXIS2_PLACEMENT_3D ( 'NONE', #2056, #3565, #2034 ) ;
#1787 = LINE ( 'NONE', #2701, #3877 ) ;
#1788 = EDGE_LOOP ( 'NONE', ( #942, #2709, #3328, #2314, #1445, #109, #1160 ) ) ;
#1789 = ADVANCED_FACE ( 'NONE', ( #1965 ), #287, .F. ) ;
#1790 = ORIENTED_EDGE ( 'NONE', *, *, #698, .T. ) ;
#1791 = ORIENTED_EDGE ( 'NONE', *, *, #2833, .T. ) ;
#1792 = VECTOR ( 'NONE', #4022, 1000.000000000000000 ) ;
#1793 = VECTOR ( 'NONE', #3368, 1000.000000000000000 ) ;
#1794 = DIRECTION ( 'NONE',  ( -0.000000000000000000, -1.000000000000000000, -0.000000000000000000 ) ) ;
#1795 = VERTEX_POINT ( 'NONE', #3178 ) ;
#1796 = ORIENTED_EDGE ( 'NONE', *, *, #4080, .F. ) ;
#1797 = CARTESIAN_POINT ( 'NONE',  ( 0.9200000000000000400, 0.7025000000000000133, 0.4699999999999999178 ) ) ;
#1798 = EDGE_CURVE ( 'NONE', #3751, #2946, #629, .T. ) ;
#1799 = VECTOR ( 'NONE', #679, 1000.000000000000000 ) ;
#1800 = CARTESIAN_POINT ( 'NONE',  ( -0.6700000000000004841, 0.8000000000000000444, 0.4699999999999999178 ) ) ;
#1801 = CARTESIAN_POINT ( 'NONE',  ( -0.9741180954897480371, 0.000000000000000000, 0.7034074173710930244 ) ) ;
#1802 = CARTESIAN_POINT ( 'NONE',  ( -0.6700000000000004841, 0.7900000000000000355, 0.4099999999999999756 ) ) ;
#1803 = DIRECTION ( 'NONE',  ( -0.7071067811865456854, -0.000000000000000000, -0.7071067811865493491 ) ) ;
#1804 = DIRECTION ( 'NONE',  ( 0.7071067811865476838, 0.000000000000000000, 0.7071067811865474617 ) ) ;
#1805 = LINE ( 'NONE', #1827, #1990 ) ;
#1806 = EDGE_CURVE ( 'NONE', #3135, #2878, #398, .T. ) ;
#1807 = DIRECTION ( 'NONE',  ( 0.000000000000000000, 0.000000000000000000, 1.000000000000000000 ) ) ;
#1808 = LINE ( 'NONE', #170, #2723 ) ;
#1809 = CLOSED_SHELL ( 'NONE', ( #3141, #1084, #1463, #2521, #172, #1419, #258, #713, #838, #2712, #3409, #210, #1694, #2177, #937, #3163, #2392, #996, #2404, #1406, #1195, #330, #238, #3688, #1496 ) ) ;
#1810 = DIRECTION ( 'NONE',  ( 0.000000000000000000, -1.000000000000000000, 0.000000000000000000 ) ) ;
#1811 = DIRECTION ( 'NONE',  ( 0.000000000000000000, 0.000000000000000000, 1.000000000000000000 ) ) ;
#1812 = ORIENTED_EDGE ( 'NONE', *, *, #3585, .F. ) ;
#1813 = VERTEX_POINT ( 'NONE', #3779 ) ;
#1814 =( NAMED_UNIT ( * ) SI_UNIT ( $, .STERADIAN. ) SOLID_ANGLE_UNIT ( ) );
#1815 = LINE ( 'NONE', #3046, #4098 ) ;
#1816 = CARTESIAN_POINT ( 'NONE',  ( -0.9300000000000000488, 0.2999999999999999889, -0.2500000000000000000 ) ) ;
#1817 = EDGE_LOOP ( 'NONE', ( #2568, #2245, #2534, #2147 ) ) ;
#1818 = ORIENTED_EDGE ( 'NONE', *, *, #2179, .T. ) ;
#1819 = CYLINDRICAL_SURFACE ( 'NONE', #181, 0.2500000000000000000 ) ;
#1820 = FACE_OUTER_BOUND ( 'NONE', #2238, .T. ) ;
#1821 = DIRECTION ( 'NONE',  ( -0.000000000000000000, 1.000000000000000000, -0.000000000000000000 ) ) ;
#1822 = CARTESIAN_POINT ( 'NONE',  ( 0.9200000000000000400, 3.936493098641637545, 0.4699999999999999178 ) ) ;
#1823 = EDGE_CURVE ( 'NONE', #3325, #3199, #2837, .T. ) ;
#1824 = CARTESIAN_POINT ( 'NONE',  ( -1.000000000000000000, 1.114998880451715912, 0.7999999999999999334 ) ) ;
#1825 = AXIS2_PLACEMENT_3D ( 'NONE', #2567, #3819, #610 ) ;
#1826 = PLANE ( 'NONE',  #1111 ) ;
#1827 = CARTESIAN_POINT ( 'NONE',  ( 0.9300000000000000488, 0.000000000000000000, -0.6592893218813449252 ) ) ;
#1828 = PRESENTATION_STYLE_ASSIGNMENT (( #1108 ) ) ;
#1829 = AXIS2_PLACEMENT_3D ( 'NONE', #982, #3450, #1597 ) ;
#1830 = PLANE ( 'NONE',  #1078 ) ;
#1831 = VECTOR ( 'NONE', #1743, 1000.000000000000000 ) ;
#1832 = ORIENTED_EDGE ( 'NONE', *, *, #1841, .F. ) ;
#1833 = AXIS2_PLACEMENT_3D ( 'NONE', #4019, #2102, #1461 ) ;
#1834 = ORIENTED_EDGE ( 'NONE', *, *, #3575, .T. ) ;
#1835 = AXIS2_PLACEMENT_3D ( 'NONE', #1178, #2162, #561 ) ;
#1836 = SURFACE_STYLE_FILL_AREA ( #3735 ) ;
#1837 = ORIENTED_EDGE ( 'NONE', *, *, #3014, .F. ) ;
#1838 = EDGE_LOOP ( 'NONE', ( #818, #2504, #201, #3176, #2607, #3879, #3343 ) ) ;
#1839 = VECTOR ( 'NONE', #2914, 1000.000000000000000 ) ;
#1840 = CIRCLE ( 'NONE', #300, 0.05000000000000002359 ) ;
#1841 = EDGE_CURVE ( 'NONE', #476, #2137, #906, .T. ) ;
#1842 = PLANE ( 'NONE',  #417 ) ;
#1843 = CARTESIAN_POINT ( 'NONE',  ( -1.000000000000000000, 0.5999999999999999778, -0.6999999999999997335 ) ) ;
#1844 = CARTESIAN_POINT ( 'NONE',  ( 1.000000000000000000, 0.000000000000000000, 0.7999999999999999334 ) ) ;
#1845 = FACE_OUTER_BOUND ( 'NONE', #2347, .T. ) ;
#1846 = CARTESIAN_POINT ( 'NONE',  ( -0.9600000000000004086, 0.5999999999999998668, 0.4699999999999997513 ) ) ;
#1847 = CARTESIAN_POINT ( 'NONE',  ( -0.9034074173710933131, 0.000000000000000000, 0.7741180954897475264 ) ) ;
#1848 = DIRECTION ( 'NONE',  ( -0.000000000000000000, -1.000000000000000000, -0.000000000000000000 ) ) ;
#1849 = ORIENTED_EDGE ( 'NONE', *, *, #733, .T. ) ;
#1850 = FACE_OUTER_BOUND ( 'NONE', #605, .T. ) ;
#1851 = LINE ( 'NONE', #2411, #3964 ) ;
#1852 = EDGE_CURVE ( 'NONE', #108, #710, #2276, .T. ) ;
#1853 = VERTEX_POINT ( 'NONE', #1923 ) ;
#1854 = VERTEX_POINT ( 'NONE', #2197 ) ;
#1855 = PRODUCT_CONTEXT ( 'NONE', #79, 'mechanical' ) ;
#1856 = EDGE_CURVE ( 'NONE', #3536, #2923, #3313, .T. ) ;
#1857 = VECTOR ( 'NONE', #1954, 1000.000000000000000 ) ;
#1858 = VECTOR ( 'NONE', #915, 1000.000000000000000 ) ;
#1859 = VERTEX_POINT ( 'NONE', #590 ) ;
#1860 = EDGE_CURVE ( 'NONE', #2863, #1405, #2588, .T. ) ;
#1861 = ORIENTED_EDGE ( 'NONE', *, *, #2321, .F. ) ;
#1862 = ADVANCED_FACE ( 'NONE', ( #1944 ), #4115, .F. ) ;
#1863 = AXIS2_PLACEMENT_3D ( 'NONE', #828, #3383, #1097 ) ;
#1864 = CIRCLE ( 'NONE', #2390, 0.1000000000000001582 ) ;
#1865 = DIRECTION ( 'NONE',  ( 0.000000000000000000, -1.000000000000000000, 0.000000000000000000 ) ) ;
#1866 = PLANE ( 'NONE',  #886 ) ;
#1867 = LINE ( 'NONE', #3464, #3200 ) ;
#1868 = DIRECTION ( 'NONE',  ( 0.000000000000000000, 0.000000000000000000, -1.000000000000000000 ) ) ;
#1869 = DIRECTION ( 'NONE',  ( 0.000000000000000000, 0.000000000000000000, 1.000000000000000000 ) ) ;
#1870 = DIRECTION ( 'NONE',  ( 0.7071067811865466846, -0.000000000000000000, 0.7071067811865483499 ) ) ;
#1871 = VERTEX_POINT ( 'NONE', #932 ) ;
#1872 = LINE ( 'NONE', #3149, #2716 ) ;
#1873 = CARTESIAN_POINT ( 'NONE',  ( -0.9300000000000000488, 0.000000000000000000, -0.6592893218813449252 ) ) ;
#1874 = ORIENTED_EDGE ( 'NONE', *, *, #1798, .T. ) ;
#1875 = EDGE_LOOP ( 'NONE', ( #547, #726, #195, #2644 ) ) ;
#1876 = TOROIDAL_SURFACE ( 'NONE', #391, 0.2000000000000000111, 0.05000000000000000278 ) ;
#1877 = LINE ( 'NONE', #3155, #2248 ) ;
#1878 = ORIENTED_EDGE ( 'NONE', *, *, #3706, .T. ) ;
#1879 = ORIENTED_EDGE ( 'NONE', *, *, #1375, .F. ) ;
#1880 = EDGE_CURVE ( 'NONE', #362, #476, #2217, .T. ) ;
#1881 = EDGE_CURVE ( 'NONE', #710, #94, #3480, .T. ) ;
#1882 = LINE ( 'NONE', #2482, #827 ) ;
#1883 = CARTESIAN_POINT ( 'NONE',  ( 0.1849999999999999423, 0.8000000000000008216, -0.7999999999999999334 ) ) ;
#1884 = CARTESIAN_POINT ( 'NONE',  ( 1.001250000000000862, 0.6700000000000001510, 0.4699999999999999178 ) ) ;
#1885 = CARTESIAN_POINT ( 'NONE',  ( 0.6700000000000000400, 0.7499999999999997780, 0.4699999999999999178 ) ) ;
#1886 =( NAMED_UNIT ( * ) PLANE_ANGLE_UNIT ( ) SI_UNIT ( $, .RADIAN. ) );
#1887 = LINE ( 'NONE', #1909, #435 ) ;
#1888 = CARTESIAN_POINT ( 'NONE',  ( -0.6700000000000003730, 0.7025000000000000133, 0.4699999999999999178 ) ) ;
#1889 = DIRECTION ( 'NONE',  ( 0.000000000000000000, 1.000000000000000000, 0.000000000000000000 ) ) ;
#1890 = VERTEX_POINT ( 'NONE', #3846 ) ;
#1891 = CARTESIAN_POINT ( 'NONE',  ( -0.6700000000000003730, 0.7499999999999997780, 0.4699999999999999178 ) ) ;
#1892 = CARTESIAN_POINT ( 'NONE',  ( -0.9300000000000000488, 0.000000000000000000, -0.2500000000000000000 ) ) ;
#1893 = VECTOR ( 'NONE', #2595, 1000.000000000000000 ) ;
#1894 = DIRECTION ( 'NONE',  ( 1.000000000000000000, 0.000000000000000000, 0.000000000000000000 ) ) ;
#1895 = CARTESIAN_POINT ( 'NONE',  ( 0.3499999999999999223, 0.2999999999999999889, -0.7299999999999999822 ) ) ;
#1896 = ORIENTED_EDGE ( 'NONE', *, *, #1823, .F. ) ;
#1897 = VERTEX_POINT ( 'NONE', #1904 ) ;
#1898 = AXIS2_PLACEMENT_3D ( 'NONE', #1081, #2366, #1037 ) ;
#1899 = CARTESIAN_POINT ( 'NONE',  ( 0.1697213595499957040, 0.5999999999999999778, 0.7599999999999998979 ) ) ;
#1900 = SURFACE_SIDE_STYLE ('',( #4110 ) ) ;
#1901 = ORIENTED_EDGE ( 'NONE', *, *, #1345, .T. ) ;
#1902 = EDGE_LOOP ( 'NONE', ( #4122, #3937 ) ) ;
#1903 = ORIENTED_EDGE ( 'NONE', *, *, #1308, .F. ) ;
#1904 = CARTESIAN_POINT ( 'NONE',  ( 0.9300000000000000488, 0.000000000000000000, -0.6592893218813449252 ) ) ;
#1905 = LINE ( 'NONE', #3505, #2227 ) ;
#1906 = AXIS2_PLACEMENT_3D ( 'NONE', #393, #1686, #768 ) ;
#1907 = AXIS2_PLACEMENT_3D ( 'NONE', #3934, #2294, #453 ) ;
#1908 = EDGE_CURVE ( 'NONE', #2604, #712, #325, .T. ) ;
#1909 = CARTESIAN_POINT ( 'NONE',  ( -0.3500000000000000333, 0.2999999999999999889, -0.2500000000000000000 ) ) ;
#1910 = FACE_OUTER_BOUND ( 'NONE', #4029, .T. ) ;
#1911 = ORIENTED_EDGE ( 'NONE', *, *, #3193, .T. ) ;
#1912 = SURFACE_SIDE_STYLE ('',( #294 ) ) ;
#1913 = DIRECTION ( 'NONE',  ( 1.000000000000000000, -0.000000000000000000, -0.000000000000000000 ) ) ;
#1914 = CYLINDRICAL_SURFACE ( 'NONE', #948, 0.05999999999999994227 ) ;
#1915 = CARTESIAN_POINT ( 'NONE',  ( -0.8592893218813457690, 0.2999999999999999889, -0.7300000000000000933 ) ) ;
#1916 = ORIENTED_EDGE ( 'NONE', *, *, #1936, .T. ) ;
#1917 = ORIENTED_EDGE ( 'NONE', *, *, #971, .F. ) ;
#1918 = EDGE_CURVE ( 'NONE', #222, #3246, #1415, .T. ) ;
#1919 = VERTEX_POINT ( 'NONE', #2566 ) ;
#1920 = ORIENTED_EDGE ( 'NONE', *, *, #3752, .F. ) ;
#1921 = ADVANCED_FACE ( 'NONE', ( #3522 ), #2902, .F. ) ;
#1922 = DIRECTION ( 'NONE',  ( 1.000000000000000000, 0.000000000000000000, -1.869314090492248319E-16 ) ) ;
#1923 = CARTESIAN_POINT ( 'NONE',  ( 0.9741180954897480371, 0.2999999999999999889, 0.7034074173710930244 ) ) ;
#1924 = CARTESIAN_POINT ( 'NONE',  ( 0.6700000000000000400, 0.8000000000000000444, -0.6699999999999999289 ) ) ;
#1925 = ORIENTED_EDGE ( 'NONE', *, *, #729, .T. ) ;
#1926 = VECTOR ( 'NONE', #1089, 1000.000000000000000 ) ;
#1927 = STYLED_ITEM ( 'NONE', ( #2464 ), #2858 ) ;
#1928 = EDGE_CURVE ( 'NONE', #1535, #1344, #3584, .T. ) ;
#1929 = ADVANCED_FACE ( 'NONE', ( #384 ), #2610, .F. ) ;
#1930 = CARTESIAN_POINT ( 'NONE',  ( 1.000000000000000000, 0.5999999999999999778, -0.6999999999999997335 ) ) ;
#1931 = DIRECTION ( 'NONE',  ( -0.000000000000000000, -1.000000000000000000, 0.000000000000000000 ) ) ;
#1932 = CARTESIAN_POINT ( 'NONE',  ( -0.6700000000000004841, 0.8000000000000000444, 0.4099999999999999756 ) ) ;
#1933 = ORIENTED_EDGE ( 'NONE', *, *, #3351, .T. ) ;
#1934 = MECHANICAL_DESIGN_GEOMETRIC_PRESENTATION_REPRESENTATION (  '', ( #857 ), #1329 ) ;
#1935 = DIRECTION ( 'NONE',  ( 0.000000000000000000, 0.000000000000000000, 1.000000000000000000 ) ) ;
#1936 = EDGE_CURVE ( 'NONE', #2923, #3645, #3956, .T. ) ;
#1937 = LINE ( 'NONE', #682, #611 ) ;
#1938 = CARTESIAN_POINT ( 'NONE',  ( -0.9300000000000000488, 0.2999999999999999334, 0.2500000000000000000 ) ) ;
#1939 = EDGE_LOOP ( 'NONE', ( #2174, #2283, #2852, #2543, #194, #1090, #772 ) ) ;
#1940 = ORIENTED_EDGE ( 'NONE', *, *, #58, .T. ) ;
#1941 = ORIENTED_EDGE ( 'NONE', *, *, #2338, .T. ) ;
#1942 = VERTEX_POINT ( 'NONE', #97 ) ;
#1943 = MECHANICAL_DESIGN_GEOMETRIC_PRESENTATION_REPRESENTATION (  '', ( #4005 ), #3145 ) ;
#1944 = FACE_OUTER_BOUND ( 'NONE', #1401, .T. ) ;
#1945 = PLANE ( 'NONE',  #2196 ) ;
#1946 = CARTESIAN_POINT ( 'NONE',  ( 0.3500000000000000333, 0.000000000000000000, 0.2500000000000000000 ) ) ;
#1947 = VERTEX_POINT ( 'NONE', #3922 ) ;
#1948 = UNCERTAINTY_MEASURE_WITH_UNIT (LENGTH_MEASURE( 1.000000000000000082E-05 ), #334, 'distance_accuracy_value', 'NONE');
#1949 = DIRECTION ( 'NONE',  ( -0.7071067811865456854, 0.000000000000000000, 0.7071067811865493491 ) ) ;
#1950 = DIRECTION ( 'NONE',  ( 0.000000000000000000, 1.000000000000000000, 0.000000000000000000 ) ) ;
#1951 = PLANE ( 'NONE',  #988 ) ;
#1952 = ORIENTED_EDGE ( 'NONE', *, *, #4099, .T. ) ;
#1953 = FILL_AREA_STYLE_COLOUR ( '', #2406 ) ;
#1954 = DIRECTION ( 'NONE',  ( -1.000000000000000000, 0.000000000000000000, 0.000000000000000000 ) ) ;
#1955 = DIRECTION ( 'NONE',  ( 0.7071067811865457964, 0.000000000000000000, -0.7071067811865492381 ) ) ;
#1956 = CARTESIAN_POINT ( 'NONE',  ( -1.000000000000000000, 0.000000000000000000, -0.000000000000000000 ) ) ;
#1957 = CARTESIAN_POINT ( 'NONE',  ( -0.3499999999999999223, 0.2999999999999999889, -0.7299999999999999822 ) ) ;
#1958 = ORIENTED_EDGE ( 'NONE', *, *, #929, .F. ) ;
#1959 = AXIS2_PLACEMENT_3D ( 'NONE', #3764, #291, #2843 ) ;
#1960 = VECTOR ( 'NONE', #2277, 1000.000000000000000 ) ;
#1961 = CARTESIAN_POINT ( 'NONE',  ( -0.9300000000000000488, 0.2999999999999999889, -0.6592893218813449252 ) ) ;
#1962 = EDGE_LOOP ( 'NONE', ( #2184, #1203, #3377, #2029 ) ) ;
#1963 = ORIENTED_EDGE ( 'NONE', *, *, #2916, .T. ) ;
#1964 = AXIS2_PLACEMENT_3D ( 'NONE', #3231, #3255, #1359 ) ;
#1965 = FACE_OUTER_BOUND ( 'NONE', #2828, .T. ) ;
#1966 = CARTESIAN_POINT ( 'NONE',  ( -0.1250000000000000000, 0.8000000000000008216, 0.7999999999999999334 ) ) ;
#1967 = ORIENTED_EDGE ( 'NONE', *, *, #129, .F. ) ;
#1968 = EDGE_CURVE ( 'NONE', #3645, #3815, #1049, .T. ) ;
#1969 = VECTOR ( 'NONE', #1640, 1000.000000000000000 ) ;
#1970 = CARTESIAN_POINT ( 'NONE',  ( -1.000000000000000000, 0.2999999999999999889, -0.7999999999999999334 ) ) ;
#1971 = DIRECTION ( 'NONE',  ( 0.000000000000000000, -0.000000000000000000, 1.000000000000000000 ) ) ;
#1973 = EDGE_CURVE ( 'NONE', #2394, #2209, #2332, .T. ) ;
#1972 = CARTESIAN_POINT ( 'NONE',  ( 0.9741180954897480371, 0.000000000000000000, 0.7034074173710930244 ) ) ;
#1974 = ORIENTED_EDGE ( 'NONE', *, *, #1029, .T. ) ;
#1975 = VECTOR ( 'NONE', #758, 1000.000000000000000 ) ;
#1976 = DIRECTION ( 'NONE',  ( 0.000000000000000000, 0.000000000000000000, 1.000000000000000000 ) ) ;
#1977 = DIRECTION ( 'NONE',  ( 2.128853140844177604E-16, 0.000000000000000000, -1.000000000000000000 ) ) ;
#1978 = VERTEX_POINT ( 'NONE', #3305 ) ;
#1979 = ADVANCED_FACE ( 'NONE', ( #1713 ), #1732, .T. ) ;
#1980 = ORIENTED_EDGE ( 'NONE', *, *, #2354, .F. ) ;
#1981 = LINE ( 'NONE', #2021, #2315 ) ;
#1982 = ORIENTED_EDGE ( 'NONE', *, *, #1353, .T. ) ;
#1983 = CARTESIAN_POINT ( 'NONE',  ( -1.000000000000000000, 0.5949999999999999734, 0.000000000000000000 ) ) ;
#1984 = DIRECTION ( 'NONE',  ( 0.000000000000000000, 0.000000000000000000, 1.000000000000000000 ) ) ;
#1985 = EDGE_CURVE ( 'NONE', #804, #2868, #757, .T. ) ;
#1986 = DIRECTION ( 'NONE',  ( 1.807003620809175766E-15, 0.000000000000000000, -1.000000000000000000 ) ) ;
#1987 = DIRECTION ( 'NONE',  ( 0.000000000000000000, -0.000000000000000000, -1.000000000000000000 ) ) ;
#1988 = EDGE_CURVE ( 'NONE', #2527, #200, #2707, .T. ) ;
#1989 = ORIENTED_EDGE ( 'NONE', *, *, #3950, .T. ) ;
#1990 = VECTOR ( 'NONE', #2469, 1000.000000000000000 ) ;
#1991 = PRESENTATION_LAYER_ASSIGNMENT (  '', '', ( #1927 ) ) ;
#1992 = LINE ( 'NONE', #2951, #2513 ) ;
#1993 = SURFACE_STYLE_FILL_AREA ( #2866 ) ;
#1994 = CARTESIAN_POINT ( 'NONE',  ( 1.000000000000000000, 0.5949999999999999734, -0.6999999999999997335 ) ) ;
#1995 = ORIENTED_EDGE ( 'NONE', *, *, #568, .T. ) ;
#1996 = AXIS2_PLACEMENT_3D ( 'NONE', #3693, #2992, #1053 ) ;
#1997 = VECTOR ( 'NONE', #2919, 1000.000000000000000 ) ;
#1998 = DIRECTION ( 'NONE',  ( -1.000000000000000000, 0.000000000000000000, -0.000000000000000000 ) ) ;
#1999 = LINE ( 'NONE', #86, #1494 ) ;
#2000 = DIRECTION ( 'NONE',  ( 1.000000000000000000, 0.000000000000000000, 0.000000000000000000 ) ) ;
#2001 = FACE_OUTER_BOUND ( 'NONE', #1338, .T. ) ;
#2002 = CARTESIAN_POINT ( 'NONE',  ( -0.6700000000000003730, 0.7025000000000000133, 0.7199999999999999734 ) ) ;
#2003 = DIRECTION ( 'NONE',  ( -0.000000000000000000, -1.000000000000000000, -0.000000000000000000 ) ) ;
#2004 = EDGE_CURVE ( 'NONE', #3525, #1712, #2417, .T. ) ;
#2005 = ORIENTED_EDGE ( 'NONE', *, *, #738, .T. ) ;
#2006 = LINE ( 'NONE', #2328, #3987 ) ;
#2007 = EDGE_LOOP ( 'NONE', ( #778, #48, #3812, #1402 ) ) ;
#2008 = ORIENTED_EDGE ( 'NONE', *, *, #1973, .F. ) ;
#2009 = CARTESIAN_POINT ( 'NONE',  ( -0.6700000000000003730, 0.5999999999999998668, -0.4699999999999999178 ) ) ;
#2010 = CARTESIAN_POINT ( 'NONE',  ( 0.9741180954897480371, 0.2999999999999999889, 0.7034074173710930244 ) ) ;
#2011 = VERTEX_POINT ( 'NONE', #845 ) ;
#2012 = CARTESIAN_POINT ( 'NONE',  ( 0.6700000000000000400, 3.936493098641637545, -0.4699999999999999178 ) ) ;
#2013 = DIRECTION ( 'NONE',  ( -0.7071067811865456854, 0.000000000000000000, 0.7071067811865493491 ) ) ;
#2014 = DIRECTION ( 'NONE',  ( 0.000000000000000000, 0.000000000000000000, 1.000000000000000000 ) ) ;
#2015 = VERTEX_POINT ( 'NONE', #1895 ) ;
#2016 = DIRECTION ( 'NONE',  ( 0.000000000000000000, 1.000000000000000000, 0.000000000000000000 ) ) ;
#2017 = PLANE ( 'NONE',  #2608 ) ;
#2018 = EDGE_CURVE ( 'NONE', #1795, #4002, #1815, .T. ) ;
#2019 = DIRECTION ( 'NONE',  ( 0.000000000000000000, -1.000000000000000000, 0.000000000000000000 ) ) ;
#2020 = FACE_OUTER_BOUND ( 'NONE', #1654, .T. ) ;
#2021 = CARTESIAN_POINT ( 'NONE',  ( 0.6700000000000000400, 3.936493098641637545, -0.7199999999999999734 ) ) ;
#2022 = AXIS2_PLACEMENT_3D ( 'NONE', #3945, #764, #1410 ) ;
#2023 = ORIENTED_EDGE ( 'NONE', *, *, #2772, .T. ) ;
#2024 = ORIENTED_EDGE ( 'NONE', *, *, #3277, .F. ) ;
#2025 = AXIS2_PLACEMENT_3D ( 'NONE', #2520, #1563, #1333 ) ;
#2026 = DIRECTION ( 'NONE',  ( -0.000000000000000000, 1.000000000000000000, 0.000000000000000000 ) ) ;
#2027 = DIRECTION ( 'NONE',  ( 0.000000000000000000, 1.000000000000000000, -0.000000000000000000 ) ) ;
#2028 = CARTESIAN_POINT ( 'NONE',  ( -0.6700000000000003730, 0.8000000000000000444, 0.6699999999999999289 ) ) ;
#2029 = ORIENTED_EDGE ( 'NONE', *, *, #1628, .T. ) ;
#2030 = ORIENTED_EDGE ( 'NONE', *, *, #1302, .F. ) ;
#2031 = DIRECTION ( 'NONE',  ( -0.000000000000000000, -0.000000000000000000, -1.000000000000000000 ) ) ;
#2032 = VECTOR ( 'NONE', #2433, 1000.000000000000000 ) ;
#2033 = AXIS2_PLACEMENT_3D ( 'NONE', #1915, #644, #1017 ) ;
#2034 = DIRECTION ( 'NONE',  ( 0.000000000000000000, 0.000000000000000000, -1.000000000000000000 ) ) ;
#2035 = CARTESIAN_POINT ( 'NONE',  ( 1.000000000000000000, 0.000000000000000000, 0.8000000000000001554 ) ) ;
#2036 = CARTESIAN_POINT ( 'NONE',  ( -0.1593394795629998473, 0.6065654861802716180, -0.7502816868560244767 ) ) ;
#2037 = AXIS2_PLACEMENT_3D ( 'NONE', #1782, #1156, #2980 ) ;
#2038 = EDGE_CURVE ( 'NONE', #4109, #2259, #2088, .T. ) ;
#2039 = LINE ( 'NONE', #3947, #1831 ) ;
#2040 = LINE ( 'NONE', #3614, #3936 ) ;
#2041 = VECTOR ( 'NONE', #3403, 1000.000000000000114 ) ;
#2042 = DIRECTION ( 'NONE',  ( 0.000000000000000000, 0.000000000000000000, -1.000000000000000000 ) ) ;
#2043 =( GEOMETRIC_REPRESENTATION_CONTEXT ( 3 ) GLOBAL_UNCERTAINTY_ASSIGNED_CONTEXT ( ( #1655 ) ) GLOBAL_UNIT_ASSIGNED_CONTEXT ( ( #2273, #1238, #1281 ) ) REPRESENTATION_CONTEXT ( 'NONE', 'WORKASPACE' ) );
#2044 = ORIENTED_EDGE ( 'NONE', *, *, #2321, .T. ) ;
#2045 = DIRECTION ( 'NONE',  ( -1.000000000000000000, 0.000000000000000000, -2.258754526011467735E-16 ) ) ;
#2046 = VERTEX_POINT ( 'NONE', #4129 ) ;
#2047 = ORIENTED_EDGE ( 'NONE', *, *, #98, .T. ) ;
#2048 = EDGE_CURVE ( 'NONE', #759, #963, #3362, .T. ) ;
#2049 = EDGE_CURVE ( 'NONE', #3365, #3580, #823, .T. ) ;
#2050 = CARTESIAN_POINT ( 'NONE',  ( -0.9200000000000003730, 0.7025000000000000133, 0.4699999999999999178 ) ) ;
#2051 = DIRECTION ( 'NONE',  ( -0.000000000000000000, 0.000000000000000000, -1.000000000000000000 ) ) ;
#2052 = ORIENTED_EDGE ( 'NONE', *, *, #2416, .F. ) ;
#2053 = VERTEX_POINT ( 'NONE', #2135 ) ;
#2054 = EDGE_CURVE ( 'NONE', #3668, #75, #2115, .T. ) ;
#2055 = EDGE_CURVE ( 'NONE', #1570, #343, #526, .T. ) ;
#2056 = CARTESIAN_POINT ( 'NONE',  ( -0.1250000000000000000, 0.8000000000000008216, 0.7999999999999999334 ) ) ;
#2057 = CARTESIAN_POINT ( 'NONE',  ( 0.1250000000000000000, 0.000000000000000000, -0.7399999999999999911 ) ) ;
#2058 = EDGE_CURVE ( 'NONE', #1444, #1183, #922, .T. ) ;
#2059 = LINE ( 'NONE', #3013, #2270 ) ;
#2060 = EDGE_CURVE ( 'NONE', #734, #3838, #2774, .T. ) ;
#2061 = VECTOR ( 'NONE', #2825, 1000.000000000000000 ) ;
#2062 = LINE ( 'NONE', #3373, #2363 ) ;
#2063 = VECTOR ( 'NONE', #3071, 1000.000000000000000 ) ;
#2064 = AXIS2_PLACEMENT_3D ( 'NONE', #1884, #3523, #309 ) ;
#2065 = LINE ( 'NONE', #3975, #657 ) ;
#2066 = ORIENTED_EDGE ( 'NONE', *, *, #2344, .F. ) ;
#2067 = CARTESIAN_POINT ( 'NONE',  ( 0.3499999999999999223, 0.2999999999999999889, 0.7299999999999999822 ) ) ;
#2068 = ORIENTED_EDGE ( 'NONE', *, *, #1218, .T. ) ;
#2069 = VERTEX_POINT ( 'NONE', #2748 ) ;
#2070 = AXIS2_PLACEMENT_3D ( 'NONE', #3853, #1547, #976 ) ;
#2071 = DIRECTION ( 'NONE',  ( -0.000000000000000000, 0.000000000000000000, -1.000000000000000000 ) ) ;
#2072 = CARTESIAN_POINT ( 'NONE',  ( -0.9200000000000003730, 0.6700000000000001510, 0.4699999999999999178 ) ) ;
#2073 = ORIENTED_EDGE ( 'NONE', *, *, #3032, .T. ) ;
#2074 = EDGE_LOOP ( 'NONE', ( #1963, #30, #586, #3441 ) ) ;
#2075 = CARTESIAN_POINT ( 'NONE',  ( -0.1250000000000000000, 0.000000000000000000, -0.7399999999999999911 ) ) ;
#2076 = DIRECTION ( 'NONE',  ( 0.000000000000000000, -1.000000000000000000, 0.000000000000000000 ) ) ;
#2077 = DIRECTION ( 'NONE',  ( -0.000000000000000000, -1.000000000000000000, -0.000000000000000000 ) ) ;
#2078 = ORIENTED_EDGE ( 'NONE', *, *, #2999, .T. ) ;
#2079 = VECTOR ( 'NONE', #2126, 1000.000000000000114 ) ;
#2080 = CYLINDRICAL_SURFACE ( 'NONE', #3768, 0.2500000000000000000 ) ;
#2081 = LINE ( 'NONE', #534, #3624 ) ;
#2082 = FACE_OUTER_BOUND ( 'NONE', #1213, .T. ) ;
#2083 = AXIS2_PLACEMENT_3D ( 'NONE', #3664, #522, #3355 ) ;
#2084 = DIRECTION ( 'NONE',  ( 1.000000000000000000, 0.000000000000000000, 0.000000000000000000 ) ) ;
#2085 = ORIENTED_EDGE ( 'NONE', *, *, #1431, .F. ) ;
#2086 = ORIENTED_EDGE ( 'NONE', *, *, #3253, .F. ) ;
#2087 = VERTEX_POINT ( 'NONE', #218 ) ;
#2088 = LINE ( 'NONE', #3669, #2359 ) ;
#2089 = CARTESIAN_POINT ( 'NONE',  ( 0.6700000000000000400, 3.936493098641637545, 0.7199999999999999734 ) ) ;
#2090 = ORIENTED_EDGE ( 'NONE', *, *, #2656, .F. ) ;
#2091 = DIRECTION ( 'NONE',  ( -0.7071067811865466846, 0.000000000000000000, -0.7071067811865483499 ) ) ;
#2092 = VECTOR ( 'NONE', #2140, 1000.000000000000000 ) ;
#2093 = LINE ( 'NONE', #1777, #1793 ) ;
#2094 = CARTESIAN_POINT ( 'NONE',  ( -0.8700000000000003286, 0.8000000000000000444, 0.4699999999999998623 ) ) ;
#2095 = AXIS2_PLACEMENT_3D ( 'NONE', #2781, #2697, #3036 ) ;
#2096 = PRODUCT_DEFINITION_SHAPE ( 'NONE', 'NONE',  #1557 ) ;
#2097 = ADVANCED_FACE ( 'NONE', ( #2441 ), #3810, .F. ) ;
#2098 = CARTESIAN_POINT ( 'NONE',  ( -0.6700000000000003730, 0.7025000000000000133, -0.4699999999999999178 ) ) ;
#2099 = EDGE_CURVE ( 'NONE', #1435, #10, #4053, .T. ) ;
#2100 = AXIS2_PLACEMENT_3D ( 'NONE', #3550, #217, #2812 ) ;
#2101 = FACE_OUTER_BOUND ( 'NONE', #461, .T. ) ;
#2102 = DIRECTION ( 'NONE',  ( 0.000000000000000000, 0.000000000000000000, -1.000000000000000000 ) ) ;
#2103 = DIRECTION ( 'NONE',  ( -2.258754526011467735E-16, 0.000000000000000000, -1.000000000000000000 ) ) ;
#2104 = FILL_AREA_STYLE_COLOUR ( '', #2673 ) ;
#2105 = LINE ( 'NONE', #2764, #1246 ) ;
#2106 = DIRECTION ( 'NONE',  ( -1.000000000000000000, 0.000000000000000000, 2.128853140844177604E-16 ) ) ;
#2107 = VECTOR ( 'NONE', #558, 1000.000000000000000 ) ;
#2108 = DIRECTION ( 'NONE',  ( -0.000000000000000000, -1.000000000000000000, -0.000000000000000000 ) ) ;
#2109 = VERTEX_POINT ( 'NONE', #940 ) ;
#2110 = EDGE_CURVE ( 'NONE', #2189, #2878, #4031, .T. ) ;
#2111 = ORIENTED_EDGE ( 'NONE', *, *, #3014, .T. ) ;
#2112 = ORIENTED_EDGE ( 'NONE', *, *, #1228, .F. ) ;
#2113 = EDGE_CURVE ( 'NONE', #2797, #1570, #1427, .T. ) ;
#2114 = AXIS2_PLACEMENT_3D ( 'NONE', #1093, #99, #76 ) ;
#2115 = LINE ( 'NONE', #2849, #2041 ) ;
#2116 = ORIENTED_EDGE ( 'NONE', *, *, #1580, .F. ) ;
#2117 = EDGE_LOOP ( 'NONE', ( #2351, #1113, #100, #1532 ) ) ;
#2118 = CARTESIAN_POINT ( 'NONE',  ( -0.6700000000000003730, 0.7500000000000006661, 0.7199999999999999734 ) ) ;
#2119 = EDGE_CURVE ( 'NONE', #1661, #3044, #505, .T. ) ;
#2120 = CARTESIAN_POINT ( 'NONE',  ( -0.9200000000000003730, 0.7025000000000000133, 0.4699999999999999178 ) ) ;
#2121 = CARTESIAN_POINT ( 'NONE',  ( -0.3500000000000000333, 1.114998880451715912, -0.2500000000000000000 ) ) ;
#2122 = CARTESIAN_POINT ( 'NONE',  ( -0.9741180954897480371, 0.2999999999999999334, -0.7034074173710930244 ) ) ;
#2123 = DIRECTION ( 'NONE',  ( 0.000000000000000000, 0.000000000000000000, -1.000000000000000000 ) ) ;
#2124 = DIRECTION ( 'NONE',  ( -0.000000000000000000, -1.000000000000000000, 0.000000000000000000 ) ) ;
#2125 = CARTESIAN_POINT ( 'NONE',  ( 0.9300000000000000488, 0.2999999999999999889, -0.6592893218813449252 ) ) ;
#2126 = DIRECTION ( 'NONE',  ( 0.7071067811865483499, 0.000000000000000000, -0.7071067811865466846 ) ) ;
#2127 = LINE ( 'NONE', #3977, #1285 ) ;
#2128 = VECTOR ( 'NONE', #2600, 1000.000000000000000 ) ;
#2129 = CIRCLE ( 'NONE', #702, 0.1000000000000000472 ) ;
#2130 = CARTESIAN_POINT ( 'NONE',  ( -0.9300000000000000488, 0.2999999999999999889, -0.2500000000000000000 ) ) ;
#2131 = VERTEX_POINT ( 'NONE', #3790 ) ;
#2132 = EDGE_LOOP ( 'NONE', ( #2776, #2590, #2153, #2085 ) ) ;
#2133 = EDGE_LOOP ( 'NONE', ( #2556, #502, #456, #3881 ) ) ;
#2134 = EDGE_CURVE ( 'NONE', #1183, #712, #1079, .T. ) ;
#2135 = CARTESIAN_POINT ( 'NONE',  ( -0.9741180954897480371, 0.000000000000000000, -0.7034074173710930244 ) ) ;
#2136 = EDGE_LOOP ( 'NONE', ( #3581, #4089, #3713, #3241 ) ) ;
#2137 = VERTEX_POINT ( 'NONE', #2208 ) ;
#2138 = EDGE_CURVE ( 'NONE', #625, #3717, #3471, .T. ) ;
#2139 = SURFACE_STYLE_USAGE ( .BOTH. , #2756 ) ;
#2140 = DIRECTION ( 'NONE',  ( 0.000000000000000000, 0.000000000000000000, -1.000000000000000000 ) ) ;
#2141 = DIRECTION ( 'NONE',  ( 0.7071067811865466846, 0.000000000000000000, -0.7071067811865483499 ) ) ;
#2142 = CARTESIAN_POINT ( 'NONE',  ( -0.6700000000000004841, 0.5999999999999998668, 0.7599999999999998979 ) ) ;
#2143 = LINE ( 'NONE', #252, #2364 ) ;
#2144 = LINE ( 'NONE', #1439, #67 ) ;
#2145 = CARTESIAN_POINT ( 'NONE',  ( 0.1250000000000001110, 0.5999999999999999778, 0.7399999999999999911 ) ) ;
#2146 = CLOSED_SHELL ( 'NONE', ( #3607, #868, #1979, #3428, #3316, #1299, #1305, #809, #647, #3647 ) ) ;
#2147 = ORIENTED_EDGE ( 'NONE', *, *, #1482, .T. ) ;
#2148 = VERTEX_POINT ( 'NONE', #2399 ) ;
#2149 = EDGE_CURVE ( 'NONE', #322, #2997, #1574, .T. ) ;
#2150 = LINE ( 'NONE', #2579, #289 ) ;
#2151 = LINE ( 'NONE', #1190, #96 ) ;
#2152 = ORIENTED_EDGE ( 'NONE', *, *, #2663, .F. ) ;
#2153 = ORIENTED_EDGE ( 'NONE', *, *, #1516, .F. ) ;
#2154 = CARTESIAN_POINT ( 'NONE',  ( 0.9300000000000000488, 0.000000000000000000, -0.2500000000000000000 ) ) ;
#2155 = CARTESIAN_POINT ( 'NONE',  ( -0.6700000000000004841, 0.7900000000000000355, 0.5299999999999999156 ) ) ;
#2156 = DIRECTION ( 'NONE',  ( 0.7071067811865474617, 0.000000000000000000, -0.7071067811865475727 ) ) ;
#2157 = CIRCLE ( 'NONE', #538, 0.2500000000000000000 ) ;
#2158 = CARTESIAN_POINT ( 'NONE',  ( 0.6700000000000000400, 0.5999999999999998668, -0.4699999999999999178 ) ) ;
#2159 = AXIS2_PLACEMENT_3D ( 'NONE', #3644, #2708, #3939 ) ;
#2160 = CARTESIAN_POINT ( 'NONE',  ( -0.9300000000000000488, 0.2999999999999999889, -0.2500000000000000000 ) ) ;
#2161 = CARTESIAN_POINT ( 'NONE',  ( -0.6700000000000003730, 0.7025000000000000133, -0.4699999999999999178 ) ) ;
#2162 = DIRECTION ( 'NONE',  ( 0.000000000000000000, 1.000000000000000000, 0.000000000000000000 ) ) ;
#2163 = EDGE_LOOP ( 'NONE', ( #3400, #2971, #1767, #1311, #4055, #3732, #3918, #2311, #3903, #1995, #3067, #3324, #3242, #2264, #1492, #4111 ) ) ;
#2164 = EDGE_CURVE ( 'NONE', #2689, #3156, #2580, .T. ) ;
#2165 = AXIS2_PLACEMENT_3D ( 'NONE', #281, #2293, #3796 ) ;
#2166 = LINE ( 'NONE', #3749, #2032 ) ;
#2167 = VECTOR ( 'NONE', #2729, 1000.000000000000000 ) ;
#2168 = ADVANCED_FACE ( 'NONE', ( #1275 ), #2554, .F. ) ;
#2169 = VERTEX_POINT ( 'NONE', #960 ) ;
#2170 = ORIENTED_EDGE ( 'NONE', *, *, #723, .T. ) ;
#2171 = CARTESIAN_POINT ( 'NONE',  ( 0.9741180954897480371, 0.2999999999999999889, 0.7034074173710930244 ) ) ;
#2172 =( NAMED_UNIT ( * ) SI_UNIT ( $, .STERADIAN. ) SOLID_ANGLE_UNIT ( ) );
#2173 = ORIENTED_EDGE ( 'NONE', *, *, #2038, .F. ) ;
#2174 = ORIENTED_EDGE ( 'NONE', *, *, #121, .F. ) ;
#2175 = AXIS2_PLACEMENT_3D ( 'NONE', #3833, #3208, #2304 ) ;
#2176 = DIRECTION ( 'NONE',  ( 1.000000000000000000, -0.000000000000000000, -0.000000000000000000 ) ) ;
#2177 = ADVANCED_FACE ( 'NONE', ( #2254 ), #3236, .F. ) ;
#2178 = CIRCLE ( 'NONE', #2979, 0.05999999999999994227 ) ;
#2179 = EDGE_CURVE ( 'NONE', #1871, #222, #392, .T. ) ;
#2180 = EDGE_CURVE ( 'NONE', #1371, #1146, #3596, .T. ) ;
#2181 = DIRECTION ( 'NONE',  ( -0.000000000000000000, -1.000000000000000000, -0.000000000000000000 ) ) ;
#2182 = CARTESIAN_POINT ( 'NONE',  ( -0.9200000000000003730, 0.7025000000000000133, -0.4699999999999999178 ) ) ;
#2183 = DIRECTION ( 'NONE',  ( 0.000000000000000000, -1.000000000000000000, 0.000000000000000000 ) ) ;
#2184 = ORIENTED_EDGE ( 'NONE', *, *, #563, .F. ) ;
#2185 = CARTESIAN_POINT ( 'NONE',  ( -0.6700000000000003730, 3.936493098641637545, -0.4699999999999999178 ) ) ;
#2186 = CARTESIAN_POINT ( 'NONE',  ( 0.3500000000000000333, 0.000000000000000000, 0.2500000000000000000 ) ) ;
#2187 = EDGE_CURVE ( 'NONE', #93, #3548, #3968, .T. ) ;
#2188 = VERTEX_POINT ( 'NONE', #354 ) ;
#2189 = VERTEX_POINT ( 'NONE', #1339 ) ;
#2190 = AXIS2_PLACEMENT_3D ( 'NONE', #3619, #691, #3917 ) ;
#2191 = VECTOR ( 'NONE', #12, 1000.000000000000000 ) ;
#2192 = PRESENTATION_STYLE_ASSIGNMENT (( #2236 ) ) ;
#2193 = ORIENTED_EDGE ( 'NONE', *, *, #766, .F. ) ;
#2194 = EDGE_LOOP ( 'NONE', ( #600, #4028, #2876, #784 ) ) ;
#2195 = DIRECTION ( 'NONE',  ( -0.000000000000000000, -1.000000000000000000, -0.000000000000000000 ) ) ;
#2196 = AXIS2_PLACEMENT_3D ( 'NONE', #1584, #2861, #1607 ) ;
#2197 = CARTESIAN_POINT ( 'NONE',  ( 0.3499999999999999223, 0.2999999999999999889, 0.7299999999999999822 ) ) ;
#2198 = LINE ( 'NONE', #3696, #2092 ) ;
#2199 = AXIS2_PLACEMENT_3D ( 'NONE', #1822, #2382, #3098 ) ;
#2200 = LINE ( 'NONE', #634, #247 ) ;
#2201 = DIRECTION ( 'NONE',  ( -4.336808689942015764E-16, 0.000000000000000000, 1.000000000000000000 ) ) ;
#2202 = CARTESIAN_POINT ( 'NONE',  ( -0.8999999999999999112, 0.5999999999999999778, 0.8000000000000001554 ) ) ;
#2203 = ORIENTED_EDGE ( 'NONE', *, *, #2054, .F. ) ;
#2204 = FILL_AREA_STYLE ('',( #1953 ) ) ;
#2205 = DIRECTION ( 'NONE',  ( -0.000000000000000000, -1.000000000000000000, -0.000000000000000000 ) ) ;
#2206 = EDGE_CURVE ( 'NONE', #3338, #2814, #1036, .T. ) ;
#2207 = LINE ( 'NONE', #4127, #219 ) ;
#2208 = CARTESIAN_POINT ( 'NONE',  ( 0.8592893218813456579, 0.000000000000000000, -0.7299999999999999822 ) ) ;
#2209 = VERTEX_POINT ( 'NONE', #984 ) ;
#2210 = CARTESIAN_POINT ( 'NONE',  ( 0.9300000000000000488, 0.000000000000000000, 0.6592893218813449252 ) ) ;
#2211 = CARTESIAN_POINT ( 'NONE',  ( -0.1250000000000000000, 0.000000000000000000, 0.7999999999999999334 ) ) ;
#2212 = EDGE_LOOP ( 'NONE', ( #508, #969, #138, #1958 ) ) ;
#2213 = ORIENTED_EDGE ( 'NONE', *, *, #2786, .T. ) ;
#2214 = EDGE_CURVE ( 'NONE', #4076, #2303, #3555, .T. ) ;
#2215 = AXIS2_PLACEMENT_3D ( 'NONE', #3503, #609, #1562 ) ;
#2216 = CARTESIAN_POINT ( 'NONE',  ( -0.9300000000000000488, 1.114998880451715912, -0.6592893218813449252 ) ) ;
#2217 = LINE ( 'NONE', #2262, #545 ) ;
#2218 = LINE ( 'NONE', #3481, #3061 ) ;
#2219 = CARTESIAN_POINT ( 'NONE',  ( -0.6700000000000003730, 0.7025000000000000133, 0.4699999999999999178 ) ) ;
#2220 = CARTESIAN_POINT ( 'NONE',  ( 0.1334745073527763282, 0.6160772266876051173, 0.7404593265080657849 ) ) ;
#2221 = CARTESIAN_POINT ( 'NONE',  ( -0.1250000000000000000, 0.6166146087398434172, 0.7399999999999999911 ) ) ;
#2222 = LINE ( 'NONE', #3487, #3370 ) ;
#2223 = AXIS2_PLACEMENT_3D ( 'NONE', #935, #1931, #13 ) ;
#2224 = ORIENTED_EDGE ( 'NONE', *, *, #479, .F. ) ;
#2225 = LINE ( 'NONE', #1595, #3054 ) ;
#2226 = ADVANCED_FACE ( 'NONE', ( #3874 ), #699, .F. ) ;
#2227 = VECTOR ( 'NONE', #630, 1000.000000000000000 ) ;
#2228 = CARTESIAN_POINT ( 'NONE',  ( -0.9200000000000003730, 0.7500000000000006661, 0.4699999999999998623 ) ) ;
#2229 = DIRECTION ( 'NONE',  ( -0.000000000000000000, -1.000000000000000000, -0.000000000000000000 ) ) ;
#2230 = EDGE_CURVE ( 'NONE', #3500, #1813, #1645, .T. ) ;
#2231 = ORIENTED_EDGE ( 'NONE', *, *, #4051, .T. ) ;
#2232 = EDGE_CURVE ( 'NONE', #257, #3541, #1664, .T. ) ;
#2233 = ORIENTED_EDGE ( 'NONE', *, *, #3568, .T. ) ;
#2234 = CARTESIAN_POINT ( 'NONE',  ( -0.5500000000000000444, 0.000000000000000000, 0.2500000000000000000 ) ) ;
#2235 = ADVANCED_FACE ( 'NONE', ( #2271 ), #43, .F. ) ;
#2236 = SURFACE_STYLE_USAGE ( .BOTH. , #1900 ) ;
#2237 = VECTOR ( 'NONE', #719, 1000.000000000000114 ) ;
#2238 = EDGE_LOOP ( 'NONE', ( #1025, #1586, #3587, #1579 ) ) ;
#2239 = ORIENTED_EDGE ( 'NONE', *, *, #3385, .F. ) ;
#2240 = VERTEX_POINT ( 'NONE', #3573 ) ;
#2241 = EDGE_CURVE ( 'NONE', #10, #1678, #1761, .T. ) ;
#2242 = LINE ( 'NONE', #1582, #2901 ) ;
#2243 = DIRECTION ( 'NONE',  ( -0.000000000000000000, -1.000000000000000000, -0.000000000000000000 ) ) ;
#2244 = CARTESIAN_POINT ( 'NONE',  ( -0.8592893218813457690, 0.000000000000000000, 0.7300000000000000933 ) ) ;
#2245 = ORIENTED_EDGE ( 'NONE', *, *, #924, .F. ) ;
#2246 = AXIS2_PLACEMENT_3D ( 'NONE', #2098, #1459, #785 ) ;
#2247 = EDGE_CURVE ( 'NONE', #2685, #1012, #3100, .T. ) ;
#2248 = VECTOR ( 'NONE', #2514, 1000.000000000000000 ) ;
#2249 = CARTESIAN_POINT ( 'NONE',  ( -1.000000000000000000, 0.2999999999999999889, -0.7999999999999999334 ) ) ;
#2250 = DIRECTION ( 'NONE',  ( 0.000000000000000000, 0.000000000000000000, 1.000000000000000000 ) ) ;
#2251 = LINE ( 'NONE', #4148, #3868 ) ;
#2252 = EDGE_LOOP ( 'NONE', ( #1331, #964, #1342, #3131, #3212, #1122, #2350, #760 ) ) ;
#2253 = DIRECTION ( 'NONE',  ( -0.000000000000000000, 1.000000000000000000, -0.000000000000000000 ) ) ;
#2254 = FACE_OUTER_BOUND ( 'NONE', #2745, .T. ) ;
#2255 = ORIENTED_EDGE ( 'NONE', *, *, #606, .T. ) ;
#2256 = EDGE_LOOP ( 'NONE', ( #1768, #3091, #2203, #3302 ) ) ;
#2257 = LINE ( 'NONE', #1627, #1633 ) ;
#2258 = EDGE_LOOP ( 'NONE', ( #3021, #3356, #3515, #1749, #1115, #1514, #1192, #3308 ) ) ;
#2259 = VERTEX_POINT ( 'NONE', #2323 ) ;
#2260 = VECTOR ( 'NONE', #207, 1000.000000000000000 ) ;
#2261 = EDGE_CURVE ( 'NONE', #1570, #2438, #372, .T. ) ;
#2262 = CARTESIAN_POINT ( 'NONE',  ( 0.3500000000000000333, 0.000000000000000000, -0.2500000000000000000 ) ) ;
#2263 = FACE_OUTER_BOUND ( 'NONE', #2954, .T. ) ;
#2264 = ORIENTED_EDGE ( 'NONE', *, *, #2247, .T. ) ;
#2265 = PRESENTATION_LAYER_ASSIGNMENT (  '', '', ( #1724 ) ) ;
#2266 = DIRECTION ( 'NONE',  ( 0.000000000000000000, 1.000000000000000000, 0.000000000000000000 ) ) ;
#2267 = CYLINDRICAL_SURFACE ( 'NONE', #3527, 0.1000000000000001582 ) ;
#2268 = ORIENTED_EDGE ( 'NONE', *, *, #2833, .F. ) ;
#2269 = DIRECTION ( 'NONE',  ( 1.000000000000000000, 0.000000000000000000, 0.000000000000000000 ) ) ;
#2270 = VECTOR ( 'NONE', #3610, 1000.000000000000000 ) ;
#2271 = FACE_OUTER_BOUND ( 'NONE', #1458, .T. ) ;
#2272 = ORIENTED_EDGE ( 'NONE', *, *, #123, .T. ) ;
#2273 =( LENGTH_UNIT ( ) NAMED_UNIT ( * ) SI_UNIT ( .MILLI., .METRE. ) );
#2274 = ORIENTED_EDGE ( 'NONE', *, *, #1176, .T. ) ;
#2275 = ORIENTED_EDGE ( 'NONE', *, *, #1823, .T. ) ;
#2276 = LINE ( 'NONE', #4141, #153 ) ;
#2277 = DIRECTION ( 'NONE',  ( -1.000000000000000000, -0.000000000000000000, -0.000000000000000000 ) ) ;
#2278 = AXIS2_PLACEMENT_3D ( 'NONE', #2724, #499, #3978 ) ;
#2279 = ORIENTED_EDGE ( 'NONE', *, *, #1346, .T. ) ;
#2280 = UNCERTAINTY_MEASURE_WITH_UNIT (LENGTH_MEASURE( 1.000000000000000082E-05 ), #4006, 'distance_accuracy_value', 'NONE');
#2281 = CARTESIAN_POINT ( 'NONE',  ( 0.000000000000000000, 0.7500000000000000000, -0.6699999999999999289 ) ) ;
#2282 = LINE ( 'NONE', #1393, #3002 ) ;
#2283 = ORIENTED_EDGE ( 'NONE', *, *, #1395, .F. ) ;
#2284 = ADVANCED_FACE ( 'NONE', ( #2939 ), #68, .T. ) ;
#2285 = CARTESIAN_POINT ( 'NONE',  ( 0.9300000000000000488, 0.000000000000000000, -0.2500000000000000000 ) ) ;
#2286 = CARTESIAN_POINT ( 'NONE',  ( -0.6700000000000004841, 0.7900000000000000355, 0.4699999999999999178 ) ) ;
#2287 = CARTESIAN_POINT ( 'NONE',  ( -0.6700000000000004841, 0.7900000000000000355, 0.4699999999999999178 ) ) ;
#2288 = EDGE_LOOP ( 'NONE', ( #4015, #2629, #3442, #3399 ) ) ;
#2289 = EDGE_CURVE ( 'NONE', #327, #2436, #2039, .T. ) ;
#2290 = VECTOR ( 'NONE', #807, 1000.000000000000000 ) ;
#2291 = EDGE_CURVE ( 'NONE', #1255, #323, #1080, .T. ) ;
#2292 = ADVANCED_FACE ( 'NONE', ( #3000 ), #105, .T. ) ;
#2293 = DIRECTION ( 'NONE',  ( 1.000000000000000000, -0.000000000000000000, 0.000000000000000000 ) ) ;
#2294 = DIRECTION ( 'NONE',  ( 0.000000000000000000, 1.000000000000000000, 0.000000000000000000 ) ) ;
#2295 = ORIENTED_EDGE ( 'NONE', *, *, #1426, .T. ) ;
#2296 = LINE ( 'NONE', #1400, #3582 ) ;
#2297 = ORIENTED_EDGE ( 'NONE', *, *, #3791, .F. ) ;
#2298 = VECTOR ( 'NONE', #3604, 1000.000000000000000 ) ;
#2299 = CARTESIAN_POINT ( 'NONE',  ( 0.9034074173710933131, 0.000000000000000000, 0.7741180954897475264 ) ) ;
#2300 = ORIENTED_EDGE ( 'NONE', *, *, #797, .F. ) ;
#2301 = AXIS2_PLACEMENT_3D ( 'NONE', #936, #1870, #3530 ) ;
#2302 = CARTESIAN_POINT ( 'NONE',  ( -0.9200000000000003730, 0.7500000000000006661, -0.4699999999999999734 ) ) ;
#2303 = VERTEX_POINT ( 'NONE', #1376 ) ;
#2304 = DIRECTION ( 'NONE',  ( -1.000000000000000000, 0.000000000000000000, 0.000000000000000000 ) ) ;
#2305 = CARTESIAN_POINT ( 'NONE',  ( 0.6700000000000000400, 0.6699999999999999289, 0.7199999999999998623 ) ) ;
#2306 = CARTESIAN_POINT ( 'NONE',  ( -0.8999999999999999112, 0.5949999999999999734, -0.7999999999999999334 ) ) ;
#2307 = EDGE_CURVE ( 'NONE', #1183, #3536, #1058, .T. ) ;
#2308 = CARTESIAN_POINT ( 'NONE',  ( -1.000000000000000000, 0.000000000000000000, 0.6999999999999999556 ) ) ;
#2309 = ORIENTED_EDGE ( 'NONE', *, *, #687, .F. ) ;
#2310 = CARTESIAN_POINT ( 'NONE',  ( 0.6700000000000000400, 0.6699999999999999289, -0.4699999999999999178 ) ) ;
#2311 = ORIENTED_EDGE ( 'NONE', *, *, #583, .T. ) ;
#2312 = ORIENTED_EDGE ( 'NONE', *, *, #3159, .T. ) ;
#2313 = DIRECTION ( 'NONE',  ( 0.000000000000000000, 1.000000000000000000, 0.000000000000000000 ) ) ;
#2314 = ORIENTED_EDGE ( 'NONE', *, *, #3108, .F. ) ;
#2315 = VECTOR ( 'NONE', #3935, 1000.000000000000000 ) ;
#2316 = COLOUR_RGB ( '',0.2509803921568627416, 0.2509803921568627416, 0.2509803921568627416 ) ;
#2317 = CARTESIAN_POINT ( 'NONE',  ( 0.3500000000000000333, 0.000000000000000000, -0.2500000000000000000 ) ) ;
#2318 = DIRECTION ( 'NONE',  ( 0.000000000000000000, -1.000000000000000000, 0.000000000000000000 ) ) ;
#2319 = CARTESIAN_POINT ( 'NONE',  ( -0.3499999999999999223, 0.000000000000000000, -0.7299999999999999822 ) ) ;
#2320 = ORIENTED_EDGE ( 'NONE', *, *, #2967, .T. ) ;
#2321 = EDGE_CURVE ( 'NONE', #3468, #4150, #1105, .T. ) ;
#2322 = AXIS2_PLACEMENT_3D ( 'NONE', #159, #2422, #3943 ) ;
#2323 = CARTESIAN_POINT ( 'NONE',  ( -0.1250000000000000000, 0.6166146087398434172, 0.7399999999999999911 ) ) ;
#2324 = PLANE ( 'NONE',  #1906 ) ;
#2325 = VECTOR ( 'NONE', #2633, 1000.000000000000000 ) ;
#2326 = FACE_OUTER_BOUND ( 'NONE', #139, .T. ) ;
#2327 = EDGE_LOOP ( 'NONE', ( #3750, #2300, #1982, #2582 ) ) ;
#2328 = CARTESIAN_POINT ( 'NONE',  ( -0.8592893218813457690, 0.2999999999999999889, 0.7300000000000000933 ) ) ;
#2329 = ORIENTED_EDGE ( 'NONE', *, *, #3398, .T. ) ;
#2330 = ORIENTED_EDGE ( 'NONE', *, *, #1543, .T. ) ;
#2331 = FACE_OUTER_BOUND ( 'NONE', #690, .T. ) ;
#2332 = LINE ( 'NONE', #3885, #2298 ) ;
#2333 = CARTESIAN_POINT ( 'NONE',  ( -0.6700000000000004841, 0.8000000000000000444, -0.6699999999999999289 ) ) ;
#2334 = ORIENTED_EDGE ( 'NONE', *, *, #3258, .F. ) ;
#2335 = ORIENTED_EDGE ( 'NONE', *, *, #1928, .T. ) ;
#2336 = ADVANCED_FACE ( 'NONE', ( #432 ), #2698, .F. ) ;
#2337 = PLANE ( 'NONE',  #248 ) ;
#2338 = EDGE_CURVE ( 'NONE', #3643, #2443, #2062, .T. ) ;
#2339 = LINE ( 'NONE', #3349, #1691 ) ;
#2340 = DIRECTION ( 'NONE',  ( 1.000000000000000000, 0.000000000000000000, 0.000000000000000000 ) ) ;
#2341 = LINE ( 'NONE', #124, #820 ) ;
#2342 = DIRECTION ( 'NONE',  ( -1.000000000000000000, 0.000000000000000000, -0.000000000000000000 ) ) ;
#2343 = DIRECTION ( 'NONE',  ( -1.000000000000000000, 0.000000000000000000, -0.000000000000000000 ) ) ;
#2344 = EDGE_CURVE ( 'NONE', #2689, #82, #2387, .T. ) ;
#2345 = CARTESIAN_POINT ( 'NONE',  ( 0.9300000000000000488, 0.2999999999999999334, 0.6592893218813449252 ) ) ;
#2346 = EDGE_CURVE ( 'NONE', #3204, #1365, #1703, .T. ) ;
#2347 = EDGE_LOOP ( 'NONE', ( #1070, #91, #3544, #420 ) ) ;
#2348 = DIRECTION ( 'NONE',  ( 0.000000000000000000, -1.000000000000000000, 0.000000000000000000 ) ) ;
#2349 = CIRCLE ( 'NONE', #470, 0.05999999999999994227 ) ;
#2350 = ORIENTED_EDGE ( 'NONE', *, *, #1267, .F. ) ;
#2351 = ORIENTED_EDGE ( 'NONE', *, *, #1784, .F. ) ;
#2352 = EDGE_CURVE ( 'NONE', #1413, #1795, #2341, .T. ) ;
#2353 = AXIS2_PLACEMENT_3D ( 'NONE', #2485, #893, #1011 ) ;
#2354 = EDGE_CURVE ( 'NONE', #3548, #421, #189, .T. ) ;
#2355 = CARTESIAN_POINT ( 'NONE',  ( -0.6700000000000004841, 0.5999999999999998668, -0.7600000000000000089 ) ) ;
#2356 = CARTESIAN_POINT ( 'NONE',  ( -0.6700000000000003730, 0.5999999999999999778, -0.4699999999999999178 ) ) ;
#2357 = ORIENTED_EDGE ( 'NONE', *, *, #1345, .F. ) ;
#2358 = ADVANCED_FACE ( 'NONE', ( #2082 ), #3334, .T. ) ;
#2359 = VECTOR ( 'NONE', #3087, 1000.000000000000000 ) ;
#2360 = CARTESIAN_POINT ( 'NONE',  ( 0.8592893218813457690, 0.2999999999999999889, 0.7300000000000000933 ) ) ;
#2361 = CARTESIAN_POINT ( 'NONE',  ( -0.9200000000000003730, 0.7025000000000000133, -0.4699999999999999178 ) ) ;
#2362 = CARTESIAN_POINT ( 'NONE',  ( 0.8999999999999999112, 0.5999999999999999778, -0.7999999999999999334 ) ) ;
#2363 = VECTOR ( 'NONE', #3931, 1000.000000000000000 ) ;
#2364 = VECTOR ( 'NONE', #3107, 1000.000000000000000 ) ;
#2365 = CARTESIAN_POINT ( 'NONE',  ( 1.000000000000000000, 1.114998880451715912, -0.7999999999999999334 ) ) ;
#2366 = DIRECTION ( 'NONE',  ( 1.000000000000000000, 0.000000000000000000, 2.258754526011467735E-16 ) ) ;
#2367 = CARTESIAN_POINT ( 'NONE',  ( -0.6700000000000004841, 0.7900000000000000355, 0.4099999999999999756 ) ) ;
#2368 = VECTOR ( 'NONE', #308, 1000.000000000000000 ) ;
#2369 = DIRECTION ( 'NONE',  ( -0.000000000000000000, -1.000000000000000000, -0.000000000000000000 ) ) ;
#2370 = CARTESIAN_POINT ( 'NONE',  ( 0.3500000000000000333, 1.114998880451715912, 0.2500000000000000000 ) ) ;
#2371 = STYLED_ITEM ( 'NONE', ( #436 ), #1616 ) ;
#2372 = ORIENTED_EDGE ( 'NONE', *, *, #2055, .F. ) ;
#2373 = DIRECTION ( 'NONE',  ( 0.000000000000000000, 0.000000000000000000, 1.000000000000000000 ) ) ;
#2374 = VERTEX_POINT ( 'NONE', #3016 ) ;
#2375 = EDGE_LOOP ( 'NONE', ( #3712, #439, #1232, #3748 ) ) ;
#2376 = CARTESIAN_POINT ( 'NONE',  ( 0.6700000000000000400, 0.7025000000000000133, 0.7199999999999998623 ) ) ;
#2377 = ORIENTED_EDGE ( 'NONE', *, *, #1029, .F. ) ;
#2378 = ORIENTED_EDGE ( 'NONE', *, *, #307, .F. ) ;
#2379 = PLANE ( 'NONE',  #3990 ) ;
#2380 = CARTESIAN_POINT ( 'NONE',  ( 0.9034074173710933131, 0.000000000000000000, 0.7741180954897475264 ) ) ;
#2381 = CARTESIAN_POINT ( 'NONE',  ( 0.1250000000000000000, 0.5999999999999999778, -0.7999999999999999334 ) ) ;
#2382 = DIRECTION ( 'NONE',  ( -1.000000000000000000, 0.000000000000000000, 0.000000000000000000 ) ) ;
#2383 = ORIENTED_EDGE ( 'NONE', *, *, #2738, .T. ) ;
#2384 = VECTOR ( 'NONE', #1671, 1000.000000000000000 ) ;
#2385 = AXIS2_PLACEMENT_3D ( 'NONE', #2281, #1372, #1054 ) ;
#2386 = DIRECTION ( 'NONE',  ( 0.000000000000000000, 0.000000000000000000, -1.000000000000000000 ) ) ;
#2387 = LINE ( 'NONE', #1722, #89 ) ;
#2388 = LINE ( 'NONE', #746, #356 ) ;
#2389 = AXIS2_PLACEMENT_3D ( 'NONE', #703, #1083, #3018 ) ;
#2390 = AXIS2_PLACEMENT_3D ( 'NONE', #3923, #2027, #1143 ) ;
#2391 = DIRECTION ( 'NONE',  ( -0.000000000000000000, -1.000000000000000000, 0.000000000000000000 ) ) ;
#2392 = ADVANCED_FACE ( 'NONE', ( #147 ), #3831, .F. ) ;
#2393 = DIRECTION ( 'NONE',  ( -0.000000000000000000, -1.000000000000000000, -0.000000000000000000 ) ) ;
#2394 = VERTEX_POINT ( 'NONE', #3038 ) ;
#2395 = ORIENTED_EDGE ( 'NONE', *, *, #1714, .F. ) ;
#2396 = VECTOR ( 'NONE', #2077, 1000.000000000000000 ) ;
#2397 = ORIENTED_EDGE ( 'NONE', *, *, #3388, .F. ) ;
#2398 = ORIENTED_EDGE ( 'NONE', *, *, #512, .T. ) ;
#2399 = CARTESIAN_POINT ( 'NONE',  ( -0.6700000000000004841, 0.6699999999999999289, 0.7199999999999999734 ) ) ;
#2400 = CARTESIAN_POINT ( 'NONE',  ( -0.8592893218813457690, 0.2999999999999999334, -0.7300000000000000933 ) ) ;
#2401 = ORIENTED_EDGE ( 'NONE', *, *, #2241, .F. ) ;
#2402 = EDGE_LOOP ( 'NONE', ( #1693, #961, #342, #2335 ) ) ;
#2403 = FACE_OUTER_BOUND ( 'NONE', #930, .T. ) ;
#2404 = ADVANCED_FACE ( 'NONE', ( #2409 ), #813, .F. ) ;
#2405 = CARTESIAN_POINT ( 'NONE',  ( 0.8592893218813457690, 0.000000000000000000, 0.7300000000000000933 ) ) ;
#2406 = COLOUR_RGB ( '',0.9686274509803921573, 0.8784313725490195957, 0.5999999999999999778 ) ;
#2407 = FACE_OUTER_BOUND ( 'NONE', #2117, .T. ) ;
#2408 = DIRECTION ( 'NONE',  ( -0.000000000000000000, -0.000000000000000000, 1.000000000000000000 ) ) ;
#2409 = FACE_OUTER_BOUND ( 'NONE', #2444, .T. ) ;
#2410 = ADVANCED_FACE ( 'NONE', ( #2740 ), #494, .T. ) ;
#2411 = CARTESIAN_POINT ( 'NONE',  ( -0.3499999999999999223, 0.000000000000000000, 0.7299999999999999822 ) ) ;
#2412 = CYLINDRICAL_SURFACE ( 'NONE', #136, 0.08125000000000059952 ) ;
#2413 = ORIENTED_EDGE ( 'NONE', *, *, #3336, .T. ) ;
#2414 = ORIENTED_EDGE ( 'NONE', *, *, #3521, .T. ) ;
#2415 = ORIENTED_EDGE ( 'NONE', *, *, #2232, .T. ) ;
#2416 = EDGE_CURVE ( 'NONE', #1947, #1553, #3613, .T. ) ;
#2417 = LINE ( 'NONE', #621, #26 ) ;
#2418 = CARTESIAN_POINT ( 'NONE',  ( -1.001250000000000862, 0.6700000000000001510, 0.4699999999999997513 ) ) ;
#2419 = LINE ( 'NONE', #1816, #3842 ) ;
#2420 = EDGE_LOOP ( 'NONE', ( #587, #253, #2715, #114, #1303, #1911, #3350 ) ) ;
#2421 = ORIENTED_EDGE ( 'NONE', *, *, #2187, .F. ) ;
#2422 = DIRECTION ( 'NONE',  ( 0.000000000000000000, -1.000000000000000000, 0.000000000000000000 ) ) ;
#2423 = VECTOR ( 'NONE', #1172, 1000.000000000000000 ) ;
#2424 = PLANE ( 'NONE',  #914 ) ;
#2425 = LINE ( 'NONE', #2121, #1626 ) ;
#2426 = DIRECTION ( 'NONE',  ( 0.000000000000000000, 0.000000000000000000, 1.000000000000000000 ) ) ;
#2427 = VECTOR ( 'NONE', #3770, 1000.000000000000000 ) ;
#2428 = DIRECTION ( 'NONE',  ( -0.000000000000000000, 1.000000000000000000, -0.000000000000000000 ) ) ;
#2429 = VECTOR ( 'NONE', #2430, 1000.000000000000000 ) ;
#2430 = DIRECTION ( 'NONE',  ( 1.000000000000000000, 0.000000000000000000, 0.000000000000000000 ) ) ;
#2431 = FACE_OUTER_BOUND ( 'NONE', #3961, .T. ) ;
#2432 = CARTESIAN_POINT ( 'NONE',  ( 0.9300000000000000488, 0.2999999999999999334, -0.6592893218813449252 ) ) ;
#2433 = DIRECTION ( 'NONE',  ( 0.000000000000000000, 0.000000000000000000, 1.000000000000000000 ) ) ;
#2434 = AXIS2_PLACEMENT_3D ( 'NONE', #3571, #1998, #1129 ) ;
#2435 = PLANE ( 'NONE',  #3347 ) ;
#2436 = VERTEX_POINT ( 'NONE', #643 ) ;
#2437 = MECHANICAL_DESIGN_GEOMETRIC_PRESENTATION_REPRESENTATION (  '', ( #829 ), #1502 ) ;
#2438 = VERTEX_POINT ( 'NONE', #3133 ) ;
#2439 = ORIENTED_EDGE ( 'NONE', *, *, #2134, .F. ) ;
#2440 = EDGE_CURVE ( 'NONE', #1890, #3177, #2889, .T. ) ;
#2441 = FACE_OUTER_BOUND ( 'NONE', #3957, .T. ) ;
#2442 = CARTESIAN_POINT ( 'NONE',  ( 0.9741180954897480371, 0.000000000000000000, -0.7034074173710930244 ) ) ;
#2443 = VERTEX_POINT ( 'NONE', #239 ) ;
#2444 = EDGE_LOOP ( 'NONE', ( #1294, #2667, #1717, #1837 ) ) ;
#2445 = PLANE ( 'NONE',  #2517 ) ;
#2446 = CARTESIAN_POINT ( 'NONE',  ( 0.1849999999999999423, 0.000000000000000000, -0.7999999999999999334 ) ) ;
#2447 = CARTESIAN_POINT ( 'NONE',  ( -0.9300000000000000488, 0.2999999999999999334, -0.2500000000000000000 ) ) ;
#2448 = FACE_OUTER_BOUND ( 'NONE', #2288, .T. ) ;
#2449 = CARTESIAN_POINT ( 'NONE',  ( 0.000000000000000000, 0.000000000000000000, 0.000000000000000000 ) ) ;
#2450 = CARTESIAN_POINT ( 'NONE',  ( 0.8592893218813457690, 0.000000000000000000, 0.7300000000000000933 ) ) ;
#2451 = LINE ( 'NONE', #3783, #1378 ) ;
#2452 = EDGE_CURVE ( 'NONE', #1678, #986, #1937, .T. ) ;
#2453 = LINE ( 'NONE', #814, #895 ) ;
#2454 = DIRECTION ( 'NONE',  ( 0.000000000000000000, 1.000000000000000000, 0.000000000000000000 ) ) ;
#2455 = LINE ( 'NONE', #1573, #3166 ) ;
#2456 = AXIS2_PLACEMENT_3D ( 'NONE', #511, #2734, #4011 ) ;
#2457 = COLOUR_RGB ( '',0.9686274509803921573, 0.8784313725490195957, 0.5999999999999999778 ) ;
#2458 = EDGE_LOOP ( 'NONE', ( #3859, #5, #371, #546 ) ) ;
#2459 = VERTEX_POINT ( 'NONE', #3753 ) ;
#2460 = LINE ( 'NONE', #869, #1162 ) ;
#2461 = CARTESIAN_POINT ( 'NONE',  ( 0.8592893218813457690, 0.2999999999999999889, -0.7300000000000000933 ) ) ;
#2462 = VERTEX_POINT ( 'NONE', #3086 ) ;
#2463 = ORIENTED_EDGE ( 'NONE', *, *, #1841, .T. ) ;
#2464 = PRESENTATION_STYLE_ASSIGNMENT (( #3720 ) ) ;
#2465 = FACE_OUTER_BOUND ( 'NONE', #1207, .T. ) ;
#2466 = EDGE_CURVE ( 'NONE', #3111, #865, #2460, .T. ) ;
#2467 = LINE ( 'NONE', #490, #3456 ) ;
#2468 = DIRECTION ( 'NONE',  ( 0.000000000000000000, 0.000000000000000000, -1.000000000000000000 ) ) ;
#2469 = DIRECTION ( 'NONE',  ( 0.000000000000000000, 0.000000000000000000, 1.000000000000000000 ) ) ;
#2470 = CARTESIAN_POINT ( 'NONE',  ( -0.9200000000000003730, 3.936493098641637545, -0.4699999999999999734 ) ) ;
#2471 = ORIENTED_EDGE ( 'NONE', *, *, #2476, .F. ) ;
#2472 = CARTESIAN_POINT ( 'NONE',  ( -0.3499999999999999223, 0.000000000000000000, 0.7299999999999999822 ) ) ;
#2473 = ORIENTED_EDGE ( 'NONE', *, *, #302, .F. ) ;
#2474 = EDGE_CURVE ( 'NONE', #1853, #3299, #1644, .T. ) ;
#2475 = EDGE_LOOP ( 'NONE', ( #3844, #2073, #673, #2397 ) ) ;
#2476 = EDGE_CURVE ( 'NONE', #1871, #3114, #3304, .T. ) ;
#2477 = DIRECTION ( 'NONE',  ( 1.000000000000000000, -0.000000000000000000, 0.000000000000000000 ) ) ;
#2478 = EDGE_LOOP ( 'NONE', ( #991, #29, #1033, #668, #1967, #236, #926, #3273 ) ) ;
#2479 = ORIENTED_EDGE ( 'NONE', *, *, #3340, .T. ) ;
#2480 = LINE ( 'NONE', #2154, #3451 ) ;
#2481 = ADVANCED_FACE ( 'NONE', ( #1205 ), #659, .T. ) ;
#2482 = CARTESIAN_POINT ( 'NONE',  ( -0.9741180954897480371, 1.114998880451715912, 0.7034074173710930244 ) ) ;
#2483 = EDGE_CURVE ( 'NONE', #3887, #3070, #2150, .T. ) ;
#2484 = LINE ( 'NONE', #3139, #3991 ) ;
#2485 = CARTESIAN_POINT ( 'NONE',  ( 0.8699999999999999956, 0.7500000000000000000, -0.4699999999999999178 ) ) ;
#2486 = AXIS2_PLACEMENT_3D ( 'NONE', #3202, #3566, #2250 ) ;
#2487 = AXIS2_PLACEMENT_3D ( 'NONE', #2356, #3306, #1987 ) ;
#2488 = CARTESIAN_POINT ( 'NONE',  ( 0.3500000000000000333, 0.000000000000000000, 0.2500000000000000000 ) ) ;
#2489 = LINE ( 'NONE', #859, #2787 ) ;
#2490 = ORIENTED_EDGE ( 'NONE', *, *, #2113, .T. ) ;
#2491 = DIRECTION ( 'NONE',  ( -3.738628180984496637E-16, 0.000000000000000000, 1.000000000000000000 ) ) ;
#2492 = AXIS2_PLACEMENT_3D ( 'NONE', #2461, #3171, #1448 ) ;
#2493 = ORIENTED_EDGE ( 'NONE', *, *, #1032, .F. ) ;
#2494 = CIRCLE ( 'NONE', #2434, 0.05000000000000002359 ) ;
#2495 = CARTESIAN_POINT ( 'NONE',  ( 0.6700000000000000400, 0.8000000000000000444, 0.6699999999999998179 ) ) ;
#2496 = ORIENTED_EDGE ( 'NONE', *, *, #1168, .F. ) ;
#2497 = ADVANCED_FACE ( 'NONE', ( #3832 ), #2913, .F. ) ;
#2498 = EDGE_LOOP ( 'NONE', ( #3008, #1467, #1790, #3730 ) ) ;
#2499 = CARTESIAN_POINT ( 'NONE',  ( -0.1250000000000000000, 0.000000000000000000, -0.7999999999999999334 ) ) ;
#2500 = DIRECTION ( 'NONE',  ( -0.7071067811865475727, 0.000000000000000000, -0.7071067811865474617 ) ) ;
#2501 = DIRECTION ( 'NONE',  ( -1.000000000000000000, 0.000000000000000000, -6.505213034913023646E-16 ) ) ;
#2502 = DIRECTION ( 'NONE',  ( -0.000000000000000000, -1.000000000000000000, -0.000000000000000000 ) ) ;
#2503 = CARTESIAN_POINT ( 'NONE',  ( -1.000000000000000000, 0.5949999999999999734, 0.8000000000000001554 ) ) ;
#2504 = ORIENTED_EDGE ( 'NONE', *, *, #3521, .F. ) ;
#2505 = CARTESIAN_POINT ( 'NONE',  ( 0.8999999999999999112, 0.5949999999999999734, -0.7999999999999999334 ) ) ;
#2506 = DIRECTION ( 'NONE',  ( 0.000000000000000000, 0.000000000000000000, 1.000000000000000000 ) ) ;
#2507 = PLANE ( 'NONE',  #158 ) ;
#2508 = ORIENTED_EDGE ( 'NONE', *, *, #3532, .T. ) ;
#2509 = ORIENTED_EDGE ( 'NONE', *, *, #179, .F. ) ;
#2510 = EDGE_CURVE ( 'NONE', #759, #625, #1274, .T. ) ;
#2511 = PLANE ( 'NONE',  #2165 ) ;
#2512 = AXIS2_PLACEMENT_3D ( 'NONE', #752, #2045, #3323 ) ;
#2513 = VECTOR ( 'NONE', #3590, 1000.000000000000000 ) ;
#2514 = DIRECTION ( 'NONE',  ( 0.7071067811865476838, 0.000000000000000000, 0.7071067811865474617 ) ) ;
#2515 = EDGE_LOOP ( 'NONE', ( #528, #3234, #2508, #826 ) ) ;
#2516 = VERTEX_POINT ( 'NONE', #3230 ) ;
#2517 = AXIS2_PLACEMENT_3D ( 'NONE', #3718, #3423, #927 ) ;
#2518 = AXIS2_PLACEMENT_3D ( 'NONE', #3682, #816, #2700 ) ;
#2519 = DIRECTION ( 'NONE',  ( -0.000000000000000000, 1.000000000000000000, -0.000000000000000000 ) ) ;
#2520 = CARTESIAN_POINT ( 'NONE',  ( -0.9300000000000000488, 1.114998880451715912, 0.2500000000000000000 ) ) ;
#2521 = ADVANCED_FACE ( 'NONE', ( #42 ), #2601, .F. ) ;
#2522 = VECTOR ( 'NONE', #3633, 1000.000000000000000 ) ;
#2523 = EDGE_CURVE ( 'NONE', #2438, #62, #1999, .T. ) ;
#2524 = FACE_OUTER_BOUND ( 'NONE', #507, .T. ) ;
#2525 = FACE_OUTER_BOUND ( 'NONE', #2498, .T. ) ;
#2526 = CARTESIAN_POINT ( 'NONE',  ( -0.9741180954897480371, 1.114998880451715912, -0.7034074173710930244 ) ) ;
#2527 = VERTEX_POINT ( 'NONE', #1177 ) ;
#2528 = LINE ( 'NONE', #1892, #1785 ) ;
#2529 = ADVANCED_FACE ( 'NONE', ( #2101 ), #4064, .F. ) ;
#2530 = CARTESIAN_POINT ( 'NONE',  ( -0.3499999999999999778, 0.2999999999999999334, 0.4500000000000000111 ) ) ;
#2531 = CARTESIAN_POINT ( 'NONE',  ( 0.9300000000000000488, 0.2999999999999999889, 0.6592893218813449252 ) ) ;
#2532 = EDGE_CURVE ( 'NONE', #1712, #2516, #2803, .T. ) ;
#2533 = VERTEX_POINT ( 'NONE', #2160 ) ;
#2534 = ORIENTED_EDGE ( 'NONE', *, *, #3162, .T. ) ;
#2535 = CLOSED_SHELL ( 'NONE', ( #3771, #3835, #2966, #1480 ) ) ;
#2536 = FILL_AREA_STYLE_COLOUR ( '', #423 ) ;
#2537 = VERTEX_POINT ( 'NONE', #2488 ) ;
#2538 = EDGE_CURVE ( 'NONE', #2997, #2374, #2081, .T. ) ;
#2539 = ORIENTED_EDGE ( 'NONE', *, *, #4118, .F. ) ;
#2540 = ORIENTED_EDGE ( 'NONE', *, *, #2998, .T. ) ;
#2541 = LINE ( 'NONE', #993, #798 ) ;
#2542 = DIRECTION ( 'NONE',  ( -1.000000000000000000, -0.000000000000000000, 0.000000000000000000 ) ) ;
#2543 = ORIENTED_EDGE ( 'NONE', *, *, #3097, .F. ) ;
#2544 = SURFACE_SIDE_STYLE ('',( #1226 ) ) ;
#2545 = PLANE ( 'NONE',  #47 ) ;
#2546 = DIRECTION ( 'NONE',  ( 0.7071067811865456854, 0.000000000000000000, -0.7071067811865493491 ) ) ;
#2547 = AXIS2_PLACEMENT_3D ( 'NONE', #2757, #184, #4059 ) ;
#2548 = ORIENTED_EDGE ( 'NONE', *, *, #3999, .F. ) ;
#2549 = CARTESIAN_POINT ( 'NONE',  ( -0.9300000000000000488, 0.2999999999999999334, -0.2500000000000000000 ) ) ;
#2550 = CARTESIAN_POINT ( 'NONE',  ( -0.6700000000000003730, 0.6700000000000001510, -0.8012500000000006839 ) ) ;
#2551 = AXIS2_PLACEMENT_3D ( 'NONE', #3802, #310, #3543 ) ;
#2552 = PLANE ( 'NONE',  #1829 ) ;
#2553 = DIRECTION ( 'NONE',  ( 0.000000000000000000, -1.000000000000000000, 0.000000000000000000 ) ) ;
#2554 = PLANE ( 'NONE',  #1964 ) ;
#2555 = CARTESIAN_POINT ( 'NONE',  ( -0.6700000000000003730, 0.5999999999999998668, -0.7600000000000000089 ) ) ;
#2556 = ORIENTED_EDGE ( 'NONE', *, *, #2872, .F. ) ;
#2557 = EDGE_CURVE ( 'NONE', #2015, #2815, #1130, .T. ) ;
#2558 = VERTEX_POINT ( 'NONE', #3432 ) ;
#2559 = CIRCLE ( 'NONE', #3235, 0.2900000000000000910 ) ;
#2560 = AXIS2_PLACEMENT_3D ( 'NONE', #1583, #1262, #3462 ) ;
#2561 = AXIS2_PLACEMENT_3D ( 'NONE', #3116, #3855, #983 ) ;
#2562 = ORIENTED_EDGE ( 'NONE', *, *, #666, .F. ) ;
#2563 = VERTEX_POINT ( 'NONE', #250 ) ;
#2564 = ADVANCED_FACE ( 'NONE', ( #1781 ), #1826, .T. ) ;
#2565 = CYLINDRICAL_SURFACE ( 'NONE', #24, 0.1000000000000001582 ) ;
#2566 = CARTESIAN_POINT ( 'NONE',  ( -0.8700000000000003286, 0.8000000000000000444, 0.4699999999999998623 ) ) ;
#2567 = CARTESIAN_POINT ( 'NONE',  ( -0.8700000000000003286, 0.7499999999999997780, 0.4699999999999998623 ) ) ;
#2568 = ORIENTED_EDGE ( 'NONE', *, *, #59, .F. ) ;
#2569 = AXIS2_PLACEMENT_3D ( 'NONE', #2009, #1695, #1068 ) ;
#2570 = STYLED_ITEM ( 'NONE', ( #570 ), #1539 ) ;
#2571 = CARTESIAN_POINT ( 'NONE',  ( -0.6700000000000003730, 0.6699999999999999289, -0.4699999999999999178 ) ) ;
#2572 = CARTESIAN_POINT ( 'NONE',  ( -0.1305536461528557790, 0.6166146087398434172, 0.7399999999999999911 ) ) ;
#2573 = CARTESIAN_POINT ( 'NONE',  ( -0.9741180954897480371, 0.000000000000000000, -0.7034074173710930244 ) ) ;
#2574 = EDGE_LOOP ( 'NONE', ( #293, #2047, #1755, #3026 ) ) ;
#2575 =( NAMED_UNIT ( * ) PLANE_ANGLE_UNIT ( ) SI_UNIT ( $, .RADIAN. ) );
#2576 = PLANE ( 'NONE',  #3787 ) ;
#2577 = PLANE ( 'NONE',  #607 ) ;
#2578 = EDGE_CURVE ( 'NONE', #892, #3684, #3650, .T. ) ;
#2579 = CARTESIAN_POINT ( 'NONE',  ( -0.3499999999999999223, 0.2999999999999999889, 0.7299999999999999822 ) ) ;
#2580 = LINE ( 'NONE', #660, #229 ) ;
#2581 = EDGE_LOOP ( 'NONE', ( #2785, #3687, #2239 ) ) ;
#2582 = ORIENTED_EDGE ( 'NONE', *, *, #1001, .F. ) ;
#2583 = DIRECTION ( 'NONE',  ( 2.258754526011467735E-16, -0.000000000000000000, -1.000000000000000000 ) ) ;
#2584 = ORIENTED_EDGE ( 'NONE', *, *, #2538, .T. ) ;
#2585 = VERTEX_POINT ( 'NONE', #3353 ) ;
#2586 = AXIS2_PLACEMENT_3D ( 'NONE', #3873, #619, #938 ) ;
#2587 = VECTOR ( 'NONE', #3124, 1000.000000000000114 ) ;
#2588 = LINE ( 'NONE', #1883, #351 ) ;
#2589 = LINE ( 'NONE', #2862, #3023 ) ;
#2590 = ORIENTED_EDGE ( 'NONE', *, *, #799, .F. ) ;
#2591 = VECTOR ( 'NONE', #3576, 1000.000000000000000 ) ;
#2592 = AXIS2_PLACEMENT_3D ( 'NONE', #1541, #4142, #243 ) ;
#2593 = EDGE_CURVE ( 'NONE', #222, #415, #493, .T. ) ;
#2594 = DIRECTION ( 'NONE',  ( -1.000000000000000000, -0.000000000000000000, -2.128853140844177604E-16 ) ) ;
#2595 = DIRECTION ( 'NONE',  ( 1.000000000000000000, 0.000000000000000000, 2.128853140844177604E-16 ) ) ;
#2596 = CARTESIAN_POINT ( 'NONE',  ( 0.8592893218813457690, 0.000000000000000000, 0.7300000000000000933 ) ) ;
#2597 = EDGE_LOOP ( 'NONE', ( #45, #1818, #3736, #491 ) ) ;
#2598 = EDGE_CURVE ( 'NONE', #2053, #2563, #2129, .T. ) ;
#2599 = EDGE_CURVE ( 'NONE', #3114, #3453, #3449, .T. ) ;
#2600 = DIRECTION ( 'NONE',  ( 0.000000000000000000, 1.000000000000000000, 0.000000000000000000 ) ) ;
#2601 = PLANE ( 'NONE',  #2760 ) ;
#2602 = DIRECTION ( 'NONE',  ( -0.000000000000000000, -1.000000000000000000, 0.000000000000000000 ) ) ;
#2603 = ORIENTED_EDGE ( 'NONE', *, *, #2307, .F. ) ;
#2604 = VERTEX_POINT ( 'NONE', #1846 ) ;
#2605 = CARTESIAN_POINT ( 'NONE',  ( 0.9300000000000000488, 0.000000000000000000, -0.6592893218813449252 ) ) ;
#2606 = FACE_OUTER_BOUND ( 'NONE', #2677, .T. ) ;
#2607 = ORIENTED_EDGE ( 'NONE', *, *, #2793, .F. ) ;
#2608 = AXIS2_PLACEMENT_3D ( 'NONE', #1744, #1725, #148 ) ;
#2609 = EDGE_LOOP ( 'NONE', ( #3381, #2414, #883, #1920 ) ) ;
#2610 = PLANE ( 'NONE',  #2827 ) ;
#2611 = FACE_OUTER_BOUND ( 'NONE', #2515, .T. ) ;
#2612 = CIRCLE ( 'NONE', #2278, 0.1000000000000000472 ) ;
#2613 = EDGE_LOOP ( 'NONE', ( #3268, #4138, #3285, #2917 ) ) ;
#2614 = DIRECTION ( 'NONE',  ( 1.000000000000000000, 0.000000000000000000, 0.000000000000000000 ) ) ;
#2615 = DIRECTION ( 'NONE',  ( 0.7071067811865483499, -0.000000000000000000, 0.7071067811865466846 ) ) ;
#2616 = VERTEX_POINT ( 'NONE', #166 ) ;
#2617 = DIRECTION ( 'NONE',  ( 0.000000000000000000, 0.000000000000000000, -1.000000000000000000 ) ) ;
#2618 = PLANE ( 'NONE',  #1898 ) ;
#2619 = MECHANICAL_DESIGN_GEOMETRIC_PRESENTATION_REPRESENTATION (  '', ( #146 ), #943 ) ;
#2620 = DIRECTION ( 'NONE',  ( 0.000000000000000000, 0.000000000000000000, 1.000000000000000000 ) ) ;
#2621 = ORIENTED_EDGE ( 'NONE', *, *, #1880, .T. ) ;
#2622 = DIRECTION ( 'NONE',  ( 0.000000000000000000, -1.000000000000000000, 0.000000000000000000 ) ) ;
#2623 = AXIS2_PLACEMENT_3D ( 'NONE', #1824, #3352, #3102 ) ;
#2624 = VERTEX_POINT ( 'NONE', #1762 ) ;
#2625 = EDGE_LOOP ( 'NONE', ( #407, #1330, #240, #3876 ) ) ;
#2626 = AXIS2_PLACEMENT_3D ( 'NONE', #3974, #3319, #409 ) ;
#2627 = EDGE_CURVE ( 'NONE', #604, #2585, #3393, .T. ) ;
#2628 = LINE ( 'NONE', #1753, #3904 ) ;
#2629 = ORIENTED_EDGE ( 'NONE', *, *, #2645, .T. ) ;
#2630 = FACE_OUTER_BOUND ( 'NONE', #383, .T. ) ;
#2631 = DIRECTION ( 'NONE',  ( -0.000000000000000000, -1.000000000000000000, -0.000000000000000000 ) ) ;
#2632 = VECTOR ( 'NONE', #3715, 1000.000000000000000 ) ;
#2633 = DIRECTION ( 'NONE',  ( -0.000000000000000000, -1.000000000000000000, -0.000000000000000000 ) ) ;
#2634 = VECTOR ( 'NONE', #1696, 1000.000000000000000 ) ;
#2635 = DIRECTION ( 'NONE',  ( -0.7071067811865483499, -0.000000000000000000, -0.7071067811865466846 ) ) ;
#2636 = CARTESIAN_POINT ( 'NONE',  ( 1.000000000000000000, 0.000000000000000000, -0.7999999999999999334 ) ) ;
#2637 = CYLINDRICAL_SURFACE ( 'NONE', #2875, 0.1000000000000000472 ) ;
#2638 = LINE ( 'NONE', #748, #2722 ) ;
#2639 = EDGE_CURVE ( 'NONE', #4026, #1320, #812, .T. ) ;
#2640 = CARTESIAN_POINT ( 'NONE',  ( 0.6700000000000000400, 0.7025000000000000133, -0.4699999999999999178 ) ) ;
#2641 = ORIENTED_EDGE ( 'NONE', *, *, #1727, .F. ) ;
#2642 = DIRECTION ( 'NONE',  ( -0.7071067811865457964, -0.000000000000000000, -0.7071067811865492381 ) ) ;
#2643 = VERTEX_POINT ( 'NONE', #2719 ) ;
#2644 = ORIENTED_EDGE ( 'NONE', *, *, #2670, .F. ) ;
#2645 = EDGE_CURVE ( 'NONE', #2769, #3525, #3726, .T. ) ;
#2646 = CARTESIAN_POINT ( 'NONE',  ( -0.1250000000000000000, 0.5999999999999999778, -0.7999999999999999334 ) ) ;
#2647 = DIRECTION ( 'NONE',  ( 0.000000000000000000, 0.000000000000000000, 1.000000000000000000 ) ) ;
#2648 = EDGE_LOOP ( 'NONE', ( #2899, #279, #500, #2924 ) ) ;
#2649 = DIRECTION ( 'NONE',  ( 0.7071067811865457964, 0.000000000000000000, -0.7071067811865492381 ) ) ;
#2650 = CIRCLE ( 'NONE', #4125, 0.05999999999999994227 ) ;
#2651 = CARTESIAN_POINT ( 'NONE',  ( -1.000000000000000000, 0.000000000000000000, -0.6999999999999997335 ) ) ;
#2652 = DIRECTION ( 'NONE',  ( 0.7071067811865456854, 0.000000000000000000, 0.7071067811865493491 ) ) ;
#2654 = EDGE_CURVE ( 'NONE', #2109, #1712, #3517, .T. ) ;
#2653 = CARTESIAN_POINT ( 'NONE',  ( -0.1697213595499958150, 0.5999999999999999778, -0.7600000000000000089 ) ) ;
#2655 = LINE ( 'NONE', #431, #2790 ) ;
#2656 = EDGE_CURVE ( 'NONE', #2881, #3459, #4018, .T. ) ;
#2657 = DIRECTION ( 'NONE',  ( -0.000000000000000000, -1.000000000000000000, -0.000000000000000000 ) ) ;
#2658 = FACE_OUTER_BOUND ( 'NONE', #4001, .T. ) ;
#2659 = LINE ( 'NONE', #2367, #1605 ) ;
#2660 = EDGE_CURVE ( 'NONE', #1, #3019, #1658, .T. ) ;
#2661 = DIRECTION ( 'NONE',  ( 0.000000000000000000, 1.000000000000000000, 0.000000000000000000 ) ) ;
#2662 = EDGE_CURVE ( 'NONE', #3281, #4109, #2682, .T. ) ;
#2663 = EDGE_CURVE ( 'NONE', #1145, #333, #4147, .T. ) ;
#2664 = EDGE_CURVE ( 'NONE', #3536, #710, #3921, .T. ) ;
#2665 = PLANE ( 'NONE',  #2908 ) ;
#2666 = LINE ( 'NONE', #708, #2384 ) ;
#2667 = ORIENTED_EDGE ( 'NONE', *, *, #2134, .T. ) ;
#2668 = EDGE_LOOP ( 'NONE', ( #664, #773, #2213, #3938 ) ) ;
#2669 = ADVANCED_FACE ( 'NONE', ( #3142 ), #2545, .T. ) ;
#2670 = EDGE_CURVE ( 'NONE', #3339, #2189, #3509, .T. ) ;
#2671 = DIRECTION ( 'NONE',  ( 0.7071067811865483499, 0.000000000000000000, 0.7071067811865466846 ) ) ;
#2672 = ORIENTED_EDGE ( 'NONE', *, *, #924, .T. ) ;
#2673 = COLOUR_RGB ( '',0.7960784313725489669, 0.8235294117647058432, 0.9372549019607843146 ) ;
#2674 = DIRECTION ( 'NONE',  ( 0.000000000000000000, 0.000000000000000000, -1.000000000000000000 ) ) ;
#2675 = CARTESIAN_POINT ( 'NONE',  ( 0.1250000000000000000, 0.000000000000000000, 0.7999999999999999334 ) ) ;
#2676 = LINE ( 'NONE', #3272, #517 ) ;
#2677 = EDGE_LOOP ( 'NONE', ( #803, #1335, #1141, #1874 ) ) ;
#2678 = DIRECTION ( 'NONE',  ( -0.000000000000000000, 1.000000000000000000, 0.000000000000000000 ) ) ;
#2679 = DIRECTION ( 'NONE',  ( 0.7071067811865483499, 0.000000000000000000, 0.7071067811865466846 ) ) ;
#2680 = SURFACE_STYLE_USAGE ( .BOTH. , #3298 ) ;
#2681 = EDGE_CURVE ( 'NONE', #2443, #1942, #1887, .T. ) ;
#2682 = B_SPLINE_CURVE_WITH_KNOTS ( 'NONE', 3,
 ( #2820, #3823, #329, #580, #3201, #2865, #953, #2220, #2909, #348 ),
 .UNSPECIFIED., .F., .F.,
 ( 4, 3, 3, 4 ),
 ( 2.710505431213760784E-20, 2.325914320246279214E-05, 4.063766489860590393E-05, 5.321715086012075745E-05 ),
 .UNSPECIFIED. ) ;
#2683 = DIRECTION ( 'NONE',  ( 0.000000000000000000, 0.000000000000000000, -1.000000000000000000 ) ) ;
#2684 = TOROIDAL_SURFACE ( 'NONE', #2223, 0.3312500000000007105, 0.08125000000000057176 ) ;
#2685 = VERTEX_POINT ( 'NONE', #1930 ) ;
#2686 = ORIENTED_EDGE ( 'NONE', *, *, #1474, .F. ) ;
#2687 = AXIS2_PLACEMENT_3D ( 'NONE', #3672, #1348, #2671 ) ;
#2688 = CARTESIAN_POINT ( 'NONE',  ( 0.000000000000000000, 0.000000000000000000, -0.7999999999999999334 ) ) ;
#2689 = VERTEX_POINT ( 'NONE', #592 ) ;
#2690 = PLANE ( 'NONE',  #1863 ) ;
#2691 = CIRCLE ( 'NONE', #1699, 0.05999999999999994227 ) ;
#2692 = VECTOR ( 'NONE', #1142, 1000.000000000000000 ) ;
#2693 = LINE ( 'NONE', #1738, #1481 ) ;
#2694 = DIRECTION ( 'NONE',  ( -1.000000000000000000, 0.000000000000000000, 8.091060988697793180E-17 ) ) ;
#2695 = ORIENTED_EDGE ( 'NONE', *, *, #1511, .F. ) ;
#2696 = VECTOR ( 'NONE', #3747, 1000.000000000000114 ) ;
#2697 = DIRECTION ( 'NONE',  ( -2.128853140844177604E-16, 0.000000000000000000, 1.000000000000000000 ) ) ;
#2698 = CYLINDRICAL_SURFACE ( 'NONE', #2896, 0.1000000000000000472 ) ;
#2699 = VECTOR ( 'NONE', #3625, 1000.000000000000000 ) ;
#2700 = DIRECTION ( 'NONE',  ( 0.000000000000000000, 0.000000000000000000, 1.000000000000000000 ) ) ;
#2701 = CARTESIAN_POINT ( 'NONE',  ( -0.6700000000000004841, 0.7025000000000000133, -0.7199999999999999734 ) ) ;
#2702 = ORIENTED_EDGE ( 'NONE', *, *, #3157, .T. ) ;
#2703 = ORIENTED_EDGE ( 'NONE', *, *, #396, .T. ) ;
#2704 = ADVANCED_FACE ( 'NONE', ( #2842 ), #897, .F. ) ;
#2705 = EDGE_LOOP ( 'NONE', ( #2621, #3010, #4132, #1774 ) ) ;
#2706 = ORIENTED_EDGE ( 'NONE', *, *, #4010, .T. ) ;
#2707 = LINE ( 'NONE', #1253, #556 ) ;
#2708 = DIRECTION ( 'NONE',  ( -1.000000000000000000, 0.000000000000000000, 0.000000000000000000 ) ) ;
#2709 = ORIENTED_EDGE ( 'NONE', *, *, #3032, .F. ) ;
#2710 = EDGE_LOOP ( 'NONE', ( #1328, #2641, #2193, #2329 ) ) ;
#2711 = FACE_OUTER_BOUND ( 'NONE', #754, .T. ) ;
#2712 = ADVANCED_FACE ( 'NONE', ( #1567 ), #1612, .T. ) ;
#2713 = CARTESIAN_POINT ( 'NONE',  ( -0.1608245408964436851, 0.6056482643933791543, 0.7514756058258377225 ) ) ;
#2714 = CARTESIAN_POINT ( 'NONE',  ( 0.1250000000000000000, 0.8000000000000008216, 0.7999999999999999334 ) ) ;
#2715 = ORIENTED_EDGE ( 'NONE', *, *, #2018, .T. ) ;
#2716 = VECTOR ( 'NONE', #2205, 1000.000000000000000 ) ;
#2717 = AXIS2_PLACEMENT_3D ( 'NONE', #858, #1229, #1868 ) ;
#2718 = PLANE ( 'NONE',  #555 ) ;
#2719 = CARTESIAN_POINT ( 'NONE',  ( -0.3499999999999999778, 0.000000000000000000, 0.4500000000000000111 ) ) ;
#2720 = CARTESIAN_POINT ( 'NONE',  ( -0.9741180954897480371, 0.2999999999999999889, -0.7034074173710930244 ) ) ;
#2721 = EDGE_CURVE ( 'NONE', #3500, #604, #3445, .T. ) ;
#2722 = VECTOR ( 'NONE', #1041, 1000.000000000000114 ) ;
#2723 = VECTOR ( 'NONE', #861, 1000.000000000000114 ) ;
#2724 = CARTESIAN_POINT ( 'NONE',  ( -1.000000000000000000, 0.2999999999999999889, 0.7999999999999999334 ) ) ;
#2725 = EDGE_LOOP ( 'NONE', ( #1641, #955, #2320, #4007 ) ) ;
#2726 = PRESENTATION_LAYER_ASSIGNMENT (  '', '', ( #857 ) ) ;
#2727 = ORIENTED_EDGE ( 'NONE', *, *, #3950, .F. ) ;
#2728 = ORIENTED_EDGE ( 'NONE', *, *, #1353, .F. ) ;
#2729 = DIRECTION ( 'NONE',  ( -0.000000000000000000, -1.000000000000000000, -0.000000000000000000 ) ) ;
#2730 = VERTEX_POINT ( 'NONE', #934 ) ;
#2731 = VERTEX_POINT ( 'NONE', #37 ) ;
#2732 = EDGE_CURVE ( 'NONE', #712, #2923, #2200, .T. ) ;
#2733 = FACE_OUTER_BOUND ( 'NONE', #1028, .T. ) ;
#2734 = DIRECTION ( 'NONE',  ( 1.000000000000000000, 0.000000000000000000, -1.936075308009829417E-16 ) ) ;
#2735 = CARTESIAN_POINT ( 'NONE',  ( -0.6700000000000004841, 0.8000000000000000444, 0.4099999999999999756 ) ) ;
#2736 = LINE ( 'NONE', #3463, #2885 ) ;
#2737 = FACE_OUTER_BOUND ( 'NONE', #1239, .T. ) ;
#2738 = EDGE_CURVE ( 'NONE', #2643, #3325, #3164, .T. ) ;
#2739 = DIRECTION ( 'NONE',  ( 0.000000000000000000, 0.000000000000000000, 1.000000000000000000 ) ) ;
#2740 = FACE_OUTER_BOUND ( 'NONE', #1071, .T. ) ;
#2741 = CARTESIAN_POINT ( 'NONE',  ( -0.9300000000000000488, 0.000000000000000000, 0.6592893218813449252 ) ) ;
#2742 = ADVANCED_FACE ( 'NONE', ( #2524 ), #3804, .T. ) ;
#2743 = DIRECTION ( 'NONE',  ( 1.000000000000000000, 0.000000000000000000, -1.936075308009829417E-16 ) ) ;
#2744 = CARTESIAN_POINT ( 'NONE',  ( -0.8999999999999999112, 0.5999999999999999778, 0.8000000000000001554 ) ) ;
#2745 = EDGE_LOOP ( 'NONE', ( #3756, #1000, #314, #280 ) ) ;
#2746 = EDGE_LOOP ( 'NONE', ( #648, #3252, #3439, #2111 ) ) ;
#2747 = ORIENTED_EDGE ( 'NONE', *, *, #1714, .T. ) ;
#2748 = CARTESIAN_POINT ( 'NONE',  ( 0.1250000000000000000, 0.5999999999999999778, 0.7399999999999999911 ) ) ;
#2749 = VECTOR ( 'NONE', #2631, 1000.000000000000000 ) ;
#2750 = EDGE_LOOP ( 'NONE', ( #1917, #3828, #2170, #1284 ) ) ;
#2751 = VERTEX_POINT ( 'NONE', #312 ) ;
#2752 = FACE_OUTER_BOUND ( 'NONE', #905, .T. ) ;
#2753 = CIRCLE ( 'NONE', #740, 0.08125000000000059952 ) ;
#2754 = CARTESIAN_POINT ( 'NONE',  ( 0.9300000000000000488, 0.000000000000000000, 0.6592893218813449252 ) ) ;
#2755 = EDGE_CURVE ( 'NONE', #2516, #1371, #3583, .T. ) ;
#2756 = SURFACE_SIDE_STYLE ('',( #1432 ) ) ;
#2757 = CARTESIAN_POINT ( 'NONE',  ( 0.6700000000000000400, 3.936493098641637545, 0.4699999999999999178 ) ) ;
#2758 = VECTOR ( 'NONE', #4087, 1000.000000000000000 ) ;
#2759 = FACE_OUTER_BOUND ( 'NONE', #2986, .T. ) ;
#2760 = AXIS2_PLACEMENT_3D ( 'NONE', #2773, #2477, #3572 ) ;
#2761 = DIRECTION ( 'NONE',  ( -0.000000000000000000, -1.000000000000000000, -0.000000000000000000 ) ) ;
#2762 = FACE_OUTER_BOUND ( 'NONE', #263, .T. ) ;
#2763 = DIRECTION ( 'NONE',  ( 0.000000000000000000, 0.000000000000000000, -1.000000000000000000 ) ) ;
#2764 = CARTESIAN_POINT ( 'NONE',  ( 0.8999999999999999112, 0.5949999999999999734, 0.8000000000000001554 ) ) ;
#2765 = LINE ( 'NONE', #4048, #3310 ) ;
#2766 = AXIS2_PLACEMENT_3D ( 'NONE', #2636, #1377, #3910 ) ;
#2767 = DIRECTION ( 'NONE',  ( 0.000000000000000000, 0.000000000000000000, -1.000000000000000000 ) ) ;
#2768 = ORIENTED_EDGE ( 'NONE', *, *, #1063, .F. ) ;
#2769 = VERTEX_POINT ( 'NONE', #655 ) ;
#2770 = EDGE_CURVE ( 'NONE', #595, #2087, #3223, .T. ) ;
#2771 = TOROIDAL_SURFACE ( 'NONE', #233, 0.2000000000000000111, 0.05000000000000000278 ) ;
#2772 = EDGE_CURVE ( 'NONE', #2863, #1859, #677, .T. ) ;
#2773 = CARTESIAN_POINT ( 'NONE',  ( -0.9200000000000003730, 0.7025000000000000133, 0.4699999999999999178 ) ) ;
#2774 = LINE ( 'NONE', #2531, #2167 ) ;
#2775 = ORIENTED_EDGE ( 'NONE', *, *, #469, .F. ) ;
#2776 = ORIENTED_EDGE ( 'NONE', *, *, #3414, .T. ) ;
#2777 = CARTESIAN_POINT ( 'NONE',  ( -0.3499999999999999223, 0.2999999999999999889, -0.7299999999999999822 ) ) ;
#2778 = DIRECTION ( 'NONE',  ( -1.000000000000000000, 0.000000000000000000, 0.000000000000000000 ) ) ;
#2779 = CARTESIAN_POINT ( 'NONE',  ( -0.3499999999999999778, 0.000000000000000000, 0.4500000000000000111 ) ) ;
#2780 = CARTESIAN_POINT ( 'NONE',  ( 0.8999999999999999112, 0.000000000000000000, 0.8000000000000001554 ) ) ;
#2781 = CARTESIAN_POINT ( 'NONE',  ( 0.3499999999999999223, 0.2999999999999999889, 0.7299999999999999822 ) ) ;
#2782 = ADVANCED_FACE ( 'NONE', ( #3249 ), #3927, .F. ) ;
#2783 = CARTESIAN_POINT ( 'NONE',  ( -0.6700000000000003730, 3.936493098641637545, 0.7199999999999999734 ) ) ;
#2784 = PLANE ( 'NONE',  #4023 ) ;
#2785 = ORIENTED_EDGE ( 'NONE', *, *, #959, .T. ) ;
#2786 = EDGE_CURVE ( 'NONE', #2011, #3183, #2935, .T. ) ;
#2787 = VECTOR ( 'NONE', #1486, 1000.000000000000000 ) ;
#2788 = CIRCLE ( 'NONE', #2994, 0.05999999999999994227 ) ;
#2789 = DIRECTION ( 'NONE',  ( -0.000000000000000000, -1.000000000000000000, -0.000000000000000000 ) ) ;
#2790 = VECTOR ( 'NONE', #1057, 1000.000000000000000 ) ;
#2791 = AXIS2_PLACEMENT_3D ( 'NONE', #1440, #1109, #1136 ) ;
#2792 = ORIENTED_EDGE ( 'NONE', *, *, #2656, .T. ) ;
#2793 = EDGE_CURVE ( 'NONE', #2808, #386, #1992, .T. ) ;
#2794 = ORIENTED_EDGE ( 'NONE', *, *, #3228, .F. ) ;
#2795 = ADVANCED_FACE ( 'NONE', ( #2630 ), #80, .T. ) ;
#2796 = ORIENTED_EDGE ( 'NONE', *, *, #225, .T. ) ;
#2797 = VERTEX_POINT ( 'NONE', #60 ) ;
#2798 = EDGE_CURVE ( 'NONE', #2438, #3488, #1336, .T. ) ;
#2799 = AXIS2_PLACEMENT_3D ( 'NONE', #2714, #185, #3075 ) ;
#2800 = CARTESIAN_POINT ( 'NONE',  ( -0.3499999999999999223, 0.2999999999999999889, 0.7299999999999999822 ) ) ;
#2801 = LINE ( 'NONE', #268, #776 ) ;
#2802 = FACE_OUTER_BOUND ( 'NONE', #2985, .T. ) ;
#2803 = LINE ( 'NONE', #1200, #1290 ) ;
#2804 = FACE_OUTER_BOUND ( 'NONE', #2132, .T. ) ;
#2805 = ORIENTED_EDGE ( 'NONE', *, *, #4066, .T. ) ;
#2806 = DIRECTION ( 'NONE',  ( -0.7071067811865457964, 0.000000000000000000, 0.7071067811865492381 ) ) ;
#2807 = CIRCLE ( 'NONE', #2083, 0.1000000000000001582 ) ;
#2808 = VERTEX_POINT ( 'NONE', #445 ) ;
#2809 = ORIENTED_EDGE ( 'NONE', *, *, #1308, .T. ) ;
#2810 =( NAMED_UNIT ( * ) PLANE_ANGLE_UNIT ( ) SI_UNIT ( $, .RADIAN. ) );
#2811 = EDGE_CURVE ( 'NONE', #3459, #1890, #2788, .T. ) ;
#2812 = DIRECTION ( 'NONE',  ( 2.258754526011467735E-16, 0.000000000000000000, 1.000000000000000000 ) ) ;
#2813 = FILL_AREA_STYLE_COLOUR ( '', #27 ) ;
#2814 = VERTEX_POINT ( 'NONE', #2651 ) ;
#2815 = VERTEX_POINT ( 'NONE', #3630 ) ;
#2816 = LINE ( 'NONE', #4095, #2063 ) ;
#2817 = DIRECTION ( 'NONE',  ( -1.000000000000000000, 0.000000000000000000, 0.000000000000000000 ) ) ;
#2818 = CARTESIAN_POINT ( 'NONE',  ( 0.1250000000000000000, 0.8000000000000008216, 0.7999999999999999334 ) ) ;
#2819 = AXIS2_PLACEMENT_3D ( 'NONE', #2035, #1720, #2996 ) ;
#2820 = CARTESIAN_POINT ( 'NONE',  ( 0.1697213595499957040, 0.5999999999999999778, 0.7599999999999998979 ) ) ;
#2821 = PLANE ( 'NONE',  #1517 ) ;
#2822 = DIRECTION ( 'NONE',  ( 0.000000000000000000, 0.000000000000000000, 1.000000000000000000 ) ) ;
#2823 = ORIENTED_EDGE ( 'NONE', *, *, #3767, .T. ) ;
#2824 = LINE ( 'NONE', #2505, #3076 ) ;
#2825 = DIRECTION ( 'NONE',  ( -1.000000000000000000, -0.000000000000000000, -0.000000000000000000 ) ) ;
#2826 = CARTESIAN_POINT ( 'NONE',  ( 0.1250000000000000000, 0.8000000000000008216, 0.7399999999999999911 ) ) ;
#2827 = AXIS2_PLACEMENT_3D ( 'NONE', #2969, #1676, #3959 ) ;
#2828 = EDGE_LOOP ( 'NONE', ( #849, #196, #454, #2947, #2855, #4056, #2823 ) ) ;
#2829 = VERTEX_POINT ( 'NONE', #2317 ) ;
#2830 = ADVANCED_FACE ( 'NONE', ( #141 ), #714, .T. ) ;
#2831 = PLANE ( 'NONE',  #3825 ) ;
#2832 = AXIS2_PLACEMENT_3D ( 'NONE', #3932, #3574, #410 ) ;
#2833 = EDGE_CURVE ( 'NONE', #4150, #322, #1379, .T. ) ;
#2834 = ORIENTED_EDGE ( 'NONE', *, *, #789, .T. ) ;
#2835 = VERTEX_POINT ( 'NONE', #102 ) ;
#2836 = CARTESIAN_POINT ( 'NONE',  ( -0.1250000000000000000, 0.8000000000000008216, -0.7399999999999999911 ) ) ;
#2837 = LINE ( 'NONE', #3818, #3031 ) ;
#2838 = DIRECTION ( 'NONE',  ( 0.000000000000000000, 0.000000000000000000, -1.000000000000000000 ) ) ;
#2839 = DIRECTION ( 'NONE',  ( 0.7071067811865483499, 0.000000000000000000, -0.7071067811865466846 ) ) ;
#2840 = EDGE_CURVE ( 'NONE', #4085, #3816, #3944, .T. ) ;
#2841 = EDGE_CURVE ( 'NONE', #343, #3488, #3869, .T. ) ;
#2842 = FACE_OUTER_BOUND ( 'NONE', #945, .T. ) ;
#2843 = DIRECTION ( 'NONE',  ( 1.000000000000000000, 0.000000000000000000, 0.000000000000000000 ) ) ;
#2844 = CARTESIAN_POINT ( 'NONE',  ( -0.6700000000000004841, 0.7900000000000000355, 0.4699999999999999178 ) ) ;
#2845 = ORIENTED_EDGE ( 'NONE', *, *, #2948, .F. ) ;
#2846 = DIRECTION ( 'NONE',  ( -0.7071067811865457964, 0.000000000000000000, 0.7071067811865492381 ) ) ;
#2847 = DIRECTION ( 'NONE',  ( 1.000000000000000000, -0.000000000000000000, -0.000000000000000000 ) ) ;
#2848 = EDGE_CURVE ( 'NONE', #3890, #4085, #118, .T. ) ;
#2849 = CARTESIAN_POINT ( 'NONE',  ( -0.8592893218813457690, 0.2999999999999999889, 0.7300000000000000933 ) ) ;
#2850 = CARTESIAN_POINT ( 'NONE',  ( 1.000000000000000000, 0.5949999999999999734, 0.8000000000000001554 ) ) ;
#2851 = ORIENTED_EDGE ( 'NONE', *, *, #2206, .T. ) ;
#2852 = ORIENTED_EDGE ( 'NONE', *, *, #2230, .F. ) ;
#2853 = AXIS2_PLACEMENT_3D ( 'NONE', #2012, #403, #2674 ) ;
#2854 = FILL_AREA_STYLE_COLOUR ( '', #230 ) ;
#2855 = ORIENTED_EDGE ( 'NONE', *, *, #597, .T. ) ;
#2856 = ORIENTED_EDGE ( 'NONE', *, *, #3699, .T. ) ;
#2857 = EDGE_LOOP ( 'NONE', ( #1398, #176, #17, #2152 ) ) ;
#2858 = MANIFOLD_SOLID_BREP ( 'Boss-Extrude5', #2535 ) ;
#2859 = CARTESIAN_POINT ( 'NONE',  ( 0.1656152004263890809, 0.6027053078623652027, -0.7554091745365921762 ) ) ;
#2860 = DIRECTION ( 'NONE',  ( 0.000000000000000000, 1.000000000000000000, 0.000000000000000000 ) ) ;
#2861 = DIRECTION ( 'NONE',  ( 0.000000000000000000, 1.000000000000000000, 0.000000000000000000 ) ) ;
#2862 = CARTESIAN_POINT ( 'NONE',  ( -0.9300000000000000488, 0.2999999999999999334, -0.6592893218813449252 ) ) ;
#2863 = VERTEX_POINT ( 'NONE', #2446 ) ;
#2864 = VECTOR ( 'NONE', #2340, 1000.000000000000000 ) ;
#2865 = CARTESIAN_POINT ( 'NONE',  ( 0.1430361408693212322, 0.6138527548597593197, 0.7424954092534856720 ) ) ;
#2866 = FILL_AREA_STYLE ('',( #975 ) ) ;
#2867 = LINE ( 'NONE', #2910, #1969 ) ;
#2868 = VERTEX_POINT ( 'NONE', #2120 ) ;
#2869 = CYLINDRICAL_SURFACE ( 'NONE', #332, 0.2500000000000000000 ) ;
#2870 = DIRECTION ( 'NONE',  ( 0.000000000000000000, -1.000000000000000000, 0.000000000000000000 ) ) ;
#2871 = DIRECTION ( 'NONE',  ( 1.000000000000000000, 0.000000000000000000, -0.000000000000000000 ) ) ;
#2872 = EDGE_CURVE ( 'NONE', #3246, #2169, #998, .T. ) ;
#2873 = ORIENTED_EDGE ( 'NONE', *, *, #3401, .T. ) ;
#2874 = ORIENTED_EDGE ( 'NONE', *, *, #127, .F. ) ;
#2875 = AXIS2_PLACEMENT_3D ( 'NONE', #3911, #747, #3294 ) ;
#2876 = ORIENTED_EDGE ( 'NONE', *, *, #2352, .T. ) ;
#2877 = ORIENTED_EDGE ( 'NONE', *, *, #1362, .F. ) ;
#2878 = VERTEX_POINT ( 'NONE', #3073 ) ;
#2879 = DIRECTION ( 'NONE',  ( 1.000000000000000000, 0.000000000000000000, 0.000000000000000000 ) ) ;
#2880 = CARTESIAN_POINT ( 'NONE',  ( 0.3499999999999999223, 0.2999999999999999334, 0.7299999999999999822 ) ) ;
#2881 = VERTEX_POINT ( 'NONE', #4012 ) ;
#2882 = MANIFOLD_SOLID_BREP ( 'Boss-Extrude6[4]', #2146 ) ;
#2883 = DIRECTION ( 'NONE',  ( -0.000000000000000000, -1.000000000000000000, -0.000000000000000000 ) ) ;
#2884 = DIRECTION ( 'NONE',  ( -1.000000000000000000, 0.000000000000000000, -0.000000000000000000 ) ) ;
#2885 = VECTOR ( 'NONE', #1150, 1000.000000000000000 ) ;
#2886 = ORIENTED_EDGE ( 'NONE', *, *, #2654, .T. ) ;
#2887 = AXIS2_PLACEMENT_3D ( 'NONE', #2219, #1636, #288 ) ;
#2888 = DIRECTION ( 'NONE',  ( 0.000000000000000000, -1.000000000000000000, 0.000000000000000000 ) ) ;
#2889 = LINE ( 'NONE', #3534, #3896 ) ;
#2890 = CARTESIAN_POINT ( 'NONE',  ( 1.000000000000000000, 0.5999999999999999778, 0.8000000000000001554 ) ) ;
#2891 = VERTEX_POINT ( 'NONE', #203 ) ;
#2892 = ORIENTED_EDGE ( 'NONE', *, *, #1600, .T. ) ;
#2893 = VECTOR ( 'NONE', #987, 1000.000000000000000 ) ;
#2894 = VECTOR ( 'NONE', #3982, 1000.000000000000000 ) ;
#2895 = DIRECTION ( 'NONE',  ( 0.000000000000000000, 0.000000000000000000, -1.000000000000000000 ) ) ;
#2896 = AXIS2_PLACEMENT_3D ( 'NONE', #2365, #3635, #1131 ) ;
#2897 = VERTEX_POINT ( 'NONE', #2735 ) ;
#2898 = ORIENTED_EDGE ( 'NONE', *, *, #2972, .F. ) ;
#2899 = ORIENTED_EDGE ( 'NONE', *, *, #2770, .F. ) ;
#2900 = EDGE_CURVE ( 'NONE', #3916, #1435, #2093, .T. ) ;
#2901 = VECTOR ( 'NONE', #3502, 1000.000000000000000 ) ;
#2902 = PLANE ( 'NONE',  #16 ) ;
#2903 = CARTESIAN_POINT ( 'NONE',  ( -0.8999999999999999112, 0.5999999999999999778, -0.7999999999999999334 ) ) ;
#2904 = EDGE_CURVE ( 'NONE', #1, #2148, #831, .T. ) ;
#2905 = ORIENTED_EDGE ( 'NONE', *, *, #633, .F. ) ;
#2906 = VECTOR ( 'NONE', #480, 1000.000000000000000 ) ;
#2907 = UNCERTAINTY_MEASURE_WITH_UNIT (LENGTH_MEASURE( 1.000000000000000082E-05 ), #506, 'distance_accuracy_value', 'NONE');
#2908 = AXIS2_PLACEMENT_3D ( 'NONE', #750, #3639, #2942 ) ;
#2909 = CARTESIAN_POINT ( 'NONE',  ( 0.1292171746755330364, 0.6166146087398433062, 0.7399999999999999911 ) ) ;
#2910 = CARTESIAN_POINT ( 'NONE',  ( 0.9300000000000000488, 0.000000000000000000, 0.2500000000000000000 ) ) ;
#2911 = ORIENTED_EDGE ( 'NONE', *, *, #3361, .F. ) ;
#2912 = CARTESIAN_POINT ( 'NONE',  ( 0.9741180954897480371, 0.000000000000000000, -0.7034074173710930244 ) ) ;
#2913 = CYLINDRICAL_SURFACE ( 'NONE', #2561, 0.05999999999999994227 ) ;
#2914 = DIRECTION ( 'NONE',  ( 1.000000000000000000, 0.000000000000000000, -2.128853140844177604E-16 ) ) ;
#2915 = DIRECTION ( 'NONE',  ( 2.128853140844177604E-16, 0.000000000000000000, 1.000000000000000000 ) ) ;
#2916 = EDGE_CURVE ( 'NONE', #3838, #3299, #487, .T. ) ;
#2917 = ORIENTED_EDGE ( 'NONE', *, *, #2681, .T. ) ;
#2918 = EDGE_LOOP ( 'NONE', ( #3136, #3798, #1016, #2548 ) ) ;
#2919 = DIRECTION ( 'NONE',  ( -2.258754526011467735E-16, -0.000000000000000000, -1.000000000000000000 ) ) ;
#2920 = CARTESIAN_POINT ( 'NONE',  ( 0.9741180954897480371, 0.000000000000000000, 0.7034074173710930244 ) ) ;
#2921 = EDGE_CURVE ( 'NONE', #1673, #3199, #3966, .T. ) ;
#2922 = CARTESIAN_POINT ( 'NONE',  ( 1.000000000000000000, 0.2999999999999999334, -0.7999999999999999334 ) ) ;
#2923 = VERTEX_POINT ( 'NONE', #3121 ) ;
#2924 = ORIENTED_EDGE ( 'NONE', *, *, #3663, .F. ) ;
#2925 = ORIENTED_EDGE ( 'NONE', *, *, #1148, .T. ) ;
#2926 = ADVANCED_FACE ( 'NONE', ( #1455 ), #2424, .T. ) ;
#2927 = AXIS2_PLACEMENT_3D ( 'NONE', #484, #3651, #1776 ) ;
#2928 = CARTESIAN_POINT ( 'NONE',  ( 0.9300000000000000488, 0.2999999999999999889, 0.2500000000000000000 ) ) ;
#2929 = DIRECTION ( 'NONE',  ( 0.000000000000000000, -1.000000000000000000, 0.000000000000000000 ) ) ;
#2930 = UNCERTAINTY_MEASURE_WITH_UNIT (LENGTH_MEASURE( 1.000000000000000082E-05 ), #3410, 'distance_accuracy_value', 'NONE');
#2931 = ORIENTED_EDGE ( 'NONE', *, *, #3150, .F. ) ;
#2932 = EDGE_CURVE ( 'NONE', #1240, #1066, #550, .T. ) ;
#2933 = AXIS2_PLACEMENT_3D ( 'NONE', #3296, #395, #790 ) ;
#2934 = AXIS2_PLACEMENT_3D ( 'NONE', #2418, #2071, #3363 ) ;
#2935 = LINE ( 'NONE', #1074, #3265 ) ;
#2936 = VECTOR ( 'NONE', #1505, 1000.000000000000000 ) ;
#2937 = DIRECTION ( 'NONE',  ( -0.7071067811865493491, 0.000000000000000000, 0.7071067811865456854 ) ) ;
#2938 = ORIENTED_EDGE ( 'NONE', *, *, #1362, .T. ) ;
#2939 = FACE_OUTER_BOUND ( 'NONE', #1838, .T. ) ;
#2940 = DIRECTION ( 'NONE',  ( 0.000000000000000000, -1.000000000000000000, 0.000000000000000000 ) ) ;
#2941 = CARTESIAN_POINT ( 'NONE',  ( 0.6700000000000000400, 0.7499999999999997780, -0.4699999999999999178 ) ) ;
#2942 = DIRECTION ( 'NONE',  ( -2.258754526011467735E-16, 0.000000000000000000, 1.000000000000000000 ) ) ;
#2943 = ORIENTED_EDGE ( 'NONE', *, *, #2841, .T. ) ;
#2944 = CARTESIAN_POINT ( 'NONE',  ( -0.6700000000000004841, 0.6700000000000001510, -0.7199999999999999734 ) ) ;
#2945 = CLOSED_SHELL ( 'NONE', ( #2529, #3408, #3781, #2292, #3458, #912, #3882, #3634, #1921, #855, #1862, #3617, #1050, #1610, #1745, #866, #319, #2226, #2669, #255, #3708, #2235, #3739, #970, #2097, #1789, #1621, #3508, #1446, #1929, #3309, #612, #2742, #3218, #3148, #1128, #602, #2168, #2704, #3817, #4082, #2782, #4079, #2358, #728, #63, #3677 ) ) ;
#2946 = VERTEX_POINT ( 'NONE', #967 ) ;
#2947 = ORIENTED_EDGE ( 'NONE', *, *, #1228, .T. ) ;
#2948 = EDGE_CURVE ( 'NONE', #3476, #421, #51, .T. ) ;
#2949 = CARTESIAN_POINT ( 'NONE',  ( 0.9300000000000000488, 1.114998880451715912, -0.6592893218813449252 ) ) ;
#2950 = ORIENTED_EDGE ( 'NONE', *, *, #1168, .T. ) ;
#2951 = CARTESIAN_POINT ( 'NONE',  ( -0.3500000000000000333, 0.2999999999999999334, -0.2500000000000000000 ) ) ;
#2952 = CARTESIAN_POINT ( 'NONE',  ( -0.8592893218813457690, 0.000000000000000000, 0.7300000000000000933 ) ) ;
#2953 = DIRECTION ( 'NONE',  ( 0.7071067811865483499, 0.000000000000000000, -0.7071067811865466846 ) ) ;
#2954 = EDGE_LOOP ( 'NONE', ( #2224, #2490, #567, #2727 ) ) ;
#2955 = EDGE_CURVE ( 'NONE', #2731, #3751, #2218, .T. ) ;
#2956 = DIRECTION ( 'NONE',  ( 0.000000000000000000, 0.000000000000000000, -1.000000000000000000 ) ) ;
#2957 = CARTESIAN_POINT ( 'NONE',  ( -0.6700000000000004841, 0.7900000000000000355, 0.4699999999999999178 ) ) ;
#2958 = CARTESIAN_POINT ( 'NONE',  ( 0.8999999999999999112, 0.5999999999999999778, 0.8000000000000001554 ) ) ;
#2959 = VECTOR ( 'NONE', #3074, 1000.000000000000114 ) ;
#2960 = LINE ( 'NONE', #88, #1662 ) ;
#2961 = DIRECTION ( 'NONE',  ( 0.000000000000000000, 1.000000000000000000, 0.000000000000000000 ) ) ;
#2962 = FACE_OUTER_BOUND ( 'NONE', #2136, .T. ) ;
#2963 = AXIS2_PLACEMENT_3D ( 'NONE', #3512, #1935, #3206 ) ;
#2964 = ORIENTED_EDGE ( 'NONE', *, *, #2307, .T. ) ;
#2965 = EDGE_LOOP ( 'NONE', ( #2925, #361, #3005, #1519, #2272, #3418, #36 ) ) ;
#2966 = ADVANCED_FACE ( 'NONE', ( #3847 ), #1945, .F. ) ;
#2967 = EDGE_CURVE ( 'NONE', #2897, #3034, #3130, .T. ) ;
#2968 = VECTOR ( 'NONE', #4073, 1000.000000000000000 ) ;
#2969 = CARTESIAN_POINT ( 'NONE',  ( 0.9741180954897480371, 0.2999999999999999889, 0.7034074173710930244 ) ) ;
#2970 = DIRECTION ( 'NONE',  ( 0.000000000000000000, 0.000000000000000000, -1.000000000000000000 ) ) ;
#2971 = ORIENTED_EDGE ( 'NONE', *, *, #1478, .T. ) ;
#2972 = EDGE_CURVE ( 'NONE', #1365, #1423, #2801, .T. ) ;
#2973 = DIRECTION ( 'NONE',  ( 0.000000000000000000, 0.000000000000000000, -1.000000000000000000 ) ) ;
#2974 = LINE ( 'NONE', #3928, #3479 ) ;
#2975 = EDGE_CURVE ( 'NONE', #2394, #3111, #950, .T. ) ;
#2976 = CIRCLE ( 'NONE', #1566, 0.05999999999999994227 ) ;
#2977 = CARTESIAN_POINT ( 'NONE',  ( -0.3499999999999999778, 0.2999999999999999889, 0.4500000000000000111 ) ) ;
#2978 = EDGE_CURVE ( 'NONE', #2374, #235, #2484, .T. ) ;
#2979 = AXIS2_PLACEMENT_3D ( 'NONE', #2211, #1630, #2895 ) ;
#2980 = DIRECTION ( 'NONE',  ( 1.000000000000000000, 0.000000000000000000, 0.000000000000000000 ) ) ;
#2981 = CARTESIAN_POINT ( 'NONE',  ( 0.6700000000000000400, 0.7499999999999997780, 0.4699999999999999178 ) ) ;
#2982 = EDGE_CURVE ( 'NONE', #585, #3173, #3443, .T. ) ;
#2983 = ORIENTED_EDGE ( 'NONE', *, *, #4146, .F. ) ;
#2984 = CYLINDRICAL_SURFACE ( 'NONE', #3127, 0.2500000000000000000 ) ;
#2985 = EDGE_LOOP ( 'NONE', ( #3716, #2911, #3773, #796 ) ) ;
#2986 = EDGE_LOOP ( 'NONE', ( #1221, #928, #3498, #2023, #3872, #3126, #1832, #3557, #2378, #3813, #3795, #241, #283, #2796, #232, #2905, #3364, #4008, #299, #157, #654, #523, #3919, #2398, #3069, #1735, #3307, #2030, #3692, #481, #3263, #3210, #1114, #1006, #2078, #2851, #1925, #2562, #2509, #4139, #2877, #1683, #1647, #3775, #3710 ) ) ;
#2987 = PLANE ( 'NONE',  #483 ) ;
#2988 = CARTESIAN_POINT ( 'NONE',  ( -0.8592893218813457690, 1.114998880451715912, 0.7300000000000000933 ) ) ;
#2989 = CARTESIAN_POINT ( 'NONE',  ( -0.6700000000000003730, 0.7025000000000000133, 0.4699999999999999178 ) ) ;
#2990 = EDGE_LOOP ( 'NONE', ( #1834, #631, #2090 ) ) ;
#2991 = EDGE_LOOP ( 'NONE', ( #1495, #3908, #3849, #3673, #1940, #1515, #1389, #3698 ) ) ;
#2992 = DIRECTION ( 'NONE',  ( -2.128853140844177604E-16, 0.000000000000000000, -1.000000000000000000 ) ) ;
#2993 = VECTOR ( 'NONE', #2269, 1000.000000000000000 ) ;
#2994 = AXIS2_PLACEMENT_3D ( 'NONE', #1391, #3905, #1737 ) ;
#2995 = CARTESIAN_POINT ( 'NONE',  ( -0.9300000000000000488, 0.000000000000000000, 0.2500000000000000000 ) ) ;
#2996 = DIRECTION ( 'NONE',  ( 0.000000000000000000, 0.000000000000000000, 1.000000000000000000 ) ) ;
#2997 = VERTEX_POINT ( 'NONE', #1369 ) ;
#2998 = EDGE_CURVE ( 'NONE', #3815, #871, #1523, .T. ) ;
#2999 = EDGE_CURVE ( 'NONE', #963, #3338, #1864, .T. ) ;
#3000 = FACE_OUTER_BOUND ( 'NONE', #71, .T. ) ;
#3001 = LINE ( 'NONE', #125, #266 ) ;
#3002 = VECTOR ( 'NONE', #61, 1000.000000000000000 ) ;
#3003 = PLANE ( 'NONE',  #379 ) ;
#3004 = EDGE_CURVE ( 'NONE', #1871, #2109, #846, .T. ) ;
#3005 = ORIENTED_EDGE ( 'NONE', *, *, #3663, .T. ) ;
#3006 = CARTESIAN_POINT ( 'NONE',  ( 0.3499999999999999223, 1.114998880451715912, 0.7299999999999999822 ) ) ;
#3007 = ORIENTED_EDGE ( 'NONE', *, *, #2848, .T. ) ;
#3008 = ORIENTED_EDGE ( 'NONE', *, *, #3407, .F. ) ;
#3009 = LINE ( 'NONE', #1387, #149 ) ;
#3010 = ORIENTED_EDGE ( 'NONE', *, *, #486, .F. ) ;
#3011 = LINE ( 'NONE', #1452, #4130 ) ;
#3012 = FACE_OUTER_BOUND ( 'NONE', #173, .T. ) ;
#3013 = CARTESIAN_POINT ( 'NONE',  ( 0.9300000000000000488, 1.114998880451715912, 0.6592893218813449252 ) ) ;
#3014 = EDGE_CURVE ( 'NONE', #1444, #2604, #579, .T. ) ;
#3015 = CARTESIAN_POINT ( 'NONE',  ( -0.3499999999999999223, 0.2999999999999999334, 0.7299999999999999822 ) ) ;
#3016 = CARTESIAN_POINT ( 'NONE',  ( -0.8592893218813457690, 0.000000000000000000, -0.7300000000000000933 ) ) ;
#3017 = FACE_OUTER_BOUND ( 'NONE', #1140, .T. ) ;
#3018 = DIRECTION ( 'NONE',  ( -1.000000000000000000, 0.000000000000000000, 8.091060988697793180E-17 ) ) ;
#3019 = VERTEX_POINT ( 'NONE', #801 ) ;
#3020 = VECTOR ( 'NONE', #2318, 1000.000000000000000 ) ;
#3021 = ORIENTED_EDGE ( 'NONE', *, *, #688, .F. ) ;
#3022 = ORIENTED_EDGE ( 'NONE', *, *, #864, .T. ) ;
#3023 = VECTOR ( 'NONE', #3179, 1000.000000000000000 ) ;
#3024 = CARTESIAN_POINT ( 'NONE',  ( -0.9300000000000000488, 0.000000000000000000, -0.2500000000000000000 ) ) ;
#3025 = DIRECTION ( 'NONE',  ( 1.000000000000000000, -0.000000000000000000, 0.000000000000000000 ) ) ;
#3026 = ORIENTED_EDGE ( 'NONE', *, *, #2755, .T. ) ;
#3027 = ORIENTED_EDGE ( 'NONE', *, *, #875, .F. ) ;
#3028 = EDGE_CURVE ( 'NONE', #1673, #130, #459, .T. ) ;
#3029 = DIRECTION ( 'NONE',  ( 0.000000000000000000, 0.000000000000000000, 1.000000000000000000 ) ) ;
#3030 = CARTESIAN_POINT ( 'NONE',  ( 0.9300000000000000488, 0.2999999999999999334, -0.2500000000000000000 ) ) ;
#3031 = VECTOR ( 'NONE', #1312, 1000.000000000000000 ) ;
#3032 = EDGE_CURVE ( 'NONE', #1383, #257, #1688, .T. ) ;
#3033 = CARTESIAN_POINT ( 'NONE',  ( -0.1697213595499957040, 0.5999999999999999778, 0.7599999999999998979 ) ) ;
#3034 = VERTEX_POINT ( 'NONE', #49 ) ;
#3035 = CIRCLE ( 'NONE', #3893, 0.2900000000000000910 ) ;
#3036 = DIRECTION ( 'NONE',  ( 1.000000000000000000, 0.000000000000000000, 2.128853140844177604E-16 ) ) ;
#3037 = DIRECTION ( 'NONE',  ( -1.000000000000000000, 0.000000000000000000, 0.000000000000000000 ) ) ;
#3038 = CARTESIAN_POINT ( 'NONE',  ( -0.1250000000000000000, 0.5999999999999999778, 0.7399999999999999911 ) ) ;
#3039 = FACE_OUTER_BOUND ( 'NONE', #2133, .T. ) ;
#3040 =( LENGTH_UNIT ( ) NAMED_UNIT ( * ) SI_UNIT ( .MILLI., .METRE. ) );
#3041 = AXIS2_PLACEMENT_3D ( 'NONE', #385, #3626, #1733 ) ;
#3042 = DIRECTION ( 'NONE',  ( -0.000000000000000000, 1.000000000000000000, 0.000000000000000000 ) ) ;
#3043 = PLANE ( 'NONE',  #3538 ) ;
#3044 = VERTEX_POINT ( 'NONE', #2605 ) ;
#3045 = ORIENTED_EDGE ( 'NONE', *, *, #1375, .T. ) ;
#3046 = CARTESIAN_POINT ( 'NONE',  ( -0.3499999999999999223, 0.000000000000000000, -0.7299999999999999822 ) ) ;
#3047 = ORIENTED_EDGE ( 'NONE', *, *, #1656, .F. ) ;
#3048 = EDGE_LOOP ( 'NONE', ( #1289, #284, #1356, #3047, #1443, #3187, #1277, #6 ) ) ;
#3049 = PLANE ( 'NONE',  #770 ) ;
#3050 = ADVANCED_FACE ( 'NONE', ( #3081 ), #212, .F. ) ;
#3051 =( NAMED_UNIT ( * ) SI_UNIT ( $, .STERADIAN. ) SOLID_ANGLE_UNIT ( ) );
#3052 = DIRECTION ( 'NONE',  ( 0.000000000000000000, 1.000000000000000000, -0.000000000000000000 ) ) ;
#3053 = FACE_OUTER_BOUND ( 'NONE', #2991, .T. ) ;
#3054 = VECTOR ( 'NONE', #4152, 1000.000000000000000 ) ;
#3055 = VECTOR ( 'NONE', #4101, 1000.000000000000000 ) ;
#3056 = CARTESIAN_POINT ( 'NONE',  ( -0.9300000000000000488, 0.2999999999999999889, -0.6592893218813449252 ) ) ;
#3057 = DIRECTION ( 'NONE',  ( 0.000000000000000000, 0.000000000000000000, 1.000000000000000000 ) ) ;
#3058 = CARTESIAN_POINT ( 'NONE',  ( 0.9600000000000001865, 0.5999999999999998668, -0.4699999999999999178 ) ) ;
#3059 = FACE_OUTER_BOUND ( 'NONE', #903, .T. ) ;
#3060 = CIRCLE ( 'NONE', #3588, 0.1000000000000001582 ) ;
#3061 = VECTOR ( 'NONE', #3197, 1000.000000000000000 ) ;
#3062 = CARTESIAN_POINT ( 'NONE',  ( -0.1849999999999999423, 0.000000000000000000, -0.7999999999999999334 ) ) ;
#3063 = FACE_OUTER_BOUND ( 'NONE', #2613, .T. ) ;
#3064 = ORIENTED_EDGE ( 'NONE', *, *, #3221, .T. ) ;
#3065 = AXIS2_PLACEMENT_3D ( 'NONE', #834, #1174, #1126 ) ;
#3066 = ORIENTED_EDGE ( 'NONE', *, *, #2721, .F. ) ;
#3067 = ORIENTED_EDGE ( 'NONE', *, *, #2099, .T. ) ;
#3068 = DIRECTION ( 'NONE',  ( 0.000000000000000000, 0.000000000000000000, -1.000000000000000000 ) ) ;
#3069 = ORIENTED_EDGE ( 'NONE', *, *, #1580, .T. ) ;
#3070 = VERTEX_POINT ( 'NONE', #2472 ) ;
#3071 = DIRECTION ( 'NONE',  ( 2.258754526011467735E-16, -0.000000000000000000, -1.000000000000000000 ) ) ;
#3072 = EDGE_CURVE ( 'NONE', #1088, #2863, #706, .T. ) ;
#3073 = CARTESIAN_POINT ( 'NONE',  ( -0.1250000000000000000, 0.000000000000000000, -0.7399999999999999911 ) ) ;
#3074 = DIRECTION ( 'NONE',  ( 0.7071067811865457964, 0.000000000000000000, -0.7071067811865492381 ) ) ;
#3075 = DIRECTION ( 'NONE',  ( 0.000000000000000000, 0.000000000000000000, -1.000000000000000000 ) ) ;
#3076 = VECTOR ( 'NONE', #596, 1000.000000000000000 ) ;
#3077 = CARTESIAN_POINT ( 'NONE',  ( 0.6700000000000000400, 0.7025000000000000133, -0.4699999999999999178 ) ) ;
#3078 = DIRECTION ( 'NONE',  ( 0.000000000000000000, 0.000000000000000000, 1.000000000000000000 ) ) ;
#3079 = CARTESIAN_POINT ( 'NONE',  ( -0.6700000000000003730, 0.6699999999999999289, 0.4699999999999999178 ) ) ;
#3080 = EDGE_CURVE ( 'NONE', #1535, #3890, #1808, .T. ) ;
#3081 = FACE_OUTER_BOUND ( 'NONE', #2965, .T. ) ;
#3082 = CARTESIAN_POINT ( 'NONE',  ( -0.3500000000000000333, 0.000000000000000000, -0.2500000000000000000 ) ) ;
#3083 = FACE_OUTER_BOUND ( 'NONE', #794, .T. ) ;
#3084 = ORIENTED_EDGE ( 'NONE', *, *, #3232, .T. ) ;
#3085 = ORIENTED_EDGE ( 'NONE', *, *, #663, .F. ) ;
#3086 = CARTESIAN_POINT ( 'NONE',  ( -0.9200000000000003730, 0.7025000000000000133, -0.4699999999999999734 ) ) ;
#3087 = DIRECTION ( 'NONE',  ( -1.000000000000000000, -0.000000000000000000, -0.000000000000000000 ) ) ;
#3088 = AXIS2_PLACEMENT_3D ( 'NONE', #3288, #3312, #3676 ) ;
#3089 = SURFACE_SIDE_STYLE ('',( #1836 ) ) ;
#3090 = EDGE_LOOP ( 'NONE', ( #2539, #2231, #3158, #264 ) ) ;
#3091 = ORIENTED_EDGE ( 'NONE', *, *, #3762, .F. ) ;
#3092 = CARTESIAN_POINT ( 'NONE',  ( -0.6700000000000003730, 3.936493098641637545, 0.4699999999999999178 ) ) ;
#3093 = EDGE_CURVE ( 'NONE', #1499, #3981, #3270, .T. ) ;
#3094 = VECTOR ( 'NONE', #3780, 1000.000000000000114 ) ;
#3095 = DIRECTION ( 'NONE',  ( 0.7071067811865457964, -0.000000000000000000, 0.7071067811865492381 ) ) ;
#3096 = DIRECTION ( 'NONE',  ( 0.000000000000000000, 0.000000000000000000, -1.000000000000000000 ) ) ;
#3097 = EDGE_CURVE ( 'NONE', #200, #3500, #1447, .T. ) ;
#3098 = DIRECTION ( 'NONE',  ( 0.000000000000000000, 0.000000000000000000, 1.000000000000000000 ) ) ;
#3099 = VECTOR ( 'NONE', #2847, 1000.000000000000000 ) ;
#3100 = CIRCLE ( 'NONE', #1286, 0.1000000000000001582 ) ;
#3101 = EDGE_CURVE ( 'NONE', #10, #4134, #2105, .T. ) ;
#3102 = DIRECTION ( 'NONE',  ( 0.000000000000000000, 0.000000000000000000, -1.000000000000000000 ) ) ;
#3103 = ADVANCED_FACE ( 'NONE', ( #4070 ), #3374, .T. ) ;
#3104 = AXIS2_PLACEMENT_3D ( 'NONE', #167, #1438, #3998 ) ;
#3105 = DIRECTION ( 'NONE',  ( -0.000000000000000000, 1.000000000000000000, -0.000000000000000000 ) ) ;
#3106 = DIRECTION ( 'NONE',  ( 0.000000000000000000, -1.000000000000000000, 0.000000000000000000 ) ) ;
#3107 = DIRECTION ( 'NONE',  ( -0.000000000000000000, -1.000000000000000000, -0.000000000000000000 ) ) ;
#3108 = EDGE_CURVE ( 'NONE', #444, #624, #2166, .T. ) ;
#3109 = LINE ( 'NONE', #860, #2079 ) ;
#3110 = CYLINDRICAL_SURFACE ( 'NONE', #3954, 0.08125000000000059952 ) ;
#3111 = VERTEX_POINT ( 'NONE', #2145 ) ;
#3112 = AXIS2_PLACEMENT_3D ( 'NONE', #2286, #4156, #1598 ) ;
#3113 = COLOUR_RGB ( '',0.9686274509803921573, 0.8784313725490195957, 0.5999999999999999778 ) ;
#3114 = VERTEX_POINT ( 'NONE', #887 ) ;
#3115 = CIRCLE ( 'NONE', #564, 0.1000000000000000472 ) ;
#3116 = CARTESIAN_POINT ( 'NONE',  ( -0.6700000000000004841, 0.7900000000000000355, 0.4699999999999999178 ) ) ;
#3117 = SURFACE_STYLE_USAGE ( .BOTH. , #3089 ) ;
#3118 = ORIENTED_EDGE ( 'NONE', *, *, #2639, .F. ) ;
#3119 = ORIENTED_EDGE ( 'NONE', *, *, #2440, .T. ) ;
#3120 = CARTESIAN_POINT ( 'NONE',  ( 0.6700000000000000400, 0.5999999999999998668, 0.4699999999999999178 ) ) ;
#3121 = CARTESIAN_POINT ( 'NONE',  ( -0.9600000000000004086, 0.5999999999999998668, -0.4699999999999999178 ) ) ;
#3122 = DIRECTION ( 'NONE',  ( 1.807003620809175766E-15, 0.000000000000000000, -1.000000000000000000 ) ) ;
#3123 = CYLINDRICAL_SURFACE ( 'NONE', #3137, 0.05000000000000002359 ) ;
#3124 = DIRECTION ( 'NONE',  ( -0.7071067811865483499, -0.000000000000000000, -0.7071067811865466846 ) ) ;
#3125 = CYLINDRICAL_SURFACE ( 'NONE', #3329, 0.1000000000000001582 ) ;
#3126 = ORIENTED_EDGE ( 'NONE', *, *, #107, .F. ) ;
#3127 = AXIS2_PLACEMENT_3D ( 'NONE', #3279, #3558, #2683 ) ;
#3128 = DIRECTION ( 'NONE',  ( 0.000000000000000000, -0.000000000000000000, -1.000000000000000000 ) ) ;
#3129 = VECTOR ( 'NONE', #4069, 1000.000000000000000 ) ;
#3130 = CIRCLE ( 'NONE', #2592, 0.05999999999999994227 ) ;
#3131 = ORIENTED_EDGE ( 'NONE', *, *, #2532, .F. ) ;
#3132 = VERTEX_POINT ( 'NONE', #1783 ) ;
#3133 = CARTESIAN_POINT ( 'NONE',  ( -0.5499999999999999334, 0.2999999999999999334, 0.2500000000000000000 ) ) ;
#3134 = AXIS2_PLACEMENT_3D ( 'NONE', #503, #844, #197 ) ;
#3135 = VERTEX_POINT ( 'NONE', #3062 ) ;
#3136 = ORIENTED_EDGE ( 'NONE', *, *, #1741, .F. ) ;
#3137 = AXIS2_PLACEMENT_3D ( 'NONE', #245, #2694, #3970 ) ;
#3138 = CARTESIAN_POINT ( 'NONE',  ( 0.1305536461528557790, 0.6166146087398435283, -0.7399999999999999911 ) ) ;
#3139 = CARTESIAN_POINT ( 'NONE',  ( -0.3499999999999999223, 0.000000000000000000, -0.7299999999999999822 ) ) ;
#3140 = CARTESIAN_POINT ( 'NONE',  ( 0.9300000000000000488, 0.000000000000000000, 0.2500000000000000000 ) ) ;
#3141 = ADVANCED_FACE ( 'NONE', ( #1158 ), #3110, .F. ) ;
#3142 = FACE_OUTER_BOUND ( 'NONE', #3863, .T. ) ;
#3143 = FACE_OUTER_BOUND ( 'NONE', #2478, .T. ) ;
#3144 = DIRECTION ( 'NONE',  ( -0.7071067811865483499, -0.000000000000000000, -0.7071067811865466846 ) ) ;
#3145 =( GEOMETRIC_REPRESENTATION_CONTEXT ( 3 ) GLOBAL_UNCERTAINTY_ASSIGNED_CONTEXT ( ( #3248 ) ) GLOBAL_UNIT_ASSIGNED_CONTEXT ( ( #3040, #496, #169 ) ) REPRESENTATION_CONTEXT ( 'NONE', 'WORKASPACE' ) );
#3146 = ORIENTED_EDGE ( 'NONE', *, *, #2793, .T. ) ;
#3147 = LINE ( 'NONE', #275, #527 ) ;
#3148 = ADVANCED_FACE ( 'NONE', ( #192 ), #1830, .F. ) ;
#3149 = CARTESIAN_POINT ( 'NONE',  ( -1.000000000000000000, 0.5949999999999999734, 0.6999999999999999556 ) ) ;
#3150 = EDGE_CURVE ( 'NONE', #3339, #1088, #2127, .T. ) ;
#3151 = CARTESIAN_POINT ( 'NONE',  ( -0.9300000000000000488, 0.000000000000000000, 0.2500000000000000000 ) ) ;
#3152 = ORIENTED_EDGE ( 'NONE', *, *, #3850, .F. ) ;
#3153 = ORIENTED_EDGE ( 'NONE', *, *, #1035, .T. ) ;
#3154 = LINE ( 'NONE', #3860, #2893 ) ;
#3155 = CARTESIAN_POINT ( 'NONE',  ( -0.5500000000000000444, 0.000000000000000000, 0.2500000000000000000 ) ) ;
#3156 = VERTEX_POINT ( 'NONE', #3395 ) ;
#3157 = EDGE_CURVE ( 'NONE', #795, #2604, #2559, .T. ) ;
#3158 = ORIENTED_EDGE ( 'NONE', *, *, #3341, .T. ) ;
#3159 = EDGE_CURVE ( 'NONE', #3916, #4134, #2207, .T. ) ;
#3160 = DIRECTION ( 'NONE',  ( 0.000000000000000000, 0.000000000000000000, 1.000000000000000000 ) ) ;
#3161 = DIRECTION ( 'NONE',  ( -0.000000000000000000, 0.000000000000000000, 1.000000000000000000 ) ) ;
#3162 = EDGE_CURVE ( 'NONE', #2303, #3034, #598, .T. ) ;
#3163 = ADVANCED_FACE ( 'NONE', ( #1620 ), #318, .F. ) ;
#3164 = LINE ( 'NONE', #290, #377 ) ;
#3165 = CARTESIAN_POINT ( 'NONE',  ( 0.9741180954897480371, 1.114998880451715912, 0.7034074173710930244 ) ) ;
#3166 = VECTOR ( 'NONE', #3207, 1000.000000000000000 ) ;
#3167 = CARTESIAN_POINT ( 'NONE',  ( 0.9200000000000000400, 0.7025000000000000133, 0.4699999999999999178 ) ) ;
#3168 = DIRECTION ( 'NONE',  ( 0.000000000000000000, 1.000000000000000000, 0.000000000000000000 ) ) ;
#3169 = CARTESIAN_POINT ( 'NONE',  ( -0.6700000000000003730, 0.5999999999999999778, -0.7399999999999999911 ) ) ;
#3170 = CARTESIAN_POINT ( 'NONE',  ( 0.3500000000000000333, 0.2999999999999999889, -0.2500000000000000000 ) ) ;
#3171 = DIRECTION ( 'NONE',  ( -0.7071067811865466846, 0.000000000000000000, -0.7071067811865483499 ) ) ;
#3172 = EDGE_LOOP ( 'NONE', ( #601, #2312, #888, #390 ) ) ;
#3173 = VERTEX_POINT ( 'NONE', #3170 ) ;
#3174 = AXIS2_PLACEMENT_3D ( 'NONE', #373, #700, #2342 ) ;
#3175 = PLANE ( 'NONE',  #833 ) ;
#3176 = ORIENTED_EDGE ( 'NONE', *, *, #1185, .F. ) ;
#3177 = VERTEX_POINT ( 'NONE', #3436 ) ;
#3178 = CARTESIAN_POINT ( 'NONE',  ( -0.8592893218813457690, 0.000000000000000000, -0.7300000000000000933 ) ) ;
#3179 = DIRECTION ( 'NONE',  ( 0.000000000000000000, -0.000000000000000000, -1.000000000000000000 ) ) ;
#3180 = EDGE_CURVE ( 'NONE', #3857, #3044, #256, .T. ) ;
#3181 = DIRECTION ( 'NONE',  ( 0.000000000000000000, -0.000000000000000000, -1.000000000000000000 ) ) ;
#3182 = DIRECTION ( 'NONE',  ( 0.000000000000000000, 1.000000000000000000, 0.000000000000000000 ) ) ;
#3183 = VERTEX_POINT ( 'NONE', #1873 ) ;
#3184 = FACE_OUTER_BOUND ( 'NONE', #1962, .T. ) ;
#3185 = FACE_OUTER_BOUND ( 'NONE', #1788, .T. ) ;
#3186 = DIRECTION ( 'NONE',  ( -0.000000000000000000, -1.000000000000000000, -0.000000000000000000 ) ) ;
#3187 = ORIENTED_EDGE ( 'NONE', *, *, #1684, .F. ) ;
#3188 = ORIENTED_EDGE ( 'NONE', *, *, #1185, .T. ) ;
#3189 = AXIS2_PLACEMENT_3D ( 'NONE', #1007, #2348, #1366 ) ;
#3190 = VECTOR ( 'NONE', #387, 1000.000000000000000 ) ;
#3191 = CARTESIAN_POINT ( 'NONE',  ( -0.9741180954897480371, 0.2999999999999999334, -0.7034074173710930244 ) ) ;
#3192 = VERTEX_POINT ( 'NONE', #3151 ) ;
#3193 = EDGE_CURVE ( 'NONE', #3580, #3183, #642, .T. ) ;
#3194 = ORIENTED_EDGE ( 'NONE', *, *, #434, .T. ) ;
#3195 = ORIENTED_EDGE ( 'NONE', *, *, #427, .T. ) ;
#3196 = DIRECTION ( 'NONE',  ( 1.000000000000000000, 0.000000000000000000, 0.000000000000000000 ) ) ;
#3197 = DIRECTION ( 'NONE',  ( 1.000000000000000000, -0.000000000000000000, -0.000000000000000000 ) ) ;
#3198 = LINE ( 'NONE', #994, #1960 ) ;
#3199 = VERTEX_POINT ( 'NONE', #921 ) ;
#3200 = VECTOR ( 'NONE', #2839, 1000.000000000000114 ) ;
#3201 = CARTESIAN_POINT ( 'NONE',  ( 0.1482811845085174884, 0.6118129182070152217, 0.7444421359959090267 ) ) ;
#3202 = CARTESIAN_POINT ( 'NONE',  ( -0.6700000000000004841, 0.7900000000000000355, 0.4699999999999999178 ) ) ;
#3203 = CARTESIAN_POINT ( 'NONE',  ( -0.3499999999999999223, 0.2999999999999999889, 0.7299999999999999822 ) ) ;
#3204 = VERTEX_POINT ( 'NONE', #3470 ) ;
#3205 = CARTESIAN_POINT ( 'NONE',  ( 0.3499999999999999223, 0.000000000000000000, -0.7299999999999999822 ) ) ;
#3206 = DIRECTION ( 'NONE',  ( 1.000000000000000000, 0.000000000000000000, 0.000000000000000000 ) ) ;
#3207 = DIRECTION ( 'NONE',  ( -2.258754526011467735E-16, 0.000000000000000000, -1.000000000000000000 ) ) ;
#3208 = DIRECTION ( 'NONE',  ( 0.000000000000000000, -0.000000000000000000, 1.000000000000000000 ) ) ;
#3209 = FACE_OUTER_BOUND ( 'NONE', #985, .T. ) ;
#3210 = ORIENTED_EDGE ( 'NONE', *, *, #4090, .F. ) ;
#3211 = EDGE_CURVE ( 'NONE', #62, #3419, #1572, .T. ) ;
#3212 = ORIENTED_EDGE ( 'NONE', *, *, #2654, .F. ) ;
#3213 = VECTOR ( 'NONE', #394, 1000.000000000000000 ) ;
#3214 = FILL_AREA_STYLE ('',( #2854 ) ) ;
#3215 = ORIENTED_EDGE ( 'NONE', *, *, #254, .F. ) ;
#3216 = ORIENTED_EDGE ( 'NONE', *, *, #583, .F. ) ;
#3217 = FACE_OUTER_BOUND ( 'NONE', #3473, .T. ) ;
#3218 = ADVANCED_FACE ( 'NONE', ( #1850 ), #2552, .F. ) ;
#3219 = CARTESIAN_POINT ( 'NONE',  ( 0.1849999999999999423, 0.5999999999999999778, -0.7999999999999999334 ) ) ;
#3220 = ORIENTED_EDGE ( 'NONE', *, *, #2510, .F. ) ;
#3221 = EDGE_CURVE ( 'NONE', #40, #2624, #565, .T. ) ;
#3222 = ADVANCED_FACE ( 'NONE', ( #901 ), #2577, .T. ) ;
#3223 = LINE ( 'NONE', #1013, #3190 ) ;
#3224 = LINE ( 'NONE', #2952, #670 ) ;
#3225 = AXIS2_PLACEMENT_3D ( 'NONE', #1210, #591, #3721 ) ;
#3226 = ORIENTED_EDGE ( 'NONE', *, *, #1543, .F. ) ;
#3227 = LINE ( 'NONE', #3549, #1657 ) ;
#3228 = EDGE_CURVE ( 'NONE', #1978, #2537, #297, .T. ) ;
#3229 = CIRCLE ( 'NONE', #347, 0.2499999999999999445 ) ;
#3230 = CARTESIAN_POINT ( 'NONE',  ( 0.9200000000000000400, 0.7025000000000000133, -0.4699999999999999178 ) ) ;
#3231 = CARTESIAN_POINT ( 'NONE',  ( -0.9300000000000000488, 0.2999999999999999889, 0.6592893218813449252 ) ) ;
#3232 = EDGE_CURVE ( 'NONE', #3955, #4050, #3490, .T. ) ;
#3233 = ORIENTED_EDGE ( 'NONE', *, *, #427, .F. ) ;
#3234 = ORIENTED_EDGE ( 'NONE', *, *, #3108, .T. ) ;
#3235 = AXIS2_PLACEMENT_3D ( 'NONE', #1747, #2391, #2491 ) ;
#3236 = TOROIDAL_SURFACE ( 'NONE', #1219, 0.3312500000000007105, 0.08125000000000057176 ) ;
#3237 = ADVANCED_FACE ( 'NONE', ( #4154 ), #1914, .F. ) ;
#3238 = CARTESIAN_POINT ( 'NONE',  ( 0.3500000000000000333, 0.2999999999999999889, 0.2500000000000000000 ) ) ;
#3239 = DIRECTION ( 'NONE',  ( 0.000000000000000000, 0.000000000000000000, 1.000000000000000000 ) ) ;
#3240 = ORIENTED_EDGE ( 'NONE', *, *, #875, .T. ) ;
#3241 = ORIENTED_EDGE ( 'NONE', *, *, #1357, .F. ) ;
#3242 = ORIENTED_EDGE ( 'NONE', *, *, #1103, .T. ) ;
#3243 = AXIS2_PLACEMENT_3D ( 'NONE', #856, #533, #1414 ) ;
#3244 = CARTESIAN_POINT ( 'NONE',  ( -0.9300000000000000488, 0.2999999999999999889, 0.2500000000000000000 ) ) ;
#3245 = CARTESIAN_POINT ( 'NONE',  ( 0.6700000000000000400, 0.7025000000000000133, -0.7199999999999999734 ) ) ;
#3246 = VERTEX_POINT ( 'NONE', #2228 ) ;
#3247 = VECTOR ( 'NONE', #1164, 1000.000000000000000 ) ;
#3248 = UNCERTAINTY_MEASURE_WITH_UNIT (LENGTH_MEASURE( 1.000000000000000082E-05 ), #3040, 'distance_accuracy_value', 'NONE');
#3249 = FACE_OUTER_BOUND ( 'NONE', #1609, .T. ) ;
#3250 = DIRECTION ( 'NONE',  ( 0.000000000000000000, 1.000000000000000000, -0.000000000000000000 ) ) ;
#3251 = CARTESIAN_POINT ( 'NONE',  ( 0.8592893218813457690, 0.000000000000000000, -0.7300000000000000933 ) ) ;
#3252 = ORIENTED_EDGE ( 'NONE', *, *, #1346, .F. ) ;
#3253 = EDGE_CURVE ( 'NONE', #3525, #3453, #3429, .T. ) ;
#3254 = CARTESIAN_POINT ( 'NONE',  ( -0.9300000000000000488, 0.2999999999999999889, 0.2500000000000000000 ) ) ;
#3255 = DIRECTION ( 'NONE',  ( -1.000000000000000000, 0.000000000000000000, 0.000000000000000000 ) ) ;
#3256 = CARTESIAN_POINT ( 'NONE',  ( -0.9741180954897480371, 0.000000000000000000, 0.7034074173710930244 ) ) ;
#3257 = ORIENTED_EDGE ( 'NONE', *, *, #2811, .T. ) ;
#3258 = EDGE_CURVE ( 'NONE', #4109, #2069, #336, .T. ) ;
#3259 = FACE_OUTER_BOUND ( 'NONE', #2857, .T. ) ;
#3260 =( LENGTH_UNIT ( ) NAMED_UNIT ( * ) SI_UNIT ( .MILLI., .METRE. ) );
#3261 = ORIENTED_EDGE ( 'NONE', *, *, #3258, .T. ) ;
#3262 = CARTESIAN_POINT ( 'NONE',  ( 0.9300000000000000488, 0.2999999999999999889, 0.6592893218813449252 ) ) ;
#3263 = ORIENTED_EDGE ( 'NONE', *, *, #3291, .F. ) ;
#3264 = AXIS2_PLACEMENT_3D ( 'NONE', #84, #1358, #3611 ) ;
#3265 = VECTOR ( 'NONE', #3311, 1000.000000000000000 ) ;
#3266 = DIRECTION ( 'NONE',  ( -0.000000000000000000, -1.000000000000000000, -0.000000000000000000 ) ) ;
#3267 = FACE_OUTER_BOUND ( 'NONE', #1902, .T. ) ;
#3268 = ORIENTED_EDGE ( 'NONE', *, *, #525, .T. ) ;
#3269 = AXIS2_PLACEMENT_3D ( 'NONE', #3345, #1718, #3029 ) ;
#3270 = CIRCLE ( 'NONE', #2791, 0.2500000000000000000 ) ;
#3271 = AXIS2_PLACEMENT_3D ( 'NONE', #273, #656, #1569 ) ;
#3272 = CARTESIAN_POINT ( 'NONE',  ( -0.8592893218813457690, 0.000000000000000000, -0.7300000000000000933 ) ) ;
#3273 = ORIENTED_EDGE ( 'NONE', *, *, #920, .F. ) ;
#3274 = CARTESIAN_POINT ( 'NONE',  ( -1.000000000000000000, 0.2999999999999999889, 0.7999999999999999334 ) ) ;
#3275 = DIRECTION ( 'NONE',  ( 0.000000000000000000, 0.000000000000000000, 1.000000000000000000 ) ) ;
#3276 = EDGE_CURVE ( 'NONE', #2731, #1404, #277, .T. ) ;
#3277 = EDGE_CURVE ( 'NONE', #3941, #795, #2257, .T. ) ;
#3278 = CARTESIAN_POINT ( 'NONE',  ( -0.6700000000000003730, 0.7025000000000000133, 0.7199999999999999734 ) ) ;
#3279 = CARTESIAN_POINT ( 'NONE',  ( -0.6700000000000003730, 0.7025000000000000133, -0.4699999999999999178 ) ) ;
#3280 = STYLED_ITEM ( 'NONE', ( #4123 ), #164 ) ;
#3281 = VERTEX_POINT ( 'NONE', #1899 ) ;
#3282 = ORIENTED_EDGE ( 'NONE', *, *, #2261, .T. ) ;
#3283 = EDGE_CURVE ( 'NONE', #1854, #2731, #3839, .T. ) ;
#3284 = LINE ( 'NONE', #401, #2634 ) ;
#3285 = ORIENTED_EDGE ( 'NONE', *, *, #1565, .F. ) ;
#3286 = EDGE_CURVE ( 'NONE', #2462, #2169, #3154, .T. ) ;
#3287 = CARTESIAN_POINT ( 'NONE',  ( -0.5500000000000000444, 1.114998880451715912, 0.2500000000000000000 ) ) ;
#3288 = CARTESIAN_POINT ( 'NONE',  ( -0.6700000000000003730, 0.6700000000000001510, 0.4699999999999999178 ) ) ;
#3289 = DIRECTION ( 'NONE',  ( 1.000000000000000000, 0.000000000000000000, -0.000000000000000000 ) ) ;
#3290 = ORIENTED_EDGE ( 'NONE', *, *, #1881, .F. ) ;
#3291 = EDGE_CURVE ( 'NONE', #82, #1094, #3814, .T. ) ;
#3292 = VECTOR ( 'NONE', #2502, 1000.000000000000000 ) ;
#3293 = CARTESIAN_POINT ( 'NONE',  ( -0.1250000000000000000, 0.8000000000000008216, 0.7399999999999999911 ) ) ;
#3294 = DIRECTION ( 'NONE',  ( 0.000000000000000000, 0.000000000000000000, -1.000000000000000000 ) ) ;
#3295 = VECTOR ( 'NONE', #4143, 1000.000000000000114 ) ;
#3296 = CARTESIAN_POINT ( 'NONE',  ( -0.6700000000000003730, 0.8000000000000000444, -0.4699999999999999178 ) ) ;
#3297 = CARTESIAN_POINT ( 'NONE',  ( -0.9034074173710933131, 1.114998880451715912, -0.7741180954897475264 ) ) ;
#3298 = SURFACE_SIDE_STYLE ('',( #3321 ) ) ;
#3299 = VERTEX_POINT ( 'NONE', #2920 ) ;
#3300 = CARTESIAN_POINT ( 'NONE',  ( 0.9741180954897480371, 0.2999999999999999889, -0.7034074173710930244 ) ) ;
#3301 = VECTOR ( 'NONE', #106, 1000.000000000000000 ) ;
#3302 = ORIENTED_EDGE ( 'NONE', *, *, #689, .T. ) ;
#3303 = ORIENTED_EDGE ( 'NONE', *, *, #306, .T. ) ;
#3304 = CIRCLE ( 'NONE', #3491, 0.05000000000000002359 ) ;
#3305 = CARTESIAN_POINT ( 'NONE',  ( 0.3499999999999999223, 0.000000000000000000, 0.7299999999999999822 ) ) ;
#3306 = DIRECTION ( 'NONE',  ( 0.000000000000000000, -1.000000000000000000, 0.000000000000000000 ) ) ;
#3307 = ORIENTED_EDGE ( 'NONE', *, *, #1656, .T. ) ;
#3308 = ORIENTED_EDGE ( 'NONE', *, *, #3028, .F. ) ;
#3309 = ADVANCED_FACE ( 'NONE', ( #2606 ), #2511, .F. ) ;
#3310 = VECTOR ( 'NONE', #1182, 1000.000000000000000 ) ;
#3311 = DIRECTION ( 'NONE',  ( 0.000000000000000000, -1.000000000000000000, 0.000000000000000000 ) ) ;
#3312 = DIRECTION ( 'NONE',  ( -0.000000000000000000, -1.000000000000000000, 0.000000000000000000 ) ) ;
#3313 = CIRCLE ( 'NONE', #2560, 0.08125000000000059952 ) ;
#3314 = MECHANICAL_DESIGN_GEOMETRIC_PRESENTATION_REPRESENTATION (  '', ( #2570 ), #3496 ) ;
#3315 = FACE_OUTER_BOUND ( 'NONE', #872, .T. ) ;
#3316 = ADVANCED_FACE ( 'NONE', ( #1556 ), #2831, .T. ) ;
#3317 = DIRECTION ( 'NONE',  ( 0.000000000000000000, 0.000000000000000000, 1.000000000000000000 ) ) ;
#3318 = CARTESIAN_POINT ( 'NONE',  ( -0.9300000000000000488, 0.2999999999999999889, -0.2500000000000000000 ) ) ;
#3319 = DIRECTION ( 'NONE',  ( 0.000000000000000000, 0.000000000000000000, -1.000000000000000000 ) ) ;
#3320 = CARTESIAN_POINT ( 'NONE',  ( -0.3500000000000000333, 0.2999999999999999334, 0.4500000000000000111 ) ) ;
#3321 = SURFACE_STYLE_FILL_AREA ( #3497 ) ;
#3322 = ORIENTED_EDGE ( 'NONE', *, *, #107, .T. ) ;
#3323 = DIRECTION ( 'NONE',  ( -2.258754526011467735E-16, 0.000000000000000000, 1.000000000000000000 ) ) ;
#3324 = ORIENTED_EDGE ( 'NONE', *, *, #2241, .T. ) ;
#3325 = VERTEX_POINT ( 'NONE', #722 ) ;
#3326 = DIRECTION ( 'NONE',  ( -0.000000000000000000, -0.000000000000000000, 1.000000000000000000 ) ) ;
#3327 = DIRECTION ( 'NONE',  ( -1.000000000000000000, -0.000000000000000000, -2.128853140844177604E-16 ) ) ;
#3328 = ORIENTED_EDGE ( 'NONE', *, *, #566, .F. ) ;
#3329 = AXIS2_PLACEMENT_3D ( 'NONE', #593, #272, #3466 ) ;
#3330 = VECTOR ( 'NONE', #223, 1000.000000000000000 ) ;
#3331 = CARTESIAN_POINT ( 'NONE',  ( -0.3499999999999999778, 0.000000000000000000, 0.4500000000000000111 ) ) ;
#3332 = PLANE ( 'NONE',  #4135 ) ;
#3333 = ORIENTED_EDGE ( 'NONE', *, *, #2346, .F. ) ;
#3334 = PLANE ( 'NONE',  #412 ) ;
#3335 = VECTOR ( 'NONE', #2953, 1000.000000000000114 ) ;
#3336 = EDGE_CURVE ( 'NONE', #2240, #3941, #2691, .T. ) ;
#3337 = FACE_BOUND ( 'NONE', #1385, .T. ) ;
#3338 = VERTEX_POINT ( 'NONE', #2308 ) ;
#3339 = VERTEX_POINT ( 'NONE', #1669 ) ;
#3340 = EDGE_CURVE ( 'NONE', #323, #1145, #1085, .T. ) ;
#3341 = EDGE_CURVE ( 'NONE', #3559, #2563, #704, .T. ) ;
#3342 = PLANE ( 'NONE',  #2159 ) ;
#3343 = ORIENTED_EDGE ( 'NONE', *, *, #78, .F. ) ;
#3344 = ORIENTED_EDGE ( 'NONE', *, *, #947, .T. ) ;
#3345 = CARTESIAN_POINT ( 'NONE',  ( -0.6700000000000004841, 0.8000000000000000444, 0.4699999999999999178 ) ) ;
#3346 = DIRECTION ( 'NONE',  ( 0.000000000000000000, 0.000000000000000000, -1.000000000000000000 ) ) ;
#3347 = AXIS2_PLACEMENT_3D ( 'NONE', #2130, #1811, #1224 ) ;
#3348 = SURFACE_STYLE_FILL_AREA ( #4058 ) ;
#3349 = CARTESIAN_POINT ( 'NONE',  ( 1.000000000000000000, 0.000000000000000000, 0.000000000000000000 ) ) ;
#3350 = ORIENTED_EDGE ( 'NONE', *, *, #3752, .T. ) ;
#3351 = EDGE_CURVE ( 'NONE', #1255, #2537, #1062, .T. ) ;
#3352 = DIRECTION ( 'NONE',  ( 0.000000000000000000, -1.000000000000000000, 0.000000000000000000 ) ) ;
#3353 = CARTESIAN_POINT ( 'NONE',  ( 0.8592893218813457690, 0.000000000000000000, 0.7300000000000000933 ) ) ;
#3354 = DIRECTION ( 'NONE',  ( 0.000000000000000000, 0.000000000000000000, -1.000000000000000000 ) ) ;
#3355 = DIRECTION ( 'NONE',  ( 0.000000000000000000, 0.000000000000000000, 1.000000000000000000 ) ) ;
#3356 = ORIENTED_EDGE ( 'NONE', *, *, #3211, .F. ) ;
#3357 = CIRCLE ( 'NONE', #2819, 0.1000000000000001582 ) ;
#3358 = ORIENTED_EDGE ( 'NONE', *, *, #1040, .T. ) ;
#3359 = ORIENTED_EDGE ( 'NONE', *, *, #1852, .F. ) ;
#3360 = EDGE_CURVE ( 'NONE', #3643, #235, #3729, .T. ) ;
#3361 = EDGE_CURVE ( 'NONE', #3156, #1094, #1138, .T. ) ;
#3362 = LINE ( 'NONE', #4004, #1501 ) ;
#3363 = DIRECTION ( 'NONE',  ( 1.000000000000000000, 0.000000000000000000, 0.000000000000000000 ) ) ;
#3364 = ORIENTED_EDGE ( 'NONE', *, *, #1133, .F. ) ;
#3365 = VERTEX_POINT ( 'NONE', #3082 ) ;
#3366 = DIRECTION ( 'NONE',  ( -1.000000000000000000, 0.000000000000000000, -0.000000000000000000 ) ) ;
#3367 = AXIS2_PLACEMENT_3D ( 'NONE', #949, #2243, #8 ) ;
#3368 = DIRECTION ( 'NONE',  ( -0.000000000000000000, 1.000000000000000000, -0.000000000000000000 ) ) ;
#3369 = CARTESIAN_POINT ( 'NONE',  ( 0.3500000000000000333, 1.114998880451715912, -0.2500000000000000000 ) ) ;
#3370 = VECTOR ( 'NONE', #2546, 1000.000000000000000 ) ;
#3371 = CYLINDRICAL_SURFACE ( 'NONE', #3495, 0.1000000000000000472 ) ;
#3372 = CARTESIAN_POINT ( 'NONE',  ( -1.000000000000000000, 0.000000000000000000, 0.7999999999999999334 ) ) ;
#3373 = CARTESIAN_POINT ( 'NONE',  ( -0.3500000000000000333, 0.2999999999999999889, -0.2500000000000000000 ) ) ;
#3374 = PLANE ( 'NONE',  #981 ) ;
#3375 = CARTESIAN_POINT ( 'NONE',  ( 0.8592893218813457690, 1.114998880451715912, -0.7300000000000000933 ) ) ;
#3376 = EDGE_CURVE ( 'NONE', #3070, #3514, #1851, .T. ) ;
#3377 = ORIENTED_EDGE ( 'NONE', *, *, #83, .T. ) ;
#3378 = ORIENTED_EDGE ( 'NONE', *, *, #3385, .T. ) ;
#3379 = ORIENTED_EDGE ( 'NONE', *, *, #698, .F. ) ;
#3380 = CARTESIAN_POINT ( 'NONE',  ( -0.1250000000000000000, 0.8000000000000008216, -0.7399999999999999911 ) ) ;
#3381 = ORIENTED_EDGE ( 'NONE', *, *, #2786, .F. ) ;
#3382 = ORIENTED_EDGE ( 'NONE', *, *, #2662, .T. ) ;
#3383 = DIRECTION ( 'NONE',  ( 0.000000000000000000, 0.000000000000000000, 1.000000000000000000 ) ) ;
#3384 = FACE_OUTER_BOUND ( 'NONE', #626, .T. ) ;
#3385 = EDGE_CURVE ( 'NONE', #2259, #2240, #2765, .T. ) ;
#3386 = DIRECTION ( 'NONE',  ( 0.000000000000000000, 0.000000000000000000, 1.000000000000000000 ) ) ;
#3387 = DIRECTION ( 'NONE',  ( 0.000000000000000000, -1.000000000000000000, 0.000000000000000000 ) ) ;
#3388 = EDGE_CURVE ( 'NONE', #2829, #437, #2455, .T. ) ;
#3389 = CARTESIAN_POINT ( 'NONE',  ( 0.3499999999999999223, 0.2999999999999999889, 0.7299999999999999822 ) ) ;
#3390 = CIRCLE ( 'NONE', #1194, 0.08125000000000059952 ) ;
#3391 = VECTOR ( 'NONE', #161, 1000.000000000000000 ) ;
#3392 = DIRECTION ( 'NONE',  ( 0.000000000000000000, -1.000000000000000000, 0.000000000000000000 ) ) ;
#3393 = LINE ( 'NONE', #2450, #2587 ) ;
#3394 = CARTESIAN_POINT ( 'NONE',  ( 0.1250000000000000000, 0.000000000000000000, 0.7399999999999999911 ) ) ;
#3395 = CARTESIAN_POINT ( 'NONE',  ( -0.3499999999999999778, 0.2999999999999999889, 0.4500000000000000111 ) ) ;
#3396 = DIRECTION ( 'NONE',  ( 0.000000000000000000, -1.000000000000000000, 0.000000000000000000 ) ) ;
#3397 = ORIENTED_EDGE ( 'NONE', *, *, #2599, .F. ) ;
#3398 = EDGE_CURVE ( 'NONE', #2533, #2616, #337, .T. ) ;
#3399 = ORIENTED_EDGE ( 'NONE', *, *, #2532, .T. ) ;
#3400 = ORIENTED_EDGE ( 'NONE', *, *, #2670, .T. ) ;
#3401 = EDGE_CURVE ( 'NONE', #1365, #4050, #2494, .T. ) ;
#3402 = PRODUCT_RELATED_PRODUCT_CATEGORY ( 'part', '', ( #4033 ) ) ;
#3403 = DIRECTION ( 'NONE',  ( -0.7071067811865483499, 0.000000000000000000, 0.7071067811865466846 ) ) ;
#3404 = SURFACE_STYLE_USAGE ( .BOTH. , #4054 ) ;
#3405 = ORIENTED_EDGE ( 'NONE', *, *, #1176, .F. ) ;
#3406 = ORIENTED_EDGE ( 'NONE', *, *, #971, .T. ) ;
#3407 = EDGE_CURVE ( 'NONE', #3177, #3548, #3035, .T. ) ;
#3408 = ADVANCED_FACE ( 'NONE', ( #1436 ), #880, .F. ) ;
#3409 = ADVANCED_FACE ( 'NONE', ( #186 ), #2080, .T. ) ;
#3410 =( LENGTH_UNIT ( ) NAMED_UNIT ( * ) SI_UNIT ( .MILLI., .METRE. ) );
#3411 = DIRECTION ( 'NONE',  ( 0.000000000000000000, 0.000000000000000000, 1.000000000000000000 ) ) ;
#3412 = CARTESIAN_POINT ( 'NONE',  ( -0.1292171746755330086, 0.6166146087398434172, -0.7399999999999999911 ) ) ;
#3413 = DIRECTION ( 'NONE',  ( -0.000000000000000000, -1.000000000000000000, 0.000000000000000000 ) ) ;
#3414 = EDGE_CURVE ( 'NONE', #2868, #1444, #206, .T. ) ;
#3415 = DIRECTION ( 'NONE',  ( 2.258754526011467735E-16, 0.000000000000000000, -1.000000000000000000 ) ) ;
#3416 = ADVANCED_FACE ( 'NONE', ( #3678 ), #516, .F. ) ;
#3417 = DIRECTION ( 'NONE',  ( 1.000000000000000000, 0.000000000000000000, 0.000000000000000000 ) ) ;
#3418 = ORIENTED_EDGE ( 'NONE', *, *, #467, .T. ) ;
#3419 = VERTEX_POINT ( 'NONE', #3015 ) ;
#3420 =( NAMED_UNIT ( * ) PLANE_ANGLE_UNIT ( ) SI_UNIT ( $, .RADIAN. ) );
#3421 = ORIENTED_EDGE ( 'NONE', *, *, #2483, .T. ) ;
#3422 = ORIENTED_EDGE ( 'NONE', *, *, #225, .F. ) ;
#3423 = DIRECTION ( 'NONE',  ( -0.000000000000000000, 0.000000000000000000, 1.000000000000000000 ) ) ;
#3424 = CIRCLE ( 'NONE', #4027, 0.1000000000000000472 ) ;
#3425 = CARTESIAN_POINT ( 'NONE',  ( 0.9741180954897480371, 0.000000000000000000, 0.7034074173710930244 ) ) ;
#3426 = DIRECTION ( 'NONE',  ( -0.000000000000000000, -1.000000000000000000, -0.000000000000000000 ) ) ;
#3427 = CARTESIAN_POINT ( 'NONE',  ( -0.1430361408693212322, 0.6138527548597594308, -0.7424954092534856720 ) ) ;
#3428 = ADVANCED_FACE ( 'NONE', ( #2407 ), #3431, .F. ) ;
#3429 = CIRCLE ( 'NONE', #2963, 0.05000000000000002359 ) ;
#3430 = AXIS2_PLACEMENT_3D ( 'NONE', #2499, #2860, #3160 ) ;
#3431 = CYLINDRICAL_SURFACE ( 'NONE', #2623, 0.1000000000000000472 ) ;
#3432 = CARTESIAN_POINT ( 'NONE',  ( -0.6700000000000004841, 0.7025000000000000133, 0.7199999999999999734 ) ) ;
#3433 = DIRECTION ( 'NONE',  ( 0.000000000000000000, 1.000000000000000000, -0.000000000000000000 ) ) ;
#3434 = ORIENTED_EDGE ( 'NONE', *, *, #2738, .F. ) ;
#3435 = VECTOR ( 'NONE', #1803, 1000.000000000000000 ) ;
#3436 = CARTESIAN_POINT ( 'NONE',  ( 0.6700000000000000400, 0.5999999999999998668, -0.7600000000000000089 ) ) ;
#3437 = ORIENTED_EDGE ( 'NONE', *, *, #4128, .F. ) ;
#3438 = VECTOR ( 'NONE', #338, 1000.000000000000000 ) ;
#3439 = ORIENTED_EDGE ( 'NONE', *, *, #799, .T. ) ;
#3440 = AXIS2_PLACEMENT_3D ( 'NONE', #3556, #70, #2620 ) ;
#3441 = ORIENTED_EDGE ( 'NONE', *, *, #2060, .T. ) ;
#3442 = ORIENTED_EDGE ( 'NONE', *, *, #2004, .T. ) ;
#3443 = LINE ( 'NONE', #574, #182 ) ;
#3444 = DIRECTION ( 'NONE',  ( 0.000000000000000000, 0.000000000000000000, -1.000000000000000000 ) ) ;
#3445 = LINE ( 'NONE', #3484, #2191 ) ;
#3446 = LINE ( 'NONE', #1546, #246 ) ;
#3447 = CARTESIAN_POINT ( 'NONE',  ( 0.3499999999999999223, 0.000000000000000000, 0.7299999999999999822 ) ) ;
#3448 = ORIENTED_EDGE ( 'NONE', *, *, #301, .T. ) ;
#3449 = CIRCLE ( 'NONE', #3858, 0.1999999999999999833 ) ;
#3450 = DIRECTION ( 'NONE',  ( 2.128853140844177604E-16, -0.000000000000000000, 1.000000000000000000 ) ) ;
#3451 = VECTOR ( 'NONE', #3757, 1000.000000000000000 ) ;
#3452 = VECTOR ( 'NONE', #1726, 1000.000000000000000 ) ;
#3453 = VERTEX_POINT ( 'NONE', #3744 ) ;
#3454 = ORIENTED_EDGE ( 'NONE', *, *, #3841, .F. ) ;
#3455 = ADVANCED_FACE ( 'NONE', ( #1198 ), #3371, .F. ) ;
#3456 = VECTOR ( 'NONE', #1779, 1000.000000000000000 ) ;
#3457 = ORIENTED_EDGE ( 'NONE', *, *, #3829, .T. ) ;
#3458 = ADVANCED_FACE ( 'NONE', ( #2759 ), #2718, .F. ) ;
#3459 = VERTEX_POINT ( 'NONE', #1780 ) ;
#3460 = DIRECTION ( 'NONE',  ( 2.128853140844177604E-16, 0.000000000000000000, -1.000000000000000000 ) ) ;
#3461 = CARTESIAN_POINT ( 'NONE',  ( 0.1250000000000000000, 0.6166146087398435283, -0.7399999999999999911 ) ) ;
#3462 = DIRECTION ( 'NONE',  ( 1.000000000000000000, 0.000000000000000000, 0.000000000000000000 ) ) ;
#3463 = CARTESIAN_POINT ( 'NONE',  ( 0.3499999999999999223, 0.000000000000000000, -0.7299999999999999822 ) ) ;
#3464 = CARTESIAN_POINT ( 'NONE',  ( 0.8592893218813457690, 0.2999999999999999889, -0.7300000000000000933 ) ) ;
#3465 = DIRECTION ( 'NONE',  ( 0.000000000000000000, -0.000000000000000000, -1.000000000000000000 ) ) ;
#3466 = DIRECTION ( 'NONE',  ( 0.000000000000000000, 0.000000000000000000, -1.000000000000000000 ) ) ;
#3467 = DIRECTION ( 'NONE',  ( 1.000000000000000000, 0.000000000000000000, 0.000000000000000000 ) ) ;
#3468 = VERTEX_POINT ( 'NONE', #3056 ) ;
#3469 = CARTESIAN_POINT ( 'NONE',  ( -0.1250000000000000000, 0.000000000000000000, 0.7399999999999999911 ) ) ;
#3470 = CARTESIAN_POINT ( 'NONE',  ( 0.8699999999999999956, 0.8000000000000000444, -0.4699999999999999178 ) ) ;
#3471 = LINE ( 'NONE', #599, #3840 ) ;
#3472 = EDGE_LOOP ( 'NONE', ( #23, #2874, #3766, #4071 ) ) ;
#3473 = EDGE_LOOP ( 'NONE', ( #341, #1047, #3627, #2274 ) ) ;
#3474 = FACE_OUTER_BOUND ( 'NONE', #1939, .T. ) ;
#3475 = ORIENTED_EDGE ( 'NONE', *, *, #512, .F. ) ;
#3476 = VERTEX_POINT ( 'NONE', #165 ) ;
#3477 = ADVANCED_FACE ( 'NONE', ( #4042 ), #1175, .T. ) ;
#3478 = FACE_OUTER_BOUND ( 'NONE', #2625, .T. ) ;
#3479 = VECTOR ( 'NONE', #3906, 1000.000000000000000 ) ;
#3480 = LINE ( 'NONE', #1287, #890 ) ;
#3481 = CARTESIAN_POINT ( 'NONE',  ( 0.9300000000000000488, 0.2999999999999999889, 0.2500000000000000000 ) ) ;
#3482 = CARTESIAN_POINT ( 'NONE',  ( 0.8699999999999999956, 0.8000000000000000444, -0.4699999999999999178 ) ) ;
#3483 = VECTOR ( 'NONE', #551, 1000.000000000000000 ) ;
#3484 = CARTESIAN_POINT ( 'NONE',  ( 0.9034074173710933131, 1.114998880451715912, 0.7741180954897475264 ) ) ;
#3485 = CARTESIAN_POINT ( 'NONE',  ( -0.1413180148671276948, 0.6141257517382814335, 0.7422616038428828666 ) ) ;
#3486 = VECTOR ( 'NONE', #3539, 1000.000000000000000 ) ;
#3487 = CARTESIAN_POINT ( 'NONE',  ( -0.9741180954897480371, 0.2999999999999999334, 0.7034074173710930244 ) ) ;
#3488 = VERTEX_POINT ( 'NONE', #231 ) ;
#3489 = LINE ( 'NONE', #3169, #2993 ) ;
#3490 = LINE ( 'NONE', #3809, #3099 ) ;
#3491 = AXIS2_PLACEMENT_3D ( 'NONE', #1188, #1497, #1324 ) ;
#3492 = CARTESIAN_POINT ( 'NONE',  ( -0.9300000000000000488, 0.2999999999999999334, 0.6592893218813449252 ) ) ;
#3493 = ORIENTED_EDGE ( 'NONE', *, *, #1431, .T. ) ;
#3494 = ORIENTED_EDGE ( 'NONE', *, *, #2452, .F. ) ;
#3495 = AXIS2_PLACEMENT_3D ( 'NONE', #145, #3392, #2386 ) ;
#3496 =( GEOMETRIC_REPRESENTATION_CONTEXT ( 3 ) GLOBAL_UNCERTAINTY_ASSIGNED_CONTEXT ( ( #2907 ) ) GLOBAL_UNIT_ASSIGNED_CONTEXT ( ( #506, #3420, #3690 ) ) REPRESENTATION_CONTEXT ( 'NONE', 'WORKASPACE' ) );
#3497 = FILL_AREA_STYLE ('',( #2536 ) ) ;
#3498 = ORIENTED_EDGE ( 'NONE', *, *, #3072, .T. ) ;
#3499 = ORIENTED_EDGE ( 'NONE', *, *, #1860, .T. ) ;
#3500 = VERTEX_POINT ( 'NONE', #4017 ) ;
#3501 = CIRCLE ( 'NONE', #1304, 0.1000000000000000472 ) ;
#3502 = DIRECTION ( 'NONE',  ( 0.000000000000000000, -1.000000000000000000, 0.000000000000000000 ) ) ;
#3503 = CARTESIAN_POINT ( 'NONE',  ( 1.000000000000000000, 0.2999999999999999889, -0.7999999999999999334 ) ) ;
#3504 = CARTESIAN_POINT ( 'NONE',  ( -1.000000000000000000, 0.5999999999999999778, 0.7399999999999999911 ) ) ;
#3505 = CARTESIAN_POINT ( 'NONE',  ( -0.3500000000000000333, 0.000000000000000000, -0.2500000000000000000 ) ) ;
#3506 = ORIENTED_EDGE ( 'NONE', *, *, #3803, .T. ) ;
#3507 = CARTESIAN_POINT ( 'NONE',  ( 0.3500000000000000333, 0.2999999999999999889, -0.2500000000000000000 ) ) ;
#3508 = ADVANCED_FACE ( 'NONE', ( #1760 ), #1506, .F. ) ;
#3509 = LINE ( 'NONE', #271, #3055 ) ;
#3510 = DIRECTION ( 'NONE',  ( -0.7071067811865483499, 0.000000000000000000, 0.7071067811865466846 ) ) ;
#3511 = ORIENTED_EDGE ( 'NONE', *, *, #1881, .T. ) ;
#3512 = CARTESIAN_POINT ( 'NONE',  ( 0.8699999999999999956, 0.7500000000000000000, 0.4699999999999999178 ) ) ;
#3513 = DIRECTION ( 'NONE',  ( 0.7071067811865476838, 0.000000000000000000, 0.7071067811865474617 ) ) ;
#3514 = VERTEX_POINT ( 'NONE', #1153 ) ;
#3515 = ORIENTED_EDGE ( 'NONE', *, *, #2523, .F. ) ;
#3516 = CIRCLE ( 'NONE', #1110, 0.2500000000000001110 ) ;
#3517 = CIRCLE ( 'NONE', #771, 0.2500000000000000000 ) ;
#3518 = EDGE_CURVE ( 'NONE', #327, #1276, #295, .T. ) ;
#3519 = ORIENTED_EDGE ( 'NONE', *, *, #2841, .F. ) ;
#3520 = ORIENTED_EDGE ( 'NONE', *, *, #3952, .F. ) ;
#3521 = EDGE_CURVE ( 'NONE', #2011, #1602, #836, .T. ) ;
#3522 = FACE_OUTER_BOUND ( 'NONE', #540, .T. ) ;
#3523 = DIRECTION ( 'NONE',  ( 0.000000000000000000, -0.000000000000000000, 1.000000000000000000 ) ) ;
#3524 = PLANE ( 'NONE',  #2025 ) ;
#3525 = VERTEX_POINT ( 'NONE', #4063 ) ;
#3526 = EDGE_CURVE ( 'NONE', #3887, #3668, #876, .T. ) ;
#3527 = AXIS2_PLACEMENT_3D ( 'NONE', #2503, #313, #917 ) ;
#3528 = UNCERTAINTY_MEASURE_WITH_UNIT (LENGTH_MEASURE( 1.000000000000000082E-05 ), #1639, 'distance_accuracy_value', 'NONE');
#3529 = DIRECTION ( 'NONE',  ( 0.000000000000000000, 0.000000000000000000, 1.000000000000000000 ) ) ;
#3530 = DIRECTION ( 'NONE',  ( 0.7071067811865483499, 0.000000000000000000, -0.7071067811865466846 ) ) ;
#3531 = VERTEX_POINT ( 'NONE', #2155 ) ;
#3532 = EDGE_CURVE ( 'NONE', #624, #1052, #2242, .T. ) ;
#3533 = FACE_OUTER_BOUND ( 'NONE', #3640, .T. ) ;
#3534 = CARTESIAN_POINT ( 'NONE',  ( -0.6700000000000004841, 0.5999999999999998668, -0.7600000000000000089 ) ) ;
#3535 = CARTESIAN_POINT ( 'NONE',  ( 0.6700000000000000400, 0.7025000000000000133, -0.7199999999999999734 ) ) ;
#3536 = VERTEX_POINT ( 'NONE', #324 ) ;
#3537 = ORIENTED_EDGE ( 'NONE', *, *, #3401, .F. ) ;
#3538 = AXIS2_PLACEMENT_3D ( 'NONE', #1421, #817, #2084 ) ;
#3539 = DIRECTION ( 'NONE',  ( 0.7071067811865476838, 0.000000000000000000, 0.7071067811865474617 ) ) ;
#3540 = ORIENTED_EDGE ( 'NONE', *, *, #2627, .T. ) ;
#3541 = VERTEX_POINT ( 'NONE', #1524 ) ;
#3542 = CARTESIAN_POINT ( 'NONE',  ( -1.000000000000000000, 0.5949999999999999734, -0.7999999999999999334 ) ) ;
#3543 = DIRECTION ( 'NONE',  ( 0.000000000000000000, 0.000000000000000000, 1.000000000000000000 ) ) ;
#3544 = ORIENTED_EDGE ( 'NONE', *, *, #3719, .F. ) ;
#3545 = FILL_AREA_STYLE_COLOUR ( '', #2316 ) ;
#3546 = LINE ( 'NONE', #696, #2864 ) ;
#3547 = COLOUR_RGB ( '',0.9686274509803921573, 0.8784313725490195957, 0.5999999999999999778 ) ;
#3548 = VERTEX_POINT ( 'NONE', #549 ) ;
#3549 = CARTESIAN_POINT ( 'NONE',  ( -0.9300000000000000488, 1.114998880451715912, 0.6592893218813449252 ) ) ;
#3550 = CARTESIAN_POINT ( 'NONE',  ( 0.3500000000000000333, 1.114998880451715912, -0.2500000000000000000 ) ) ;
#3551 = DIRECTION ( 'NONE',  ( 0.000000000000000000, -0.000000000000000000, 1.000000000000000000 ) ) ;
#3552 = FACE_OUTER_BOUND ( 'NONE', #4067, .T. ) ;
#3553 = ORIENTED_EDGE ( 'NONE', *, *, #504, .F. ) ;
#3554 = DIRECTION ( 'NONE',  ( -0.000000000000000000, -1.000000000000000000, -0.000000000000000000 ) ) ;
#3555 = CIRCLE ( 'NONE', #3112, 0.05999999999999994227 ) ;
#3556 = CARTESIAN_POINT ( 'NONE',  ( -1.000000000000000000, 0.000000000000000000, 0.8000000000000001554 ) ) ;
#3557 = ORIENTED_EDGE ( 'NONE', *, *, #1880, .F. ) ;
#3558 = DIRECTION ( 'NONE',  ( -0.000000000000000000, -1.000000000000000000, -0.000000000000000000 ) ) ;
#3559 = VERTEX_POINT ( 'NONE', #628 ) ;
#3560 = CIRCLE ( 'NONE', #1564, 0.2900000000000000910 ) ;
#3561 = CARTESIAN_POINT ( 'NONE',  ( 0.3500000000000001443, 0.2999999999999999334, -0.2500000000000000000 ) ) ;
#3562 = ORIENTED_EDGE ( 'NONE', *, *, #2291, .T. ) ;
#3563 = B_SPLINE_CURVE_WITH_KNOTS ( 'NONE', 3,
 ( #2653, #739, #2036, #1739, #143, #3427, #163, #228, #3412, #515 ),
 .UNSPECIFIED., .F., .F.,
 ( 4, 3, 3, 4 ),
 ( 2.710505431213760784E-20, 2.325914320246293783E-05, 4.063766489860615465E-05, 5.321715086012096074E-05 ),
 .UNSPECIFIED. ) ;
#3564 = ADVANCED_FACE ( 'NONE', ( #1223 ), #1842, .T. ) ;
#3565 = DIRECTION ( 'NONE',  ( 0.000000000000000000, -1.000000000000000000, 0.000000000000000000 ) ) ;
#3566 = DIRECTION ( 'NONE',  ( 0.000000000000000000, 1.000000000000000000, 0.000000000000000000 ) ) ;
#3568 = EDGE_CURVE ( 'NONE', #421, #3019, #3560, .T. ) ;
#3567 = LINE ( 'NONE', #3251, #3335 ) ;
#3569 = EDGE_LOOP ( 'NONE', ( #3066, #4075, #3406, #174 ) ) ;
#3570 = PLANE ( 'NONE',  #701 ) ;
#3571 = CARTESIAN_POINT ( 'NONE',  ( 0.6700000000000000400, 0.7500000000000000000, -0.6699999999999999289 ) ) ;
#3572 = DIRECTION ( 'NONE',  ( 0.000000000000000000, 0.000000000000000000, -1.000000000000000000 ) ) ;
#3573 = CARTESIAN_POINT ( 'NONE',  ( -0.1250000000000000000, 0.5999999999999999778, 0.7399999999999999911 ) ) ;
#3574 = DIRECTION ( 'NONE',  ( 0.000000000000000000, -1.000000000000000000, 0.000000000000000000 ) ) ;
#3575 = EDGE_CURVE ( 'NONE', #2881, #1890, #1471, .T. ) ;
#3576 = DIRECTION ( 'NONE',  ( -0.000000000000000000, -1.000000000000000000, -0.000000000000000000 ) ) ;
#3577 = CARTESIAN_POINT ( 'NONE',  ( 0.9300000000000000488, 1.114998880451715912, 0.2500000000000000000 ) ) ;
#3578 = CARTESIAN_POINT ( 'NONE',  ( 0.8592893218813457690, 0.2999999999999999334, -0.7300000000000000933 ) ) ;
#3579 = DIRECTION ( 'NONE',  ( -1.000000000000000000, -0.000000000000000000, -2.128853140844177604E-16 ) ) ;
#3580 = VERTEX_POINT ( 'NONE', #4077 ) ;
#3581 = ORIENTED_EDGE ( 'NONE', *, *, #1478, .F. ) ;
#3582 = VECTOR ( 'NONE', #397, 1000.000000000000000 ) ;
#3583 = CIRCLE ( 'NONE', #442, 0.2500000000000000000 ) ;
#3584 = LINE ( 'NONE', #418, #680 ) ;
#3585 = EDGE_CURVE ( 'NONE', #2751, #3684, #1882, .T. ) ;
#3586 = DIRECTION ( 'NONE',  ( 0.000000000000000000, 0.000000000000000000, 1.000000000000000000 ) ) ;
#3587 = ORIENTED_EDGE ( 'NONE', *, *, #2955, .F. ) ;
#3588 = AXIS2_PLACEMENT_3D ( 'NONE', #69, #2003, #1707 ) ;
#3589 = VECTOR ( 'NONE', #3095, 1000.000000000000114 ) ;
#3590 = DIRECTION ( 'NONE',  ( -2.258754526011467735E-16, 0.000000000000000000, 1.000000000000000000 ) ) ;
#3591 = FACE_OUTER_BOUND ( 'NONE', #216, .T. ) ;
#3592 = CIRCLE ( 'NONE', #3271, 0.1000000000000001582 ) ;
#3593 = CARTESIAN_POINT ( 'NONE',  ( 0.6700000000000000400, 0.7500000000000006661, -0.7199999999999999734 ) ) ;
#3594 = ORIENTED_EDGE ( 'NONE', *, *, #3097, .T. ) ;
#3595 = CARTESIAN_POINT ( 'NONE',  ( 0.9034074173710933131, 0.2999999999999999334, -0.7741180954897475264 ) ) ;
#3596 = LINE ( 'NONE', #3535, #1425 ) ;
#3597 = DIRECTION ( 'NONE',  ( 0.000000000000000000, 0.000000000000000000, -1.000000000000000000 ) ) ;
#3598 = CARTESIAN_POINT ( 'NONE',  ( -0.8999999999999999112, 0.000000000000000000, 0.8000000000000001554 ) ) ;
#3599 = CARTESIAN_POINT ( 'NONE',  ( -0.9600000000000004086, 0.5999999999999998668, 0.000000000000000000 ) ) ;
#3600 = AXIS2_PLACEMENT_3D ( 'NONE', #762, #3965, #1736 ) ;
#3601 = ORIENTED_EDGE ( 'NONE', *, *, #822, .F. ) ;
#3602 = VERTEX_POINT ( 'NONE', #1540 ) ;
#3603 = PLANE ( 'NONE',  #1360 ) ;
#3604 = DIRECTION ( 'NONE',  ( 0.000000000000000000, -1.000000000000000000, 0.000000000000000000 ) ) ;
#3605 = DIRECTION ( 'NONE',  ( 1.000000000000000000, 0.000000000000000000, -0.000000000000000000 ) ) ;
#3606 = ORIENTED_EDGE ( 'NONE', *, *, #366, .T. ) ;
#3607 = ADVANCED_FACE ( 'NONE', ( #1332 ), #3603, .T. ) ;
#3608 = ORIENTED_EDGE ( 'NONE', *, *, #2982, .F. ) ;
#3609 = DIRECTION ( 'NONE',  ( 0.000000000000000000, 0.000000000000000000, 1.000000000000000000 ) ) ;
#3610 = DIRECTION ( 'NONE',  ( 0.000000000000000000, -1.000000000000000000, 0.000000000000000000 ) ) ;
#3611 = DIRECTION ( 'NONE',  ( 0.000000000000000000, 0.000000000000000000, 1.000000000000000000 ) ) ;
#3612 = AXIS2_PLACEMENT_3D ( 'NONE', #519, #535, #1869 ) ;
#3613 = LINE ( 'NONE', #745, #224 ) ;
#3614 = CARTESIAN_POINT ( 'NONE',  ( -0.9300000000000000488, 0.2999999999999999889, 0.6592893218813449252 ) ) ;
#3615 = AXIS2_PLACEMENT_3D ( 'NONE', #1242, #1288, #3161 ) ;
#3616 = CARTESIAN_POINT ( 'NONE',  ( -0.3500000000000000333, 0.2999999999999999334, -0.2500000000000000000 ) ) ;
#3617 = ADVANCED_FACE ( 'NONE', ( #3217 ), #2987, .T. ) ;
#3618 = ORIENTED_EDGE ( 'NONE', *, *, #2772, .F. ) ;
#3619 = CARTESIAN_POINT ( 'NONE',  ( -1.000000000000000000, 0.000000000000000000, -0.7999999999999999334 ) ) ;
#3620 = VECTOR ( 'NONE', #620, 1000.000000000000000 ) ;
#3621 = EDGE_LOOP ( 'NONE', ( #360, #2066, #340, #122 ) ) ;
#3622 = AXIS2_PLACEMENT_3D ( 'NONE', #3274, #2678, #1705 ) ;
#3623 = ORIENTED_EDGE ( 'NONE', *, *, #1856, .T. ) ;
#3624 = VECTOR ( 'NONE', #1485, 1000.000000000000114 ) ;
#3625 = DIRECTION ( 'NONE',  ( 1.000000000000000000, 0.000000000000000000, 0.000000000000000000 ) ) ;
#3626 = DIRECTION ( 'NONE',  ( 0.000000000000000000, 1.000000000000000000, 0.000000000000000000 ) ) ;
#3627 = ORIENTED_EDGE ( 'NONE', *, *, #2932, .F. ) ;
#3628 = ORIENTED_EDGE ( 'NONE', *, *, #1668, .F. ) ;
#3629 = AXIS2_PLACEMENT_3D ( 'NONE', #2957, #1107, #3275 ) ;
#3630 = CARTESIAN_POINT ( 'NONE',  ( 0.8592893218813457690, 0.2999999999999999889, -0.7300000000000000933 ) ) ;
#3631 = FACE_OUTER_BOUND ( 'NONE', #751, .T. ) ;
#3632 = VECTOR ( 'NONE', #2635, 1000.000000000000000 ) ;
#3633 = DIRECTION ( 'NONE',  ( -2.258754526011467735E-16, -0.000000000000000000, 1.000000000000000000 ) ) ;
#3634 = ADVANCED_FACE ( 'NONE', ( #2331 ), #2565, .F. ) ;
#3635 = DIRECTION ( 'NONE',  ( 0.000000000000000000, -1.000000000000000000, 0.000000000000000000 ) ) ;
#3636 = FACE_OUTER_BOUND ( 'NONE', #2705, .T. ) ;
#3637 = ADVANCED_FACE ( 'NONE', ( #661 ), #1326, .T. ) ;
#3638 = LINE ( 'NONE', #2002, #3213 ) ;
#3639 = DIRECTION ( 'NONE',  ( -1.000000000000000000, 0.000000000000000000, -2.258754526011467735E-16 ) ) ;
#3640 = EDGE_LOOP ( 'NONE', ( #110, #2415, #524, #904 ) ) ;
#3641 = LINE ( 'NONE', #4084, #910 ) ;
#3642 = ORIENTED_EDGE ( 'NONE', *, *, #3407, .T. ) ;
#3643 = VERTEX_POINT ( 'NONE', #1957 ) ;
#3644 = CARTESIAN_POINT ( 'NONE',  ( 0.9200000000000000400, 0.7025000000000000133, 0.4699999999999999178 ) ) ;
#3645 = VERTEX_POINT ( 'NONE', #2555 ) ;
#3646 = ORIENTED_EDGE ( 'NONE', *, *, #2557, .F. ) ;
#3647 = ADVANCED_FACE ( 'NONE', ( #3209 ), #22, .T. ) ;
#3648 = CARTESIAN_POINT ( 'NONE',  ( -0.9741180954897480371, 0.000000000000000000, 0.7034074173710930244 ) ) ;
#3649 = CIRCLE ( 'NONE', #2190, 0.1000000000000001582 ) ;
#3650 = CIRCLE ( 'NONE', #1589, 0.1000000000000000472 ) ;
#3651 = DIRECTION ( 'NONE',  ( 1.000000000000000000, -0.000000000000000000, -0.000000000000000000 ) ) ;
#3652 = CIRCLE ( 'NONE', #3861, 0.1000000000000001582 ) ;
#3653 = AXIS2_PLACEMENT_3D ( 'NONE', #2646, #1010, #1986 ) ;
#3654 = DIRECTION ( 'NONE',  ( 0.7071067811865456854, 0.000000000000000000, -0.7071067811865493491 ) ) ;
#3655 = ADVANCED_FACE ( 'NONE', ( #3552 ), #2507, .T. ) ;
#3656 = LINE ( 'NONE', #783, #2396 ) ;
#3657 = ORIENTED_EDGE ( 'NONE', *, *, #2352, .F. ) ;
#3658 = EDGE_CURVE ( 'NONE', #444, #1897, #923, .T. ) ;
#3659 = CARTESIAN_POINT ( 'NONE',  ( 0.000000000000000000, 0.5949999999999999734, 0.8000000000000001554 ) ) ;
#3660 = AXIS2_PLACEMENT_3D ( 'NONE', #765, #428, #1702 ) ;
#3661 = DIRECTION ( 'NONE',  ( 0.000000000000000000, 0.000000000000000000, 1.000000000000000000 ) ) ;
#3662 = LINE ( 'NONE', #1487, #95 ) ;
#3663 = EDGE_CURVE ( 'NONE', #2087, #1553, #815, .T. ) ;
#3664 = CARTESIAN_POINT ( 'NONE',  ( 1.000000000000000000, 0.000000000000000000, -0.7999999999999999334 ) ) ;
#3665 = ORIENTED_EDGE ( 'NONE', *, *, #3228, .T. ) ;
#3666 = ORIENTED_EDGE ( 'NONE', *, *, #396, .F. ) ;
#3667 = ORIENTED_EDGE ( 'NONE', *, *, #2660, .F. ) ;
#3668 = VERTEX_POINT ( 'NONE', #1665 ) ;
#3669 = CARTESIAN_POINT ( 'NONE',  ( 0.6700000000000000400, 0.6166146087398434172, 0.7399999999999999911 ) ) ;
#3670 = AXIS2_PLACEMENT_3D ( 'NONE', #617, #1642, #4104 ) ;
#3671 = DIRECTION ( 'NONE',  ( -0.000000000000000000, -1.000000000000000000, -0.000000000000000000 ) ) ;
#3672 = CARTESIAN_POINT ( 'NONE',  ( 0.8592893218813457690, 0.2999999999999999889, 0.7300000000000000933 ) ) ;
#3673 = ORIENTED_EDGE ( 'NONE', *, *, #2510, .T. ) ;
#3674 = FACE_OUTER_BOUND ( 'NONE', #2918, .T. ) ;
#3675 =( NAMED_UNIT ( * ) PLANE_ANGLE_UNIT ( ) SI_UNIT ( $, .RADIAN. ) );
#3676 = DIRECTION ( 'NONE',  ( 0.000000000000000000, 0.000000000000000000, -1.000000000000000000 ) ) ;
#3677 = ADVANCED_FACE ( 'NONE', ( #1018 ), #788, .F. ) ;
#3678 = FACE_OUTER_BOUND ( 'NONE', #2252, .T. ) ;
#3679 = CARTESIAN_POINT ( 'NONE',  ( 0.6700000000000000400, 0.7025000000000000133, 0.4699999999999999178 ) ) ;
#3680 = DIRECTION ( 'NONE',  ( -0.000000000000000000, 0.000000000000000000, 1.000000000000000000 ) ) ;
#3681 = LINE ( 'NONE', #3705, #4105 ) ;
#3682 = CARTESIAN_POINT ( 'NONE',  ( 1.000000000000000000, 0.2999999999999999334, 0.7999999999999999334 ) ) ;
#3683 = CARTESIAN_POINT ( 'NONE',  ( -0.9300000000000000488, 0.2999999999999999889, -0.6592893218813449252 ) ) ;
#3684 = VERTEX_POINT ( 'NONE', #3256 ) ;
#3685 = CIRCLE ( 'NONE', #2486, 0.05999999999999994227 ) ;
#3686 = ORIENTED_EDGE ( 'NONE', *, *, #676, .T. ) ;
#3687 = ORIENTED_EDGE ( 'NONE', *, *, #3336, .F. ) ;
#3688 = ADVANCED_FACE ( 'NONE', ( #2658 ), #1059, .T. ) ;
#3689 = DIRECTION ( 'NONE',  ( -0.000000000000000000, -1.000000000000000000, -0.000000000000000000 ) ) ;
#3690 =( NAMED_UNIT ( * ) SI_UNIT ( $, .STERADIAN. ) SOLID_ANGLE_UNIT ( ) );
#3691 = EDGE_LOOP ( 'NONE', ( #3806, #1796, #77, #3007 ) ) ;
#3692 = ORIENTED_EDGE ( 'NONE', *, *, #3376, .F. ) ;
#3693 = CARTESIAN_POINT ( 'NONE',  ( 0.3499999999999999223, 0.2999999999999999889, -0.7299999999999999822 ) ) ;
#3694 = VECTOR ( 'NONE', #3354, 1000.000000000000000 ) ;
#3695 = CARTESIAN_POINT ( 'NONE',  ( 0.9300000000000000488, 1.114998880451715912, 0.2500000000000000000 ) ) ;
#3696 = CARTESIAN_POINT ( 'NONE',  ( 1.000000000000000000, 0.5999999999999999778, 0.6999999999999999556 ) ) ;
#3697 = DIRECTION ( 'NONE',  ( 0.000000000000000000, -1.000000000000000000, 0.000000000000000000 ) ) ;
#3698 = ORIENTED_EDGE ( 'NONE', *, *, #3989, .T. ) ;
#3699 = EDGE_CURVE ( 'NONE', #2808, #4002, #2388, .T. ) ;
#3700 = CIRCLE ( 'NONE', #3629, 0.05999999999999994227 ) ;
#3701 = PRESENTATION_LAYER_ASSIGNMENT (  '', '', ( #829 ) ) ;
#3702 = DIRECTION ( 'NONE',  ( 0.000000000000000000, 0.000000000000000000, 1.000000000000000000 ) ) ;
#3703 = ADVANCED_FACE ( 'NONE', ( #2001 ), #2618, .T. ) ;
#3704 = DIRECTION ( 'NONE',  ( -0.7071067811865476838, 0.000000000000000000, -0.7071067811865474617 ) ) ;
#3705 = CARTESIAN_POINT ( 'NONE',  ( -0.9034074173710933131, 0.2999999999999999889, 0.7741180954897475264 ) ) ;
#3706 = EDGE_CURVE ( 'NONE', #3531, #368, #3700, .T. ) ;
#3707 = VECTOR ( 'NONE', #1382, 1000.000000000000000 ) ;
#3708 = ADVANCED_FACE ( 'NONE', ( #3636 ), #2324, .F. ) ;
#3709 = DIRECTION ( 'NONE',  ( -0.000000000000000000, 1.000000000000000000, -0.000000000000000000 ) ) ;
#3710 = ORIENTED_EDGE ( 'NONE', *, *, #1474, .T. ) ;
#3711 = EDGE_CURVE ( 'NONE', #257, #437, #3662, .T. ) ;
#3712 = ORIENTED_EDGE ( 'NONE', *, *, #1233, .T. ) ;
#3713 = ORIENTED_EDGE ( 'NONE', *, *, #1806, .F. ) ;
#3714 = DIRECTION ( 'NONE',  ( 1.000000000000000000, 0.000000000000000000, 0.000000000000000000 ) ) ;
#3715 = DIRECTION ( 'NONE',  ( -0.000000000000000000, -1.000000000000000000, -0.000000000000000000 ) ) ;
#3716 = ORIENTED_EDGE ( 'NONE', *, *, #3291, .T. ) ;
#3717 = VERTEX_POINT ( 'NONE', #2741 ) ;
#3718 = CARTESIAN_POINT ( 'NONE',  ( -0.1250000000000000000, 0.8000000000000008216, 0.7399999999999999911 ) ) ;
#3719 = EDGE_CURVE ( 'NONE', #222, #1529, #1019, .T. ) ;
#3720 = SURFACE_STYLE_USAGE ( .BOTH. , #1476 ) ;
#3721 = DIRECTION ( 'NONE',  ( 0.7071067811865483499, 0.000000000000000000, 0.7071067811865466846 ) ) ;
#3722 = PLANE ( 'NONE',  #2199 ) ;
#3723 = AXIS2_PLACEMENT_3D ( 'NONE', #4044, #251, #3704 ) ;
#3724 = VECTOR ( 'NONE', #2594, 1000.000000000000000 ) ;
#3725 = DIRECTION ( 'NONE',  ( -0.000000000000000000, -1.000000000000000000, -0.000000000000000000 ) ) ;
#3726 = LINE ( 'NONE', #3997, #510 ) ;
#3727 = DIRECTION ( 'NONE',  ( 0.000000000000000000, 0.000000000000000000, -1.000000000000000000 ) ) ;
#3728 = DIRECTION ( 'NONE',  ( 0.000000000000000000, -0.000000000000000000, -1.000000000000000000 ) ) ;
#3729 = LINE ( 'NONE', #862, #2758 ) ;
#3730 = ORIENTED_EDGE ( 'NONE', *, *, #2187, .T. ) ;
#3731 = VECTOR ( 'NONE', #999, 1000.000000000000000 ) ;
#3732 = ORIENTED_EDGE ( 'NONE', *, *, #1684, .T. ) ;
#3733 = ADVANCED_FACE ( 'NONE', ( #3039 ), #495, .F. ) ;
#3734 = DIRECTION ( 'NONE',  ( -0.000000000000000000, -1.000000000000000000, -0.000000000000000000 ) ) ;
#3735 = FILL_AREA_STYLE ('',( #1772 ) ) ;
#3736 = ORIENTED_EDGE ( 'NONE', *, *, #2593, .T. ) ;
#3737 = ORIENTED_EDGE ( 'NONE', *, *, #3283, .T. ) ;
#3738 = LINE ( 'NONE', #2836, #3330 ) ;
#3739 = ADVANCED_FACE ( 'NONE', ( #2431 ), #4045, .F. ) ;
#3740 = FILL_AREA_STYLE ('',( #853 ) ) ;
#3741 = DIRECTION ( 'NONE',  ( 1.936075308009829417E-16, 0.000000000000000000, 1.000000000000000000 ) ) ;
#3742 = CARTESIAN_POINT ( 'NONE',  ( 0.000000000000000000, 0.000000000000000000, 0.8000000000000001554 ) ) ;
#3743 = PRESENTATION_LAYER_ASSIGNMENT (  '', '', ( #4005 ) ) ;
#3744 = CARTESIAN_POINT ( 'NONE',  ( 0.8699999999999999956, 0.8000000000000000444, 0.4699999999999999178 ) ) ;
#3745 = DIRECTION ( 'NONE',  ( -0.000000000000000000, 1.000000000000000000, -0.000000000000000000 ) ) ;
#3746 = PLANE ( 'NONE',  #3612 ) ;
#3747 = DIRECTION ( 'NONE',  ( -0.7071067811865457964, -0.000000000000000000, -0.7071067811865492381 ) ) ;
#3748 = ORIENTED_EDGE ( 'NONE', *, *, #3361, .T. ) ;
#3749 = CARTESIAN_POINT ( 'NONE',  ( 0.9300000000000000488, 0.2999999999999999334, -0.6592893218813449252 ) ) ;
#3750 = ORIENTED_EDGE ( 'NONE', *, *, #908, .T. ) ;
#3751 = VERTEX_POINT ( 'NONE', #1509 ) ;
#3752 = EDGE_CURVE ( 'NONE', #3183, #2053, #1132, .T. ) ;
#3753 = CARTESIAN_POINT ( 'NONE',  ( 0.8592893218813457690, 0.000000000000000000, -0.7300000000000000933 ) ) ;
#3754 = AXIS2_PLACEMENT_3D ( 'NONE', #2818, #531, #3444 ) ;
#3755 = ORIENTED_EDGE ( 'NONE', *, *, #1187, .T. ) ;
#3756 = ORIENTED_EDGE ( 'NONE', *, *, #1936, .F. ) ;
#3757 = DIRECTION ( 'NONE',  ( -1.000000000000000000, 0.000000000000000000, 0.000000000000000000 ) ) ;
#3758 = VECTOR ( 'NONE', #1585, 1000.000000000000000 ) ;
#3759 = CARTESIAN_POINT ( 'NONE',  ( 0.1413180148671276948, 0.6141257517382815445, -0.7422616038428828666 ) ) ;
#3760 = DIRECTION ( 'NONE',  ( 1.000000000000000000, -0.000000000000000000, 2.128853140844177604E-16 ) ) ;
#3761 = CARTESIAN_POINT ( 'NONE',  ( 0.9300000000000000488, 0.000000000000000000, 0.2500000000000000000 ) ) ;
#3762 = EDGE_CURVE ( 'NONE', #75, #3980, #3681, .T. ) ;
#3763 = DIRECTION ( 'NONE',  ( 0.000000000000000000, 0.000000000000000000, -1.000000000000000000 ) ) ;
#3764 = CARTESIAN_POINT ( 'NONE',  ( -0.8700000000000003286, 0.7500000000000000000, -0.4699999999999999734 ) ) ;
#3765 = CARTESIAN_POINT ( 'NONE',  ( -0.6700000000000003730, 0.7500000000000000000, 0.6699999999999999289 ) ) ;
#3766 = ORIENTED_EDGE ( 'NONE', *, *, #306, .F. ) ;
#3767 = EDGE_CURVE ( 'NONE', #3173, #2015, #2453, .T. ) ;
#3768 = AXIS2_PLACEMENT_3D ( 'NONE', #3077, #3725, #1104 ) ;
#3769 = CARTESIAN_POINT ( 'NONE',  ( -0.6700000000000003730, 0.5999999999999999778, 0.7399999999999999911 ) ) ;
#3770 = DIRECTION ( 'NONE',  ( 1.936075308009829417E-16, 0.000000000000000000, 1.000000000000000000 ) ) ;
#3771 = ADVANCED_FACE ( 'NONE', ( #3059 ), #1462, .T. ) ;
#3772 = EDGE_CURVE ( 'NONE', #1697, #1670, #2143, .T. ) ;
#3773 = ORIENTED_EDGE ( 'NONE', *, *, #2164, .F. ) ;
#3774 = ORIENTED_EDGE ( 'NONE', *, *, #3376, .T. ) ;
#3775 = ORIENTED_EDGE ( 'NONE', *, *, #3850, .T. ) ;
#3776 = ORIENTED_EDGE ( 'NONE', *, *, #1180, .T. ) ;
#3777 = DIRECTION ( 'NONE',  ( -1.000000000000000000, 0.000000000000000000, -2.128853140844177604E-16 ) ) ;
#3778 = DIRECTION ( 'NONE',  ( 0.000000000000000000, 0.000000000000000000, 1.000000000000000000 ) ) ;
#3779 = CARTESIAN_POINT ( 'NONE',  ( 0.8592893218813457690, 0.2999999999999999334, 0.7300000000000000933 ) ) ;
#3780 = DIRECTION ( 'NONE',  ( -0.7071067811865457964, 0.000000000000000000, 0.7071067811865492381 ) ) ;
#3781 = ADVANCED_FACE ( 'NONE', ( #292 ), #899, .T. ) ;
#3782 = DIRECTION ( 'NONE',  ( -0.7071067811865493491, 0.000000000000000000, -0.7071067811865456854 ) ) ;
#3783 = CARTESIAN_POINT ( 'NONE',  ( -0.9200000000000003730, 0.7500000000000000000, -0.4699999999999999734 ) ) ;
#3784 = ORIENTED_EDGE ( 'NONE', *, *, #1493, .F. ) ;
#3785 = FACE_OUTER_BOUND ( 'NONE', #819, .T. ) ;
#3786 = CARTESIAN_POINT ( 'NONE',  ( -0.6700000000000004841, 0.7900000000000000355, 0.4699999999999999178 ) ) ;
#3787 = AXIS2_PLACEMENT_3D ( 'NONE', #41, #979, #4106 ) ;
#3788 = AXIS2_PLACEMENT_3D ( 'NONE', #1970, #1700, #2973 ) ;
#3789 = DIRECTION ( 'NONE',  ( -0.000000000000000000, -0.000000000000000000, 1.000000000000000000 ) ) ;
#3790 = CARTESIAN_POINT ( 'NONE',  ( -0.9300000000000000488, 0.000000000000000000, 0.6592893218813449252 ) ) ;
#3791 = EDGE_CURVE ( 'NONE', #2537, #1145, #2867, .T. ) ;
#3792 = DIRECTION ( 'NONE',  ( -1.000000000000000000, 0.000000000000000000, -2.128853140844177604E-16 ) ) ;
#3793 = VECTOR ( 'NONE', #1149, 1000.000000000000000 ) ;
#3794 = ORIENTED_EDGE ( 'NONE', *, *, #1001, .T. ) ;
#3795 = ORIENTED_EDGE ( 'NONE', *, *, #3180, .F. ) ;
#3796 = DIRECTION ( 'NONE',  ( 0.000000000000000000, 0.000000000000000000, -1.000000000000000000 ) ) ;
#3797 = CARTESIAN_POINT ( 'NONE',  ( -0.9300000000000000488, 0.2999999999999999334, 0.2500000000000000000 ) ) ;
#3798 = ORIENTED_EDGE ( 'NONE', *, *, #1619, .T. ) ;
#3799 = VERTEX_POINT ( 'NONE', #2573 ) ;
#3800 = DIRECTION ( 'NONE',  ( -1.000000000000000000, 0.000000000000000000, 2.128853140844177604E-16 ) ) ;
#3801 = DIRECTION ( 'NONE',  ( 0.000000000000000000, 0.000000000000000000, -1.000000000000000000 ) ) ;
#3802 = CARTESIAN_POINT ( 'NONE',  ( -0.6700000000000003730, 0.8000000000000000444, 0.4699999999999999178 ) ) ;
#3803 = EDGE_CURVE ( 'NONE', #134, #3580, #1592, .T. ) ;
#3804 = PLANE ( 'NONE',  #317 ) ;
#3805 = CARTESIAN_POINT ( 'NONE',  ( -0.1697213595499958150, 0.5999999999999999778, -0.7600000000000000089 ) ) ;
#3806 = ORIENTED_EDGE ( 'NONE', *, *, #2840, .T. ) ;
#3807 = DIRECTION ( 'NONE',  ( 0.000000000000000000, 0.000000000000000000, 1.000000000000000000 ) ) ;
#3808 = PLANE ( 'NONE',  #2586 ) ;
#3809 = CARTESIAN_POINT ( 'NONE',  ( 0.6700000000000000400, 0.7500000000000000000, -0.7199999999999999734 ) ) ;
#3810 = PLANE ( 'NONE',  #2492 ) ;
#3811 = DIRECTION ( 'NONE',  ( 0.000000000000000000, 1.000000000000000000, 0.000000000000000000 ) ) ;
#3812 = ORIENTED_EDGE ( 'NONE', *, *, #302, .T. ) ;
#3813 = ORIENTED_EDGE ( 'NONE', *, *, #792, .F. ) ;
#3814 = LINE ( 'NONE', #2234, #3486 ) ;
#3815 = VERTEX_POINT ( 'NONE', #3805 ) ;
#3816 = VERTEX_POINT ( 'NONE', #3447 ) ;
#3817 = ADVANCED_FACE ( 'NONE', ( #1231 ), #581, .F. ) ;
#3818 = CARTESIAN_POINT ( 'NONE',  ( -0.3499999999999999223, 0.000000000000000000, 0.7299999999999999822 ) ) ;
#3819 = DIRECTION ( 'NONE',  ( -0.000000000000000000, 0.000000000000000000, -1.000000000000000000 ) ) ;
#3820 = EDGE_LOOP ( 'NONE', ( #2603, #3979, #1450, #1271, #694 ) ) ;
#3821 = PRESENTATION_STYLE_ASSIGNMENT (( #328 ) ) ;
#3822 = VECTOR ( 'NONE', #3741, 1000.000000000000000 ) ;
#3823 = CARTESIAN_POINT ( 'NONE',  ( 0.1649890257362365276, 0.6031178577079725489, 0.7547090899501067707 ) ) ;
#3824 =( NAMED_UNIT ( * ) SI_UNIT ( $, .STERADIAN. ) SOLID_ANGLE_UNIT ( ) );
#3825 = AXIS2_PLACEMENT_3D ( 'NONE', #1237, #1363, #452 ) ;
#3826 = CYLINDRICAL_SURFACE ( 'NONE', #1731, 0.05999999999999994227 ) ;
#3827 = VECTOR ( 'NONE', #3326, 1000.000000000000000 ) ;
#3828 = ORIENTED_EDGE ( 'NONE', *, *, #1395, .T. ) ;
#3829 = EDGE_CURVE ( 'NONE', #2751, #2797, #2222, .T. ) ;
#3830 = CARTESIAN_POINT ( 'NONE',  ( -1.000000000000000000, 0.000000000000000000, -0.7999999999999999334 ) ) ;
#3831 = TOROIDAL_SURFACE ( 'NONE', #3104, 0.3312500000000008216, 0.08125000000000057176 ) ;
#3832 = FACE_OUTER_BOUND ( 'NONE', #1817, .T. ) ;
#3833 = CARTESIAN_POINT ( 'NONE',  ( 1.001250000000000862, 0.6700000000000001510, -0.4699999999999999178 ) ) ;
#3834 = DIRECTION ( 'NONE',  ( -0.000000000000000000, -1.000000000000000000, -0.000000000000000000 ) ) ;
#3835 = ADVANCED_FACE ( 'NONE', ( #1910 ), #3826, .T. ) ;
#3836 = VERTEX_POINT ( 'NONE', #1932 ) ;
#3837 = ADVANCED_FACE ( 'NONE', ( #15 ), #1319, .T. ) ;
#3838 = VERTEX_POINT ( 'NONE', #39 ) ;
#3839 = LINE ( 'NONE', #3238, #350 ) ;
#3840 = VECTOR ( 'NONE', #1118, 1000.000000000000000 ) ;
#3841 = EDGE_CURVE ( 'NONE', #368, #3836, #2251, .T. ) ;
#3842 = VECTOR ( 'NONE', #1601, 1000.000000000000000 ) ;
#3843 = EDGE_CURVE ( 'NONE', #1344, #4085, #331, .T. ) ;
#3844 = ORIENTED_EDGE ( 'NONE', *, *, #1035, .F. ) ;
#3845 = ORIENTED_EDGE ( 'NONE', *, *, #2681, .F. ) ;
#3846 = CARTESIAN_POINT ( 'NONE',  ( 0.1697213595499958150, 0.5999999999999999778, -0.7600000000000000089 ) ) ;
#3847 = FACE_OUTER_BOUND ( 'NONE', #381, .T. ) ;
#3848 = CARTESIAN_POINT ( 'NONE',  ( -0.6700000000000004841, 0.6700000000000001510, 0.8012500000000005729 ) ) ;
#3849 = ORIENTED_EDGE ( 'NONE', *, *, #1704, .T. ) ;
#3850 = EDGE_CURVE ( 'NONE', #2997, #2891, #3592, .T. ) ;
#3851 = CARTESIAN_POINT ( 'NONE',  ( 0.6700000000000000400, 0.7025000000000000133, 0.4699999999999999178 ) ) ;
#3852 = CARTESIAN_POINT ( 'NONE',  ( -0.1361812509745528310, 0.6156584162717904096, 0.7408098525794798439 ) ) ;
#3853 = CARTESIAN_POINT ( 'NONE',  ( 0.9741180954897480371, 1.114998880451715912, -0.7034074173710930244 ) ) ;
#3854 = DIRECTION ( 'NONE',  ( 2.258754526011467735E-16, -0.000000000000000000, -1.000000000000000000 ) ) ;
#3855 = DIRECTION ( 'NONE',  ( -0.000000000000000000, 1.000000000000000000, -0.000000000000000000 ) ) ;
#3856 = CARTESIAN_POINT ( 'NONE',  ( -0.6700000000000003730, 0.7500000000000000000, 0.7199999999999999734 ) ) ;
#3857 = VERTEX_POINT ( 'NONE', #4121 ) ;
#3858 = AXIS2_PLACEMENT_3D ( 'NONE', #1437, #559, #3057 ) ;
#3859 = ORIENTED_EDGE ( 'NONE', *, *, #311, .T. ) ;
#3860 = CARTESIAN_POINT ( 'NONE',  ( -0.9200000000000003730, 0.7025000000000000133, -0.4699999999999999734 ) ) ;
#3861 = AXIS2_PLACEMENT_3D ( 'NONE', #117, #1756, #3926 ) ;
#3862 =( GEOMETRIC_REPRESENTATION_CONTEXT ( 3 ) GLOBAL_UNCERTAINTY_ASSIGNED_CONTEXT ( ( #2930 ) ) GLOBAL_UNIT_ASSIGNED_CONTEXT ( ( #3410, #806, #183 ) ) REPRESENTATION_CONTEXT ( 'NONE', 'WORKASPACE' ) );
#3863 = EDGE_LOOP ( 'NONE', ( #1791, #1152, #2295, #1941, #1575, #1067, #2044 ) ) ;
#3864 = EDGE_LOOP ( 'NONE', ( #2805, #3448, #25 ) ) ;
#3865 = CARTESIAN_POINT ( 'NONE',  ( 1.000000000000000000, 0.5949999999999999734, 0.000000000000000000 ) ) ;
#3866 = DIRECTION ( 'NONE',  ( 0.000000000000000000, -1.000000000000000000, 0.000000000000000000 ) ) ;
#3867 = EDGE_LOOP ( 'NONE', ( #1593, #3562, #2479, #2297 ) ) ;
#3868 = VECTOR ( 'NONE', #1889, 1000.000000000000000 ) ;
#3869 = LINE ( 'NONE', #2995, #4062 ) ;
#3870 = CARTESIAN_POINT ( 'NONE',  ( -0.1555159421336127501, 0.6083390545010590733, 0.7483397902085366926 ) ) ;
#3871 = CARTESIAN_POINT ( 'NONE',  ( -0.6700000000000004841, 0.7500000000000006661, -0.7199999999999999734 ) ) ;
#3872 = ORIENTED_EDGE ( 'NONE', *, *, #1742, .T. ) ;
#3873 = CARTESIAN_POINT ( 'NONE',  ( 0.3499999999999999223, 1.114998880451715912, -0.7299999999999999822 ) ) ;
#3874 = FACE_OUTER_BOUND ( 'NONE', #3971, .T. ) ;
#3875 = ORIENTED_EDGE ( 'NONE', *, *, #1727, .T. ) ;
#3876 = ORIENTED_EDGE ( 'NONE', *, *, #1267, .T. ) ;
#3877 = VECTOR ( 'NONE', #1112, 1000.000000000000000 ) ;
#3878 = DIRECTION ( 'NONE',  ( 0.000000000000000000, 0.000000000000000000, 1.000000000000000000 ) ) ;
#3879 = ORIENTED_EDGE ( 'NONE', *, *, #947, .F. ) ;
#3880 = DIRECTION ( 'NONE',  ( 1.000000000000000000, 0.000000000000000000, -0.000000000000000000 ) ) ;
#3881 = ORIENTED_EDGE ( 'NONE', *, *, #3286, .T. ) ;
#3882 = ADVANCED_FACE ( 'NONE', ( #1293 ), #2267, .F. ) ;
#3883 = EDGE_CURVE ( 'NONE', #1697, #40, #1270, .T. ) ;
#3884 = DIRECTION ( 'NONE',  ( -1.000000000000000000, 0.000000000000000000, 0.000000000000000000 ) ) ;
#3885 = CARTESIAN_POINT ( 'NONE',  ( -0.1250000000000000000, 0.8000000000000008216, 0.7399999999999999911 ) ) ;
#3886 = PLANE ( 'NONE',  #541 ) ;
#3887 = VERTEX_POINT ( 'NONE', #3203 ) ;
#3888 = FACE_OUTER_BOUND ( 'NONE', #2327, .T. ) ;
#3889 = VECTOR ( 'NONE', #1701, 1000.000000000000000 ) ;
#3890 = VERTEX_POINT ( 'NONE', #594 ) ;
#3891 = EDGE_CURVE ( 'NONE', #3981, #1384, #954, .T. ) ;
#3892 = CARTESIAN_POINT ( 'NONE',  ( 0.9300000000000000488, 0.2999999999999999889, -0.2500000000000000000 ) ) ;
#3893 = AXIS2_PLACEMENT_3D ( 'NONE', #2158, #3413, #2468 ) ;
#3894 = CARTESIAN_POINT ( 'NONE',  ( -0.6700000000000003730, 0.6700000000000001510, -0.4699999999999999178 ) ) ;
#3895 = CARTESIAN_POINT ( 'NONE',  ( -0.9300000000000000488, 0.000000000000000000, 0.2500000000000000000 ) ) ;
#3896 = VECTOR ( 'NONE', #262, 1000.000000000000000 ) ;
#3897 = ADVANCED_FACE ( 'NONE', ( #1614 ), #1951, .T. ) ;
#3898 = ORIENTED_EDGE ( 'NONE', *, *, #3232, .F. ) ;
#3899 = ORIENTED_EDGE ( 'NONE', *, *, #2798, .T. ) ;
#3900 = EDGE_LOOP ( 'NONE', ( #1980, #2421, #305, #259 ) ) ;
#3901 = VECTOR ( 'NONE', #3800, 1000.000000000000000 ) ;
#3902 = DIRECTION ( 'NONE',  ( -1.000000000000000000, 0.000000000000000000, 0.000000000000000000 ) ) ;
#3903 = ORIENTED_EDGE ( 'NONE', *, *, #2975, .T. ) ;
#3904 = VECTOR ( 'NONE', #3327, 1000.000000000000000 ) ;
#3905 = DIRECTION ( 'NONE',  ( 0.000000000000000000, 1.000000000000000000, -0.000000000000000000 ) ) ;
#3906 = DIRECTION ( 'NONE',  ( -0.000000000000000000, -1.000000000000000000, -0.000000000000000000 ) ) ;
#3907 = DIRECTION ( 'NONE',  ( -1.000000000000000000, 0.000000000000000000, 0.000000000000000000 ) ) ;
#3908 = ORIENTED_EDGE ( 'NONE', *, *, #2054, .T. ) ;
#3909 = CARTESIAN_POINT ( 'NONE',  ( 0.3499999999999999223, 0.2999999999999999334, -0.7299999999999999822 ) ) ;
#3910 = DIRECTION ( 'NONE',  ( 0.000000000000000000, 0.000000000000000000, 1.000000000000000000 ) ) ;
#3911 = CARTESIAN_POINT ( 'NONE',  ( 1.000000000000000000, 1.114998880451715912, 0.7999999999999999334 ) ) ;
#3912 = LINE ( 'NONE', #150, #578 ) ;
#3913 = EDGE_CURVE ( 'NONE', #4002, #3365, #1411, .T. ) ;
#3914 = DIRECTION ( 'NONE',  ( 0.000000000000000000, 1.000000000000000000, -0.000000000000000000 ) ) ;
#3915 = DIRECTION ( 'NONE',  ( 0.000000000000000000, 1.000000000000000000, -0.000000000000000000 ) ) ;
#3916 = VERTEX_POINT ( 'NONE', #1682 ) ;
#3917 = DIRECTION ( 'NONE',  ( 0.000000000000000000, 0.000000000000000000, 1.000000000000000000 ) ) ;
#3918 = ORIENTED_EDGE ( 'NONE', *, *, #3883, .T. ) ;
#3919 = ORIENTED_EDGE ( 'NONE', *, *, #1042, .T. ) ;
#3920 = VECTOR ( 'NONE', #4124, 1000.000000000000000 ) ;
#3921 = CIRCLE ( 'NONE', #641, 0.2500000000000001110 ) ;
#3922 = CARTESIAN_POINT ( 'NONE',  ( 0.9741180954897480371, 0.2999999999999999334, -0.7034074173710930244 ) ) ;
#3923 = CARTESIAN_POINT ( 'NONE',  ( -1.000000000000000000, 0.000000000000000000, 0.8000000000000001554 ) ) ;
#3924 = PLANE ( 'NONE',  #3041 ) ;
#3925 = VERTEX_POINT ( 'NONE', #1660 ) ;
#3926 = DIRECTION ( 'NONE',  ( 0.000000000000000000, 0.000000000000000000, 1.000000000000000000 ) ) ;
#3927 = CYLINDRICAL_SURFACE ( 'NONE', #1786, 0.05999999999999994227 ) ;
#3928 = CARTESIAN_POINT ( 'NONE',  ( 0.9300000000000000488, 0.2999999999999999889, -0.2500000000000000000 ) ) ;
#3929 =( GEOMETRIC_REPRESENTATION_CONTEXT ( 3 ) GLOBAL_UNCERTAINTY_ASSIGNED_CONTEXT ( ( #35 ) ) GLOBAL_UNIT_ASSIGNED_CONTEXT ( ( #632, #1886, #894 ) ) REPRESENTATION_CONTEXT ( 'NONE', 'WORKASPACE' ) );
#3930 = DIRECTION ( 'NONE',  ( 0.7071067811865456854, 0.000000000000000000, 0.7071067811865493491 ) ) ;
#3931 = DIRECTION ( 'NONE',  ( -2.258754526011467735E-16, -0.000000000000000000, 1.000000000000000000 ) ) ;
#3932 = CARTESIAN_POINT ( 'NONE',  ( 0.1250000000000000000, 0.8000000000000008216, -0.7999999999999999334 ) ) ;
#3933 = DIRECTION ( 'NONE',  ( -0.000000000000000000, 1.000000000000000000, -0.000000000000000000 ) ) ;
#3934 = CARTESIAN_POINT ( 'NONE',  ( 0.000000000000000000, 0.8000000000000000444, 0.000000000000000000 ) ) ;
#3935 = DIRECTION ( 'NONE',  ( -0.000000000000000000, -1.000000000000000000, -0.000000000000000000 ) ) ;
#3936 = VECTOR ( 'NONE', #1380, 1000.000000000000000 ) ;
#3937 = ORIENTED_EDGE ( 'NONE', *, *, #663, .T. ) ;
#3938 = ORIENTED_EDGE ( 'NONE', *, *, #3193, .F. ) ;
#3939 = DIRECTION ( 'NONE',  ( 0.000000000000000000, 0.000000000000000000, 1.000000000000000000 ) ) ;
#3940 = VERTEX_POINT ( 'NONE', #120 ) ;
#3941 = VERTEX_POINT ( 'NONE', #1031 ) ;
#3942 = EDGE_CURVE ( 'NONE', #2563, #1795, #2676, .T. ) ;
#3943 = DIRECTION ( 'NONE',  ( 0.000000000000000000, 0.000000000000000000, -1.000000000000000000 ) ) ;
#3944 = LINE ( 'NONE', #1719, #3724 ) ;
#3945 = CARTESIAN_POINT ( 'NONE',  ( 0.6700000000000000400, 0.6700000000000001510, 0.8012500000000005729 ) ) ;
#3946 = AXIS2_PLACEMENT_3D ( 'NONE', #4039, #1477, #3122 ) ;
#3947 = CARTESIAN_POINT ( 'NONE',  ( 0.9034074173710933131, 0.2999999999999999889, -0.7741180954897475264 ) ) ;
#3948 = DIRECTION ( 'NONE',  ( 0.000000000000000000, -1.000000000000000000, 0.000000000000000000 ) ) ;
#3949 = CARTESIAN_POINT ( 'NONE',  ( -0.1849999999999999423, 0.5999999999999999778, 0.8000000000000001554 ) ) ;
#3950 = EDGE_CURVE ( 'NONE', #2131, #343, #2282, .T. ) ;
#3951 = DIRECTION ( 'NONE',  ( -0.000000000000000000, 1.000000000000000000, 0.000000000000000000 ) ) ;
#3952 = EDGE_CURVE ( 'NONE', #1012, #1405, #1076, .T. ) ;
#3953 = CARTESIAN_POINT ( 'NONE',  ( -0.9300000000000000488, 0.2999999999999999889, -0.6592893218813449252 ) ) ;
#3954 = AXIS2_PLACEMENT_3D ( 'NONE', #451, #3417, #539 ) ;
#3955 = VERTEX_POINT ( 'NONE', #3871 ) ;
#3956 = CIRCLE ( 'NONE', #2569, 0.2900000000000000910 ) ;
#3957 = EDGE_LOOP ( 'NONE', ( #3322, #571, #274, #1730 ) ) ;
#3958 = ADVANCED_FACE ( 'NONE', ( #3888 ), #1337, .T. ) ;
#3959 = DIRECTION ( 'NONE',  ( -0.7071067811865456854, 0.000000000000000000, -0.7071067811865493491 ) ) ;
#3960 = CYLINDRICAL_SURFACE ( 'NONE', #2114, 0.05999999999999994227 ) ;
#3961 = EDGE_LOOP ( 'NONE', ( #1191, #2377, #542, #651 ) ) ;
#3962 = EDGE_CURVE ( 'NONE', #2527, #333, #2059, .T. ) ;
#3963 = ORIENTED_EDGE ( 'NONE', *, *, #1679, .T. ) ;
#3964 = VECTOR ( 'NONE', #2106, 1000.000000000000000 ) ;
#3965 = DIRECTION ( 'NONE',  ( 0.000000000000000000, 0.000000000000000000, -1.000000000000000000 ) ) ;
#3966 = LINE ( 'NONE', #1099, #1117 ) ;
#3967 = FACE_OUTER_BOUND ( 'NONE', #925, .T. ) ;
#3968 = CIRCLE ( 'NONE', #2175, 0.08125000000000059952 ) ;
#3969 = VECTOR ( 'NONE', #802, 1000.000000000000000 ) ;
#3970 = DIRECTION ( 'NONE',  ( 8.091060988697789482E-17, 0.000000000000000000, 1.000000000000000000 ) ) ;
#3971 = EDGE_LOOP ( 'NONE', ( #2584, #2983, #352, #616 ) ) ;
#3972 = MECHANICAL_DESIGN_GEOMETRIC_PRESENTATION_REPRESENTATION (  '', ( #756 ), #2043 ) ;
#3973 = DIRECTION ( 'NONE',  ( -1.000000000000000000, 0.000000000000000000, -0.000000000000000000 ) ) ;
#3974 = CARTESIAN_POINT ( 'NONE',  ( 0.000000000000000000, 0.5949999999999999734, -0.7999999999999999334 ) ) ;
#3975 = CARTESIAN_POINT ( 'NONE',  ( -0.6700000000000004841, 3.936493098641637545, -0.7199999999999999734 ) ) ;
#3976 = CARTESIAN_POINT ( 'NONE',  ( -1.000000000000000000, 0.2999999999999999889, 0.7999999999999999334 ) ) ;
#3977 = CARTESIAN_POINT ( 'NONE',  ( 0.1250000000000000000, 0.8000000000000008216, -0.7399999999999999911 ) ) ;
#3978 = DIRECTION ( 'NONE',  ( 0.000000000000000000, 0.000000000000000000, 1.000000000000000000 ) ) ;
#3979 = ORIENTED_EDGE ( 'NONE', *, *, #2058, .F. ) ;
#3980 = VERTEX_POINT ( 'NONE', #1014 ) ;
#3981 = VERTEX_POINT ( 'NONE', #104 ) ;
#3982 = DIRECTION ( 'NONE',  ( 1.000000000000000000, 0.000000000000000000, 0.000000000000000000 ) ) ;
#3983 = DIRECTION ( 'NONE',  ( 1.000000000000000000, -0.000000000000000000, 2.128853140844177604E-16 ) ) ;
#3984 = ORIENTED_EDGE ( 'NONE', *, *, #978, .T. ) ;
#3985 = ORIENTED_EDGE ( 'NONE', *, *, #1179, .F. ) ;
#3986 = CARTESIAN_POINT ( 'NONE',  ( 0.3499999999999999223, 0.2999999999999999334, -0.7299999999999999822 ) ) ;
#3987 = VECTOR ( 'NONE', #455, 1000.000000000000000 ) ;
#3988 = VECTOR ( 'NONE', #3037, 1000.000000000000000 ) ;
#3989 = EDGE_CURVE ( 'NONE', #3156, #3887, #370, .T. ) ;
#3990 = AXIS2_PLACEMENT_3D ( 'NONE', #805, #2091, #850 ) ;
#3991 = VECTOR ( 'NONE', #3760, 1000.000000000000000 ) ;
#3992 = CARTESIAN_POINT ( 'NONE',  ( -0.1656152004263889699, 0.6027053078623652027, 0.7554091745365921762 ) ) ;
#3993 = CARTESIAN_POINT ( 'NONE',  ( -0.9741180954897480371, 1.114998880451715912, -0.7034074173710930244 ) ) ;
#3994 = VERTEX_POINT ( 'NONE', #1972 ) ;
#3995 = CARTESIAN_POINT ( 'NONE',  ( 1.000000000000000000, 0.2999999999999999889, -0.7999999999999999334 ) ) ;
#3996 = CIRCLE ( 'NONE', #3065, 0.2500000000000000000 ) ;
#3997 = CARTESIAN_POINT ( 'NONE',  ( 0.9200000000000000400, 0.7500000000000000000, 0.4699999999999999178 ) ) ;
#3998 = DIRECTION ( 'NONE',  ( 0.000000000000000000, 0.000000000000000000, -1.000000000000000000 ) ) ;
#3999 = EDGE_CURVE ( 'NONE', #2459, #2087, #3567, .T. ) ;
#4000 = CARTESIAN_POINT ( 'NONE',  ( -1.001250000000001084, 0.6700000000000001510, 0.000000000000000000 ) ) ;
#4001 = EDGE_LOOP ( 'NONE', ( #2950, #2792, #1399, #214 ) ) ;
#4002 = VERTEX_POINT ( 'NONE', #2319 ) ;
#4003 = VERTEX_POINT ( 'NONE', #2302 ) ;
#4004 = CARTESIAN_POINT ( 'NONE',  ( -0.9741180954897480371, 0.2999999999999999889, 0.7034074173710930244 ) ) ;
#4005 = STYLED_ITEM ( 'NONE', ( #1828 ), #115 ) ;
#4006 =( LENGTH_UNIT ( ) NAMED_UNIT ( * ) SI_UNIT ( .MILLI., .METRE. ) );
#4007 = ORIENTED_EDGE ( 'NONE', *, *, #3162, .F. ) ;
#4008 = ORIENTED_EDGE ( 'NONE', *, *, #311, .F. ) ;
#4009 = LINE ( 'NONE', #3648, #1116 ) ;
#4010 = EDGE_CURVE ( 'NONE', #2558, #1499, #3546, .T. ) ;
#4011 = DIRECTION ( 'NONE',  ( -1.936075308009829417E-16, 0.000000000000000000, -1.000000000000000000 ) ) ;
#4012 = CARTESIAN_POINT ( 'NONE',  ( 0.1250000000000000000, 0.6166146087398435283, -0.7399999999999999911 ) ) ;
#4013 = CYLINDRICAL_SURFACE ( 'NONE', #3754, 0.05999999999999994227 ) ;
#4014 = FACE_OUTER_BOUND ( 'NONE', #1394, .T. ) ;
#4015 = ORIENTED_EDGE ( 'NONE', *, *, #1544, .F. ) ;
#4016 = EDGE_CURVE ( 'NONE', #2685, #304, #405, .T. ) ;
#4017 = CARTESIAN_POINT ( 'NONE',  ( 0.9034074173710933131, 0.2999999999999999334, 0.7741180954897475264 ) ) ;
#4018 = LINE ( 'NONE', #1155, #2260 ) ;
#4019 = CARTESIAN_POINT ( 'NONE',  ( -1.001250000000001084, 0.6700000000000001510, 0.4699999999999999178 ) ) ;
#4020 = DIRECTION ( 'NONE',  ( 0.000000000000000000, 0.000000000000000000, 1.000000000000000000 ) ) ;
#4021 = ADVANCED_FACE ( 'NONE', ( #3315 ), #3332, .F. ) ;
#4022 = DIRECTION ( 'NONE',  ( -1.000000000000000000, 0.000000000000000000, -0.000000000000000000 ) ) ;
#4023 = AXIS2_PLACEMENT_3D ( 'NONE', #3165, #4102, #4065 ) ;
#4024 = DIRECTION ( 'NONE',  ( 0.000000000000000000, 0.000000000000000000, 1.000000000000000000 ) ) ;
#4025 = LINE ( 'NONE', #3683, #458 ) ;
#4026 = VERTEX_POINT ( 'NONE', #1721 ) ;
#4027 = AXIS2_PLACEMENT_3D ( 'NONE', #34, #326, #1313 ) ;
#4028 = ORIENTED_EDGE ( 'NONE', *, *, #78, .T. ) ;
#4029 = EDGE_LOOP ( 'NONE', ( #3454, #413, #709, #3085 ) ) ;
#4030 = EDGE_CURVE ( 'NONE', #2815, #2137, #81, .T. ) ;
#4031 = LINE ( 'NONE', #3380, #3247 ) ;
#4032 = VECTOR ( 'NONE', #1810, 1000.000000000000000 ) ;
#4033 = PRODUCT ( 'TX21-33015S-24.576-R', 'TX21-33015S-24.576-R', '', ( #1855 ) ) ;
#4034 = ORIENTED_EDGE ( 'NONE', *, *, #2018, .F. ) ;
#4035 = CARTESIAN_POINT ( 'NONE',  ( -0.9034074173710933131, 0.2999999999999999889, -0.7741180954897475264 ) ) ;
#4036 = LINE ( 'NONE', #1170, #980 ) ;
#4037 = VECTOR ( 'NONE', #1955, 1000.000000000000114 ) ;
#4038 = CARTESIAN_POINT ( 'NONE',  ( 0.6700000000000000400, 0.6699999999999999289, 0.7199999999999999734 ) ) ;
#4039 = CARTESIAN_POINT ( 'NONE',  ( 0.1250000000000000000, 0.5999999999999999778, 0.7999999999999999334 ) ) ;
#4040 = CARTESIAN_POINT ( 'NONE',  ( -0.6700000000000003730, 0.7499999999999997780, -0.4699999999999999178 ) ) ;
#4041 = AXIS2_PLACEMENT_3D ( 'NONE', #615, #636, #2884 ) ;
#4042 = FACE_OUTER_BOUND ( 'NONE', #2750, .T. ) ;
#4043 = DIRECTION ( 'NONE',  ( 1.000000000000000000, 0.000000000000000000, -2.128853140844177604E-16 ) ) ;
#4044 = CARTESIAN_POINT ( 'NONE',  ( -0.5500000000000000444, 1.114998880451715912, 0.2500000000000000000 ) ) ;
#4045 = PLANE ( 'NONE',  #1227 ) ;
#4046 = AXIS2_PLACEMENT_3D ( 'NONE', #2640, #3915, #1043 ) ;
#4047 = DIRECTION ( 'NONE',  ( -0.000000000000000000, -1.000000000000000000, -0.000000000000000000 ) ) ;
#4048 = CARTESIAN_POINT ( 'NONE',  ( -0.1250000000000000000, 0.8000000000000008216, 0.7399999999999999911 ) ) ;
#4049 = ORIENTED_EDGE ( 'NONE', *, *, #2048, .T. ) ;
#4050 = VERTEX_POINT ( 'NONE', #3593 ) ;
#4051 = EDGE_CURVE ( 'NONE', #1602, #3559, #1124, .T. ) ;
#4052 = CARTESIAN_POINT ( 'NONE',  ( -0.9741180954897480371, 0.2999999999999999889, 0.7034074173710930244 ) ) ;
#4053 = LINE ( 'NONE', #298, #2894 ) ;
#4054 = SURFACE_SIDE_STYLE ('',( #1144 ) ) ;
#4055 = ORIENTED_EDGE ( 'NONE', *, *, #2932, .T. ) ;
#4056 = ORIENTED_EDGE ( 'NONE', *, *, #2982, .T. ) ;
#4057 = CARTESIAN_POINT ( 'NONE',  ( 0.9034074173710933131, 0.2999999999999999889, -0.7741180954897475264 ) ) ;
#4058 = FILL_AREA_STYLE ('',( #3545 ) ) ;
#4059 = DIRECTION ( 'NONE',  ( 0.000000000000000000, 0.000000000000000000, -1.000000000000000000 ) ) ;
#4060 = LINE ( 'NONE', #3993, #447 ) ;
#4061 = CIRCLE ( 'NONE', #1038, 0.05999999999999994227 ) ;
#4062 = VECTOR ( 'NONE', #2614, 1000.000000000000000 ) ;
#4063 = CARTESIAN_POINT ( 'NONE',  ( 0.9200000000000000400, 0.7500000000000006661, 0.4699999999999999178 ) ) ;
#4064 = PLANE ( 'NONE',  #749 ) ;
#4065 = DIRECTION ( 'NONE',  ( -0.7071067811865456854, 0.000000000000000000, -0.7071067811865493491 ) ) ;
#4066 = EDGE_CURVE ( 'NONE', #3815, #1603, #3563, .T. ) ;
#4067 = EDGE_LOOP ( 'NONE', ( #3657, #3344, #2856, #4034 ) ) ;
#4068 = DIRECTION ( 'NONE',  ( 2.258754526011467735E-16, 0.000000000000000000, -1.000000000000000000 ) ) ;
#4069 = DIRECTION ( 'NONE',  ( 0.000000000000000000, 0.000000000000000000, 1.000000000000000000 ) ) ;
#4070 = FACE_OUTER_BOUND ( 'NONE', #990, .T. ) ;
#4071 = ORIENTED_EDGE ( 'NONE', *, *, #3093, .F. ) ;
#4072 = VECTOR ( 'NONE', #3467, 1000.000000000000000 ) ;
#4073 = DIRECTION ( 'NONE',  ( -0.000000000000000000, -1.000000000000000000, -0.000000000000000000 ) ) ;
#4074 = LINE ( 'NONE', #2495, #3969 ) ;
#4075 = ORIENTED_EDGE ( 'NONE', *, *, #2230, .T. ) ;
#4076 = VERTEX_POINT ( 'NONE', #1802 ) ;
#4077 = CARTESIAN_POINT ( 'NONE',  ( -0.9300000000000000488, 0.000000000000000000, -0.2500000000000000000 ) ) ;
#4078 = LINE ( 'NONE', #514, #603 ) ;
#4079 = ADVANCED_FACE ( 'NONE', ( #4014 ), #1434, .F. ) ;
#4080 = EDGE_CURVE ( 'NONE', #1854, #3816, #1151, .T. ) ;
#4081 = VECTOR ( 'NONE', #3396, 1000.000000000000000 ) ;
#4082 = ADVANCED_FACE ( 'NONE', ( #3053 ), #808, .F. ) ;
#4083 = DIRECTION ( 'NONE',  ( -0.7071067811865483499, 0.000000000000000000, -0.7071067811865466846 ) ) ;
#4084 = CARTESIAN_POINT ( 'NONE',  ( -0.9300000000000000488, 0.000000000000000000, 0.6592893218813449252 ) ) ;
#4085 = VERTEX_POINT ( 'NONE', #2405 ) ;
#4086 = CARTESIAN_POINT ( 'NONE',  ( -0.9300000000000000488, 0.000000000000000000, -0.6592893218813449252 ) ) ;
#4087 = DIRECTION ( 'NONE',  ( -0.000000000000000000, -1.000000000000000000, -0.000000000000000000 ) ) ;
#4088 = ORIENTED_EDGE ( 'NONE', *, *, #3706, .F. ) ;
#4089 = ORIENTED_EDGE ( 'NONE', *, *, #2110, .T. ) ;
#4090 = EDGE_CURVE ( 'NONE', #3192, #82, #2467, .T. ) ;
#4091 = DIRECTION ( 'NONE',  ( -0.000000000000000000, -1.000000000000000000, -0.000000000000000000 ) ) ;
#4092 = AXIS2_PLACEMENT_3D ( 'NONE', #1759, #715, #2652 ) ;
#4093 = EDGE_LOOP ( 'NONE', ( #3985, #3188, #3506, #902 ) ) ;
#4094 = ORIENTED_EDGE ( 'NONE', *, *, #2338, .F. ) ;
#4095 = CARTESIAN_POINT ( 'NONE',  ( 0.3500000000000000333, 0.000000000000000000, 0.2500000000000000000 ) ) ;
#4096 = LINE ( 'NONE', #575, #2423 ) ;
#4097 = FILL_AREA_STYLE ('',( #4117 ) ) ;
#4098 = VECTOR ( 'NONE', #800, 1000.000000000000000 ) ;
#4099 = EDGE_CURVE ( 'NONE', #1670, #2624, #1457, .T. ) ;
#4100 = ADVANCED_FACE ( 'NONE', ( #2737 ), #1526, .T. ) ;
#4101 = DIRECTION ( 'NONE',  ( -1.000000000000000000, 0.000000000000000000, 0.000000000000000000 ) ) ;
#4102 = DIRECTION ( 'NONE',  ( 0.7071067811865493491, 0.000000000000000000, -0.7071067811865456854 ) ) ;
#4103 = CARTESIAN_POINT ( 'NONE',  ( -0.9300000000000000488, 1.114998880451715912, -0.2500000000000000000 ) ) ;
#4104 = DIRECTION ( 'NONE',  ( 1.000000000000000000, 0.000000000000000000, -2.168404344971007882E-16 ) ) ;
#4105 = VECTOR ( 'NONE', #1848, 1000.000000000000000 ) ;
#4106 = DIRECTION ( 'NONE',  ( 0.000000000000000000, 0.000000000000000000, 1.000000000000000000 ) ) ;
#4107 = CARTESIAN_POINT ( 'NONE',  ( -0.6700000000000004841, 0.7900000000000000355, 0.5299999999999999156 ) ) ;
#4108 = ORIENTED_EDGE ( 'NONE', *, *, #1103, .F. ) ;
#4109 = VERTEX_POINT ( 'NONE', #532 ) ;
#4110 = SURFACE_STYLE_FILL_AREA ( #3214 ) ;
#4111 = ORIENTED_EDGE ( 'NONE', *, *, #1032, .T. ) ;
#4112 = ORIENTED_EDGE ( 'NONE', *, *, #121, .T. ) ;
#4113 = CARTESIAN_POINT ( 'NONE',  ( -0.3499999999999999778, 1.114998880451715912, 0.4500000000000000111 ) ) ;
#4114 = DIRECTION ( 'NONE',  ( -0.000000000000000000, -1.000000000000000000, -0.000000000000000000 ) ) ;
#4115 = CYLINDRICAL_SURFACE ( 'NONE', #359, 0.1000000000000001582 ) ;
#4116 = CARTESIAN_POINT ( 'NONE',  ( 0.9741180954897480371, 0.2999999999999999889, -0.7034074173710930244 ) ) ;
#4117 = FILL_AREA_STYLE_COLOUR ( '', #649 ) ;
#4118 = EDGE_CURVE ( 'NONE', #1602, #2053, #4060, .T. ) ;
#4119 = DIRECTION ( 'NONE',  ( 1.936075308009829417E-16, 0.000000000000000000, 1.000000000000000000 ) ) ;
#4120 = FACE_OUTER_BOUND ( 'NONE', #2007, .T. ) ;
#4121 = CARTESIAN_POINT ( 'NONE',  ( 0.9741180954897480371, 0.000000000000000000, -0.7034074173710930244 ) ) ;
#4122 = ORIENTED_EDGE ( 'NONE', *, *, #254, .T. ) ;
#4123 = PRESENTATION_STYLE_ASSIGNMENT (( #1571 ) ) ;
#4124 = DIRECTION ( 'NONE',  ( -0.000000000000000000, -1.000000000000000000, -0.000000000000000000 ) ) ;
#4125 = AXIS2_PLACEMENT_3D ( 'NONE', #742, #144, #3317 ) ;
#4126 = VECTOR ( 'NONE', #763, 1000.000000000000000 ) ;
#4127 = CARTESIAN_POINT ( 'NONE',  ( 0.000000000000000000, 0.000000000000000000, 0.8000000000000001554 ) ) ;
#4128 = EDGE_CURVE ( 'NONE', #4003, #3955, #3996, .T. ) ;
#4129 = CARTESIAN_POINT ( 'NONE',  ( -0.9300000000000000488, 0.2999999999999999889, 0.2500000000000000000 ) ) ;
#4130 = VECTOR ( 'NONE', #2031, 1000.000000000000000 ) ;
#4131 = VECTOR ( 'NONE', #3671, 1000.000000000000000 ) ;
#4132 = ORIENTED_EDGE ( 'NONE', *, *, #3767, .F. ) ;
#4133 = ADVANCED_FACE ( 'NONE', ( #2448 ), #3722, .F. ) ;
#4134 = VERTEX_POINT ( 'NONE', #2780 ) ;
#4135 = AXIS2_PLACEMENT_3D ( 'NONE', #1374, #389, #3289 ) ;
#4136 = FACE_OUTER_BOUND ( 'NONE', #2458, .T. ) ;
#4137 = ORIENTED_EDGE ( 'NONE', *, *, #1180, .F. ) ;
#4138 = ORIENTED_EDGE ( 'NONE', *, *, #3398, .F. ) ;
#4139 = ORIENTED_EDGE ( 'NONE', *, *, #525, .F. ) ;
#4140 = CARTESIAN_POINT ( 'NONE',  ( 0.1697213595499958150, 0.5999999999999999778, -0.7600000000000000089 ) ) ;
#4141 = CARTESIAN_POINT ( 'NONE',  ( -0.6700000000000004841, 0.7025000000000000133, -0.7199999999999999734 ) ) ;
#4142 = DIRECTION ( 'NONE',  ( 0.000000000000000000, 1.000000000000000000, 0.000000000000000000 ) ) ;
#4143 = DIRECTION ( 'NONE',  ( -0.7071067811865483499, 0.000000000000000000, 0.7071067811865466846 ) ) ;
#4144 = ORIENTED_EDGE ( 'NONE', *, *, #666, .T. ) ;
#4145 = ADVANCED_FACE ( 'NONE', ( #1845 ), #3123, .T. ) ;
#4146 = EDGE_CURVE ( 'NONE', #2835, #2374, #3656, .T. ) ;
#4147 = LINE ( 'NONE', #1268, #1858 ) ;
#4148 = CARTESIAN_POINT ( 'NONE',  ( -0.6700000000000004841, 0.7900000000000000355, 0.4099999999999999756 ) ) ;
#4149 = CIRCLE ( 'NONE', #1261, 0.2500000000000000000 ) ;
#4150 = VERTEX_POINT ( 'NONE', #465 ) ;
#4151 = DIRECTION ( 'NONE',  ( 0.000000000000000000, 0.000000000000000000, 1.000000000000000000 ) ) ;
#4152 = DIRECTION ( 'NONE',  ( -0.000000000000000000, -1.000000000000000000, -0.000000000000000000 ) ) ;
#4153 = EDGE_CURVE ( 'NONE', #2815, #327, #1867, .T. ) ;
#4154 = FACE_OUTER_BOUND ( 'NONE', #2725, .T. ) ;
#4155 = EDGE_CURVE ( 'NONE', #3173, #362, #909, .T. ) ;
#4156 = DIRECTION ( 'NONE',  ( 0.000000000000000000, 1.000000000000000000, 0.000000000000000000 ) ) ;
ENDSEC;
END-ISO-10303-21;
